17465955493>u /Users/peario/.config/zsh/.zshrc:16> export XDG_CONFIG_HOME=/Users/peario/.config
17465955493>u /Users/peario/.config/zsh/.zshrc:17> export XDG_CACHE_HOME=/Users/peario/.cache
17465955493>u /Users/peario/.config/zsh/.zshrc:18> export XDG_DATA_HOME=/Users/peario/.local/share
17465955493>u /Users/peario/.config/zsh/.zshrc:19> export XDG_STATE_HOME=/Users/peario/.local/state
17465955493>u /Users/peario/.config/zsh/.zshrc:20> export HISTFILE=/Users/peario/.config/zsh/histfile
17465955493>u /Users/peario/.config/zsh/.zshrc:21> export HISTSIZE=5000
17465955493>u /Users/peario/.config/zsh/.zshrc:22> export SAVEHIST=3000
17465955493>u /Users/peario/.config/zsh/.zshrc:25> ZINIT_HOME=/Users/peario/.config/zsh/zinit 
17465955493>u /Users/peario/.config/zsh/.zshrc:26> [ ! -f /Users/peario/.config/zsh/zinit/zinit.zsh ']'
17465955493>u /Users/peario/.config/zsh/.zshrc:29> source /Users/peario/.config/zsh/zinit/zinit.zsh
17465955493>u /Users/peario/.config/zsh/zinit/zinit.zsh:13> typeset -gaH ZINIT_REGISTERED_PLUGINS ZINIT_TASKS ZINIT_RUN
17465955493>u /Users/peario/.config/zsh/zinit/zinit.zsh:14> typeset -ga zsh_loaded_plugins
17465955493>u /Users/peario/.config/zsh/zinit/zinit.zsh:15> ((  !0  ))
17465955493>u /Users/peario/.config/zsh/zinit/zinit.zsh:15> ZINIT_TASKS=( '<no-data>' ) 
17465955493>u /Users/peario/.config/zsh/zinit/zinit.zsh:17> typeset -gAH ZINIT ZINIT_SNIPPETS ZINIT_REPORTS ZINIT_ICES ZINIT_SICE ZINIT_CUR_BIND_MAP ZINIT_EXTS ZINIT_EXTS2
17465955493>u /Users/peario/.config/zsh/zinit/zinit.zsh:18> typeset -gaH ZINIT_COMPDEF_REPLAY
17465955493>u /Users/peario/.config/zsh/zinit/zinit.zsh:21> typeset -gAH ZPLGM
17465955493>u /Users/peario/.config/zsh/zinit/zinit.zsh:22> ZINIT=( ) 
17465955493>u /Users/peario/.config/zsh/zinit/zinit.zsh:23> unset ZPLGM
17465955493>u /Users/peario/.config/zsh/zinit/zinit.zsh:29> [[ ! -e /zinit.zsh ]]
17465955493>u /Users/peario/.config/zsh/zinit/zinit.zsh:29> ZINIT[BIN_DIR]='' 
17465955493>u /Users/peario/.config/zsh/zinit/zinit.zsh:32> ZINIT[ZERO]=/Users/peario/.config/zsh/zinit/zinit.zsh 
17465955493>u /Users/peario/.config/zsh/zinit/zinit.zsh:33> [[ ! -o functionargzero || off = on || /Users/peario/.config/zsh/zinit/zinit.zsh != */* ]]
17465955493>u /Users/peario/.config/zsh/zinit/zinit.zsh:35> : /Users/peario/.config/zsh/zinit
17465955493>u /Users/peario/.config/zsh/zinit/zinit.zsh:36> [[ /Users/peario/.config/zsh/zinit = \~* ]]
17465955493>u /Users/peario/.config/zsh/zinit/zinit.zsh:39> ZINIT[BIN_DIR]=/Users/peario/.config/zsh/zinit 
17465955493>u /Users/peario/.config/zsh/zinit/zinit.zsh:42> [[ ! -e /Users/peario/.config/zsh/zinit/zinit.zsh ]]
17465955493>u /Users/peario/.config/zsh/zinit/zinit.zsh:48> [[ -z '' ]]
17465955493>u /Users/peario/.config/zsh/zinit/zinit.zsh:50> [[ -d /Users/peario/.local/share/zinit ]]
17465955493>u /Users/peario/.config/zsh/zinit/zinit.zsh:51> ZINIT[HOME_DIR]=/Users/peario/.local/share/zinit 
17465955493>u /Users/peario/.config/zsh/zinit/zinit.zsh:65> [[ -z '' ]]
17465955493>u /Users/peario/.config/zsh/zinit/zinit.zsh:66> ((  1  ))
17465955493>u /Users/peario/.config/zsh/zinit/zinit.zsh:67> ZINIT[LIST_COMMAND]='eza --color=always --tree --icons -L3' 
17465955493>u /Users/peario/.config/zsh/zinit/zinit.zsh:77> ZINIT[ice-list]='\!bash|\!csh|\!ksh|\!sh|aliases|as|atclone|atdelete|atinit|atload|atpull|autoload|bash|binary|bindmap|blockf|bpick|build|cloneonly|cloneopts|cmake|compile|completions|configure|countdown|cp|csh|debug|depth|extract|from|git|has|id-as|if|install|is-snippet|ksh|light-mode|link|load|lucid|make|multisrc|mv|nocd|nocompile|nocompletions|notify|null|on-update-of|opts|pack|param|pick|proto|ps-on-unload|ps-on-update|pullopts|reset|reset-prompt|run-atpull|service|sh|silent|src|subscribe|subst|svn|teleid|trackbinds|trigger-load|unload|ver|verbose|wait|wrap' 
17465955493>u /Users/peario/.config/zsh/zinit/zinit.zsh:98> ZINIT[nval-ice-list]='\!bash|\!csh|\!ksh|\!sh|aliases|bash|binary|blockf|cloneonly|cloneopts|cmake|configure|countdown|csh|debug|git|is-snippet|ksh|light-mode|lucid|make|nocd|nocompile|nocompletions|notify|null|pullopts|reset|run-atpull|sh|silent|trackbinds|verbose' 
17465955493>u /Users/peario/.config/zsh/zinit/zinit.zsh:115> ZINIT[cmds]='add-fpath|bindkeys|cclear|cd|cdclear|cdisable|cdlist|cdreplay|cenable|changes|compile|compiled|compinit|completions|create|creinstall|csearch|cuninstall|delete|debug|edit|env-whitelist|fpath|glance|help|--help|-h|ice|light|load|man|module|plugins|recall|recently|report|run|self-update|snippet|snippets|srv|status|stress|times|uncompile|unload|update|version|zstatus' 
17465955493>u /Users/peario/.config/zsh/zinit/zinit.zsh:136> : /Users/peario/.local/share/zinit/completions
17465955493>u /Users/peario/.config/zsh/zinit/zinit.zsh:137> : /Users/peario/.local/share/zinit/module
17465955493>u /Users/peario/.config/zsh/zinit/zinit.zsh:138> : HEAD
17465955493>u /Users/peario/.config/zsh/zinit/zinit.zsh:139> : zdharma-continuum/zinit-packages
17465955493>u /Users/peario/.config/zsh/zinit/zinit.zsh:140> : /Users/peario/.local/share/zinit/plugins
17465955493>u /Users/peario/.config/zsh/zinit/zinit.zsh:141> : /Users/peario/.local/share/zinit/polaris
17465955493>u /Users/peario/.config/zsh/zinit/zinit.zsh:142> : /Users/peario/.local/share/zinit/services
17465955493>u /Users/peario/.config/zsh/zinit/zinit.zsh:143> : /Users/peario/.local/share/zinit/snippets
17465955493>u /Users/peario/.config/zsh/zinit/zinit.zsh:144> : /Users/peario/.local/share/zinit/polaris
17465955493>u /Users/peario/.config/zsh/zinit/zinit.zsh:145> typeset -g ZPFX
17465955493>u /Users/peario/.config/zsh/zinit/zinit.zsh:146> : /Users/peario/.local/share/zinit/polaris
17465955493>u /Users/peario/.config/zsh/zinit/zinit.zsh:147> : 1
17465955493>u /Users/peario/.config/zsh/zinit/zinit.zsh:148> : /Users/peario/.local/share/zinit/polaris/man
17465955493>u /Users/peario/.config/zsh/zinit/zinit.zsh:150> ZINIT[PLUGINS_DIR]=/Users/peario/.local/share/zinit/plugins ZINIT[COMPLETIONS_DIR]=/Users/peario/.local/share/zinit/completions 
17465955493>u /Users/peario/.config/zsh/zinit/zinit.zsh:151> ZINIT[SNIPPETS_DIR]=/Users/peario/.local/share/zinit/snippets ZINIT[SERVICES_DIR]=/Users/peario/.local/share/zinit/services 
17465955493>u /Users/peario/.config/zsh/zinit/zinit.zsh:152> export ZPFX=/Users/peario/.local/share/zinit/polaris ZSH_CACHE_DIR=/Users/peario/.cache/zinit PMSPEC=0uUpiPsf
17465955493>u /Users/peario/.config/zsh/zinit/zinit.zsh:154> [[ -z /Users/peario/.local/share/zinit/polaris/bin ]]
17465955493>u /Users/peario/.config/zsh/zinit/zinit.zsh:155> [[ -z '' ]]
17465955493>u /Users/peario/.config/zsh/zinit/zinit.zsh:155> [[ -d /Users/peario/.local/share/zinit/polaris/sbin ]]
17465955493>u /Users/peario/.config/zsh/zinit/zinit.zsh:157> hash -f
17465955493>u /Users/peario/.config/zsh/zinit/zinit.zsh:158> hash -d 'zinit=/Users/peario/.local/share/zinit'
17465955493>u /Users/peario/.config/zsh/zinit/zinit.zsh:159> hash -d 'plugins=/Users/peario/.local/share/zinit/plugins'
17465955493>u /Users/peario/.config/zsh/zinit/zinit.zsh:160> hash -d 'zpfx=/Users/peario/.local/share/zinit/polaris'
17465955493>u /Users/peario/.config/zsh/zinit/zinit.zsh:163> [[ -z '' ]]
17465955493>u /Users/peario/.config/zsh/zinit/zinit.zsh:163> fpath=( /Users/peario/.local/share/zinit/completions /usr/local/share/zsh/site-functions /usr/share/zsh/site-functions /usr/share/zsh/5.9/functions ) 
17465955493>u /Users/peario/.config/zsh/zinit/zinit.zsh:165> [[ ! -d /Users/peario/.cache/zinit ]]
17465955493>u /Users/peario/.config/zsh/zinit/zinit.zsh:166> [[ -n '' ]]
17465955493>u /Users/peario/.config/zsh/zinit/zinit.zsh:168> ZINIT[UPAR]=';:^[[A;:^[OA;:\e[A;:\eOA;:^\[OA;:^\[OA;:' 
17465955493>u /Users/peario/.config/zsh/zinit/zinit.zsh:169> ZINIT[DOWNAR]=';:^[[B;:^[OB;:\e[B;:\eOB;:^\[OB;:^\[OB;:' 
17465955493>u /Users/peario/.config/zsh/zinit/zinit.zsh:170> ZINIT[RIGHTAR]=';:^[[C;:^[OC;:\e[C;:\eOC;:^\[OC;:^\[OC;:' 
17465955493>u /Users/peario/.config/zsh/zinit/zinit.zsh:171> ZINIT[LEFTAR]=';:^[[D;:^[OD;:\e[D;:\eOD;:^\[OD;:^\[OD;:' 
17465955493>u /Users/peario/.config/zsh/zinit/zinit.zsh:173> autoload -Uz is-at-least
17465955493>u /Users/peario/.config/zsh/zinit/zinit.zsh:174> is-at-least 5.1
17465955493>u is-at-least:23> emulate -L zsh
17465955493>u is-at-least:25> local IFS=.- min_cnt=0 ver_cnt=0 part min_ver version order
17465955493>u is-at-least:27> min_ver=( 5 1 ) 
17465955493>u is-at-least:28> version=( 5 9 0 ) 
17465955493>u is-at-least:30> ((  0 <= 2  ))
17465955493>u is-at-least:31> [[ '' != <-> ]]
17465955493>u is-at-least:32> ((  ++ver_cnt > 3  ))
17465955493>u is-at-least:33> [[ 5 = *[0-9][^0-9]* ]]
17465955493>u is-at-least:45> part=5 
17465955493>u is-at-least:31> [[ 5 != <-> ]]
17465955493>u is-at-least:48> true
17465955493>u is-at-least:49> ((  ++min_cnt > 2  ))
17465955493>u is-at-least:50> [[ 5 = <-> ]]
17465955493>u is-at-least:50> break
17465955493>u is-at-least:53> ((  part > min_ver[min_cnt]  ))
17465955493>u is-at-least:54> ((  part < min_ver[min_cnt]  ))
17465955493>u is-at-least:55> part='' 
17465955493>u is-at-least:30> ((  1 <= 2  ))
17465955493>u is-at-least:31> [[ '' != <-> ]]
17465955493>u is-at-least:32> ((  ++ver_cnt > 3  ))
17465955493>u is-at-least:33> [[ 9 = *[0-9][^0-9]* ]]
17465955493>u is-at-least:45> part=9 
17465955493>u is-at-least:31> [[ 9 != <-> ]]
17465955493>u is-at-least:48> true
17465955493>u is-at-least:49> ((  ++min_cnt > 2  ))
17465955493>u is-at-least:50> [[ 1 = <-> ]]
17465955493>u is-at-least:50> break
17465955493>u is-at-least:53> ((  part > min_ver[min_cnt]  ))
17465955493>u is-at-least:53> return 0
17465955493>u /Users/peario/.config/zsh/zinit/zinit.zsh:174> ZINIT[NEW_AUTOLOAD]=1 
17465955493>u /Users/peario/.config/zsh/zinit/zinit.zsh:179> ZINIT[TMP_SUBST]=inactive ZINIT[DTRACE]=0 ZINIT[CUR_PLUGIN]='' 
17465955493>u /Users/peario/.config/zsh/zinit/zinit.zsh:182> declare -gA ZINIT_1MAP ZINIT_2MAP
17465955493>u /Users/peario/.config/zsh/zinit/zinit.zsh:183> ZINIT_1MAP=( OMZ:: https://github.com/ohmyzsh/ohmyzsh/trunk/ OMZP:: https://github.com/ohmyzsh/ohmyzsh/trunk/plugins/ OMZT:: https://github.com/ohmyzsh/ohmyzsh/trunk/themes/ OMZL:: https://github.com/ohmyzsh/ohmyzsh/trunk/lib/ PZT:: https://github.com/sorin-ionescu/prezto/trunk/ PZTM:: https://github.com/sorin-ionescu/prezto/trunk/modules/ ) 
17465955493>u /Users/peario/.config/zsh/zinit/zinit.zsh:191> ZINIT_2MAP=( OMZ:: https://raw.githubusercontent.com/ohmyzsh/ohmyzsh/master/ OMZP:: https://raw.githubusercontent.com/ohmyzsh/ohmyzsh/master/plugins/ OMZT:: https://raw.githubusercontent.com/ohmyzsh/ohmyzsh/master/themes/ OMZL:: https://raw.githubusercontent.com/ohmyzsh/ohmyzsh/master/lib/ PZT:: https://raw.githubusercontent.com/sorin-ionescu/prezto/master/ PZTM:: https://raw.githubusercontent.com/sorin-ionescu/prezto/master/modules/ ) 
17465955493>u /Users/peario/.config/zsh/zinit/zinit.zsh:202> zmodload zsh/zutil
17465955493>u /Users/peario/.config/zsh/zinit/zinit.zsh:203> zmodload zsh/parameter
17465955493>u /Users/peario/.config/zsh/zinit/zinit.zsh:204> zmodload zsh/termcap zsh/terminfo
17465955493>u /Users/peario/.config/zsh/zinit/zinit.zsh:205> autoload -Uz colors
17465955493>u /Users/peario/.config/zsh/zinit/zinit.zsh:205> colors
17465955493>u colors:4> emulate -L zsh
17465955493>u colors:6> typeset -Ag color colour
17465955493>u colors:8> color=( 00 none 01 bold 02 faint 22 normal 03 italic 23 no-italic 04 underline 24 no-underline 05 blink 25 no-blink 07 reverse 27 no-reverse 08 conceal 28 no-conceal 30 black 40 bg-black 31 red 41 bg-red 32 green 42 bg-green 33 yellow 43 bg-yellow 34 blue 44 bg-blue 35 magenta 45 bg-magenta 36 cyan 46 bg-cyan 37 white 47 bg-white 39 default 49 bg-default ) 
17465955493>u colors:77> local k
17465955493>u colors:78> k=44
17465955493>u colors:78> color[${color[$k]}]=44 
17465955493>u colors:78> k=33
17465955493>u colors:78> color[${color[$k]}]=33 
17465955493>u colors:78> k=22
17465955493>u colors:78> color[${color[$k]}]=22 
17465955493>u colors:78> k=00
17465955493>u colors:78> color[${color[$k]}]=00 
17465955493>u colors:78> k=45
17465955493>u colors:78> color[${color[$k]}]=45 
17465955493>u colors:78> k=34
17465955493>u colors:78> color[${color[$k]}]=34 
17465955493>u colors:78> k=23
17465955493>u colors:78> color[${color[$k]}]=23 
17465955493>u colors:78> k=01
17465955493>u colors:78> color[${color[$k]}]=01 
17465955493>u colors:78> k=46
17465955493>u colors:78> color[${color[$k]}]=46 
17465955493>u colors:78> k=35
17465955493>u colors:78> color[${color[$k]}]=35 
17465955493>u colors:78> k=24
17465955493>u colors:78> color[${color[$k]}]=24 
17465955493>u colors:78> k=02
17465955493>u colors:78> color[${color[$k]}]=02 
17465955493>u colors:78> k=47
17465955493>u colors:78> color[${color[$k]}]=47 
17465955493>u colors:78> k=36
17465955493>u colors:78> color[${color[$k]}]=36 
17465955493>u colors:78> k=25
17465955493>u colors:78> color[${color[$k]}]=25 
17465955493>u colors:78> k=03
17465955493>u colors:78> color[${color[$k]}]=03 
17465955493>u colors:78> k=37
17465955493>u colors:78> color[${color[$k]}]=37 
17465955493>u colors:78> k=04
17465955493>u colors:78> color[${color[$k]}]=04 
17465955493>u colors:78> k=49
17465955493>u colors:78> color[${color[$k]}]=49 
17465955493>u colors:78> k=27
17465955493>u colors:78> color[${color[$k]}]=27 
17465955493>u colors:78> k=05
17465955493>u colors:78> color[${color[$k]}]=05 
17465955493>u colors:78> k=39
17465955493>u colors:78> color[${color[$k]}]=39 
17465955493>u colors:78> k=28
17465955493>u colors:78> color[${color[$k]}]=28 
17465955493>u colors:78> k=07
17465955493>u colors:78> color[${color[$k]}]=07 
17465955493>u colors:78> k=08
17465955493>u colors:78> color[${color[$k]}]=08 
17465955493>u colors:78> k=40
17465955493>u colors:78> color[${color[$k]}]=40 
17465955493>u colors:78> k=41
17465955493>u colors:78> color[${color[$k]}]=41 
17465955493>u colors:78> k=30
17465955493>u colors:78> color[${color[$k]}]=30 
17465955493>u colors:78> k=42
17465955493>u colors:78> color[${color[$k]}]=42 
17465955493>u colors:78> k=31
17465955493>u colors:78> color[${color[$k]}]=31 
17465955493>u colors:78> k=43
17465955493>u colors:78> color[${color[$k]}]=43 
17465955493>u colors:78> k=32
17465955493>u colors:78> color[${color[$k]}]=32 
17465955493>u colors:82> k=30
17465955493>u colors:82> color[fg-${color[$k]}]=30 
17465955493>u colors:82> k=31
17465955493>u colors:82> color[fg-${color[$k]}]=31 
17465955493>u colors:82> k=32
17465955493>u colors:82> color[fg-${color[$k]}]=32 
17465955493>u colors:82> k=33
17465955493>u colors:82> color[fg-${color[$k]}]=33 
17465955493>u colors:82> k=34
17465955493>u colors:82> color[fg-${color[$k]}]=34 
17465955493>u colors:82> k=35
17465955493>u colors:82> color[fg-${color[$k]}]=35 
17465955493>u colors:82> k=36
17465955493>u colors:82> color[fg-${color[$k]}]=36 
17465955493>u colors:82> k=37
17465955493>u colors:82> color[fg-${color[$k]}]=37 
17465955493>u colors:82> k=39
17465955493>u colors:82> color[fg-${color[$k]}]=39 
17465955493>u colors:86> k=grey
17465955493>u colors:87> color[$k]=30 
17465955493>u colors:88> color[fg-$k]=30 
17465955493>u colors:89> color[bg-$k]=40 
17465955493>u colors:86> k=gray
17465955493>u colors:87> color[$k]=30 
17465955493>u colors:88> color[fg-$k]=30 
17465955493>u colors:89> color[bg-$k]=40 
17465955493>u colors:94> colour=( 00 none 22 normal 44 bg-blue fg-red 31 01 bold 23 no-italic 45 bg-magenta 02 faint 24 no-underline 46 bg-cyan 03 italic 25 no-blink 47 bg-white 04 underline yellow 33 bg-red 41 bold 01 05 blink 27 no-reverse 49 bg-default no-reverse 27 28 no-conceal 07 reverse 08 conceal fg-black 30 red 31 conceal 08 default 39 faint 02 fg-green 32 no-underline 24 bg-magenta 45 magenta 35 blink 05 blue 34 grey 30 fg-default 39 bg-white 47 30 black 31 red 32 green bg-yellow 43 33 yellow gray 30 cyan 36 34 blue 35 magenta white 37 36 cyan 37 white bg-blue 44 fg-magenta 35 39 default bg-grey 40 no-conceal 28 reverse 07 bg-gray 40 bg-cyan 46 underline 04 italic 03 no-italic 23 fg-yellow 33 fg-white 37 bg-black 40 normal 22 fg-blue 34 bg-green 42 none 00 fg-grey 30 black 30 no-blink 25 bg-default 49 40 bg-black fg-gray 30 fg-cyan 36 green 32 41 bg-red 42 bg-green 43 bg-yellow ) 
17465955493>u colors:98> local lc=$'\C-[[' rc=m
17465955493>u colors:100> typeset -Hg reset_color bold_color
17465955493>u colors:101> reset_color=$'\C-[[00m' 
17465955493>u colors:102> bold_color=$'\C-[[01m' 
17465955493>u colors:106> typeset -AHg fg fg_bold fg_no_bold
17465955493>u colors:107> k=fg-red
17465955493>u colors:108> fg[${k#fg-}]=$'\C-[[31m' 
17465955493>u colors:109> fg_bold[${k#fg-}]=$'\C-[[01;31m' 
17465955493>u colors:110> fg_no_bold[${k#fg-}]=$'\C-[[22;31m' 
17465955493>u colors:107> k=fg-black
17465955493>u colors:108> fg[${k#fg-}]=$'\C-[[30m' 
17465955493>u colors:109> fg_bold[${k#fg-}]=$'\C-[[01;30m' 
17465955493>u colors:110> fg_no_bold[${k#fg-}]=$'\C-[[22;30m' 
17465955493>u colors:107> k=fg-green
17465955493>u colors:108> fg[${k#fg-}]=$'\C-[[32m' 
17465955493>u colors:109> fg_bold[${k#fg-}]=$'\C-[[01;32m' 
17465955493>u colors:110> fg_no_bold[${k#fg-}]=$'\C-[[22;32m' 
17465955493>u colors:107> k=fg-default
17465955493>u colors:108> fg[${k#fg-}]=$'\C-[[39m' 
17465955493>u colors:109> fg_bold[${k#fg-}]=$'\C-[[01;39m' 
17465955493>u colors:110> fg_no_bold[${k#fg-}]=$'\C-[[22;39m' 
17465955493>u colors:107> k=fg-magenta
17465955493>u colors:108> fg[${k#fg-}]=$'\C-[[35m' 
17465955493>u colors:109> fg_bold[${k#fg-}]=$'\C-[[01;35m' 
17465955493>u colors:110> fg_no_bold[${k#fg-}]=$'\C-[[22;35m' 
17465955493>u colors:107> k=fg-yellow
17465955493>u colors:108> fg[${k#fg-}]=$'\C-[[33m' 
17465955493>u colors:109> fg_bold[${k#fg-}]=$'\C-[[01;33m' 
17465955493>u colors:110> fg_no_bold[${k#fg-}]=$'\C-[[22;33m' 
17465955493>u colors:107> k=fg-white
17465955493>u colors:108> fg[${k#fg-}]=$'\C-[[37m' 
17465955493>u colors:109> fg_bold[${k#fg-}]=$'\C-[[01;37m' 
17465955493>u colors:110> fg_no_bold[${k#fg-}]=$'\C-[[22;37m' 
17465955493>u colors:107> k=fg-blue
17465955493>u colors:108> fg[${k#fg-}]=$'\C-[[34m' 
17465955493>u colors:109> fg_bold[${k#fg-}]=$'\C-[[01;34m' 
17465955493>u colors:110> fg_no_bold[${k#fg-}]=$'\C-[[22;34m' 
17465955493>u colors:107> k=fg-grey
17465955493>u colors:108> fg[${k#fg-}]=$'\C-[[30m' 
17465955493>u colors:109> fg_bold[${k#fg-}]=$'\C-[[01;30m' 
17465955493>u colors:110> fg_no_bold[${k#fg-}]=$'\C-[[22;30m' 
17465955493>u colors:107> k=fg-gray
17465955493>u colors:108> fg[${k#fg-}]=$'\C-[[30m' 
17465955493>u colors:109> fg_bold[${k#fg-}]=$'\C-[[01;30m' 
17465955493>u colors:110> fg_no_bold[${k#fg-}]=$'\C-[[22;30m' 
17465955493>u colors:107> k=fg-cyan
17465955493>u colors:108> fg[${k#fg-}]=$'\C-[[36m' 
17465955493>u colors:109> fg_bold[${k#fg-}]=$'\C-[[01;36m' 
17465955493>u colors:110> fg_no_bold[${k#fg-}]=$'\C-[[22;36m' 
17465955493>u colors:115> typeset -AHg bg bg_bold bg_no_bold
17465955493>u colors:116> k=bg-red
17465955493>u colors:117> bg[${k#bg-}]=$'\C-[[41m' 
17465955493>u colors:118> bg_bold[${k#bg-}]=$'\C-[[01;41m' 
17465955493>u colors:119> bg_no_bold[${k#bg-}]=$'\C-[[22;41m' 
17465955493>u colors:116> k=bg-magenta
17465955493>u colors:117> bg[${k#bg-}]=$'\C-[[45m' 
17465955493>u colors:118> bg_bold[${k#bg-}]=$'\C-[[01;45m' 
17465955493>u colors:119> bg_no_bold[${k#bg-}]=$'\C-[[22;45m' 
17465955493>u colors:116> k=bg-white
17465955493>u colors:117> bg[${k#bg-}]=$'\C-[[47m' 
17465955493>u colors:118> bg_bold[${k#bg-}]=$'\C-[[01;47m' 
17465955493>u colors:119> bg_no_bold[${k#bg-}]=$'\C-[[22;47m' 
17465955493>u colors:116> k=bg-yellow
17465955493>u colors:117> bg[${k#bg-}]=$'\C-[[43m' 
17465955493>u colors:118> bg_bold[${k#bg-}]=$'\C-[[01;43m' 
17465955493>u colors:119> bg_no_bold[${k#bg-}]=$'\C-[[22;43m' 
17465955493>u colors:116> k=bg-blue
17465955493>u colors:117> bg[${k#bg-}]=$'\C-[[44m' 
17465955493>u colors:118> bg_bold[${k#bg-}]=$'\C-[[01;44m' 
17465955493>u colors:119> bg_no_bold[${k#bg-}]=$'\C-[[22;44m' 
17465955493>u colors:116> k=bg-grey
17465955493>u colors:117> bg[${k#bg-}]=$'\C-[[40m' 
17465955493>u colors:118> bg_bold[${k#bg-}]=$'\C-[[01;40m' 
17465955493>u colors:119> bg_no_bold[${k#bg-}]=$'\C-[[22;40m' 
17465955493>u colors:116> k=bg-gray
17465955493>u colors:117> bg[${k#bg-}]=$'\C-[[40m' 
17465955493>u colors:118> bg_bold[${k#bg-}]=$'\C-[[01;40m' 
17465955493>u colors:119> bg_no_bold[${k#bg-}]=$'\C-[[22;40m' 
17465955493>u colors:116> k=bg-cyan
17465955493>u colors:117> bg[${k#bg-}]=$'\C-[[46m' 
17465955493>u colors:118> bg_bold[${k#bg-}]=$'\C-[[01;46m' 
17465955493>u colors:119> bg_no_bold[${k#bg-}]=$'\C-[[22;46m' 
17465955493>u colors:116> k=bg-black
17465955493>u colors:117> bg[${k#bg-}]=$'\C-[[40m' 
17465955493>u colors:118> bg_bold[${k#bg-}]=$'\C-[[01;40m' 
17465955493>u colors:119> bg_no_bold[${k#bg-}]=$'\C-[[22;40m' 
17465955493>u colors:116> k=bg-green
17465955493>u colors:117> bg[${k#bg-}]=$'\C-[[42m' 
17465955493>u colors:118> bg_bold[${k#bg-}]=$'\C-[[01;42m' 
17465955493>u colors:119> bg_no_bold[${k#bg-}]=$'\C-[[22;42m' 
17465955493>u colors:116> k=bg-default
17465955493>u colors:117> bg[${k#bg-}]=$'\C-[[49m' 
17465955493>u colors:118> bg_bold[${k#bg-}]=$'\C-[[01;49m' 
17465955493>u colors:119> bg_no_bold[${k#bg-}]=$'\C-[[22;49m' 
17465955493>u /Users/peario/.config/zsh/zinit/zinit.zsh:207> [[ -z '' && 1 -eq 1 && -n 256 ]]
17465955493>u /Users/peario/.config/zsh/zinit/zinit.zsh:208> ZINIT+=( col-annex $'\C-[[38;5;153m' col-faint $'\C-[[38;5;238m' col-msg2 $'\C-[[38;5;172m' col-quo $'\C-[[1;38;5;33m' col-apo $'\C-[[1;38;5;45m' col-file $'\C-[[3;38;5;117m' col-msg3 $'\C-[[38;5;238m' col-quos $'\C-[[1;38;5;160m' col-aps $'\C-[[38;5;117m' col-flag $'\C-[[1;3;38;5;79m' col-nb $'\C-[[22m' col-rst $'\C-[[0m' col-b $'\C-[[1m' col-func $'\C-[[38;5;219m' col-nit $'\C-[[23m' col-slight $'\C-[[38;5;230m' col-b-lhi $'\C-[[1m\C-[[38;5;75m' col-glob $'\C-[[38;5;227m' col-nl $'\n' col-st $'\C-[[9m' col-b-warn $'\C-[[1;38;5;214m' col-happy $'\C-[[1m\C-[[38;5;82m' col-note $'\C-[[38;5;148m' col-tab $' \t ' col-bapo $'\C-[[1;38;5;220m' col-hi $'\C-[[1m\C-[[38;5;183m' col-nst $'\C-[[29m' col-term $'\C-[[38;5;185m' col-baps $'\C-[[1;38;5;82m' col-ice $'\C-[[38;5;39m' col-nu $'\C-[[24m' col-th-bar $'\C-[[38;5;82m' col-bar $'\C-[[38;5;82m' col-id-as $'\C-[[4;38;5;220m' col-num $'\C-[[3;38;5;155m' col-time $'\C-[[38;5;220m' col-bcmd $'\C-[[38;5;220m' col-info $'\C-[[38;5;82m' col-obj $'\C-[[38;5;218m' col-txt $'\C-[[38;5;254m' col-bspc $'\C-H' col-info2 $'\C-[[38;5;227m' col-obj2 $'\C-[[38;5;118m' col-u $'\C-[[4m' col-cmd $'\C-[[38;5;82m' col-info3 $'\C-[[1m\C-[[38;5;227m' col-ok $'\C-[[38;5;220m' col-u-warn $'\C-[[4;38;5;214m' col-data $'\C-[[38;5;82m' col-it $'\C-[[3m' col-opt $'\C-[[38;5;219m' col-uname $'\C-[[1;4m\C-[[35m' col-data2 $'\C-[[38;5;117m' col-keyword $'\C-[[32m' col-p $'\C-[[38;5;81m' col-uninst $'\C-[[38;5;118m' col-dir $'\C-[[3;38;5;153m' col-lhi $'\C-[[38;5;81m' col-pkg $'\C-[[1;3;38;5;27m' col-url $'\C-[[38;5;75m' col-ehi $'\C-[[1m\C-[[38;5;210m' col-meta $'\C-[[38;5;57m' col-pname $'\C-[[1;4m\C-[[32m' col-var $'\C-[[38;5;81m' col-error $'\C-[[1m\C-[[38;5;204m' col-meta2 $'\C-[[38;5;147m' col-pre $'\C-[[38;5;135m' col-version $'\C-[[3;38;5;87m' col-failure $'\C-[[38;5;204m' col-msg $'\C-[[0m' col-profile $'\C-[[38;5;148m' col-warn $'\C-[[38;5;214m' col-dbg $'\C-[[2m\C-[[38;47;107m[debug]\C-[[0m' col-e $'\C-[[1m\C-[[38;5;204mError\C-[[0m:' col-i $'\C-[[1m\C-[[38;5;82m==>\C-[[0m' col-m $'\C-[[38;5;4m==>\C-[[0m' col-w $'\C-[[1m\C-[[38;5;214mWarning\C-[[0m:' col--… ⋯⋯ col-lr ↔ col-ndsh – col-… … col-mdsh $'\C-[[1;38;5;220m–\C-[[0m' col-mmdsh $'\C-[[1;38;5;220m――\C-[[0m' col-↔ $'\C-[[38;5;82m↔\C-[[0m' ) 
17465955493>u /Users/peario/.config/zsh/zinit/zinit.zsh:242> [[ 1 -eq 1 && 256 -ge 256 ]]
17465955493>u /Users/peario/.config/zsh/zinit/zinit.zsh:243> ZINIT+=( col-pname $'\C-[[1;4m\C-[[38;5;39m' col-uname $'\C-[[1;4m\C-[[38;5;207m' ) 
17465955493>u /Users/peario/.config/zsh/zinit/zinit.zsh:248> typeset -gAH ZINIT_ZLE_HOOKS_LIST
17465955493>u /Users/peario/.config/zsh/zinit/zinit.zsh:249> ZINIT_ZLE_HOOKS_LIST=( zle-isearch-exit 1 zle-isearch-update 1 zle-line-pre-redraw 1 zle-line-init 1 zle-line-finish 1 zle-history-line-set 1 zle-keymap-select 1 paste-insert 1 ) 
17465955493>u /Users/peario/.config/zsh/zinit/zinit.zsh:259> setopt noaliases
17465955493>u /Users/peario/.config/zsh/zinit/zinit.zsh:863> ((  0  ))
17465955493>u /Users/peario/.config/zsh/zinit/zinit.zsh:3210> ((  ZINIT[ALIASES_OPT]  ))
17465955493>u /Users/peario/.config/zsh/zinit/zinit.zsh:3210> setopt aliases
17465955493>u /Users/peario/.config/zsh/zinit/zinit.zsh:3211> ((  ZINIT[SOURCED] ++  ))
17465955493>u /Users/peario/.config/zsh/zinit/zinit.zsh:3213> autoload add-zsh-hook
17465955493>u /Users/peario/.config/zsh/zinit/zinit.zsh:3214> zmodload zsh/datetime
17465955493>u /Users/peario/.config/zsh/zinit/zinit.zsh:3215> add-zsh-hook -- precmd @zinit-scheduler
17465955493>u add-zsh-hook:15> emulate -L zsh
17465955493>u add-zsh-hook:17> local -a hooktypes
17465955493>u add-zsh-hook:18> hooktypes=( chpwd precmd preexec periodic zshaddhistory zshexit zsh_directory_name ) 
17465955493>u add-zsh-hook:22> local usage='Usage: add-zsh-hook hook function\nValid hooks are:\n  chpwd precmd preexec periodic zshaddhistory zshexit zsh_directory_name'
17465955493>u add-zsh-hook:24> local opt
17465955493>u add-zsh-hook:25> local -a autoopts
17465955493>u add-zsh-hook:26> integer del list help
17465955493>u add-zsh-hook:28> getopts dDhLUzk opt
17465955493>u add-zsh-hook:55> shift 1
17465955493>u add-zsh-hook:57> ((  list  ))
17465955493>u add-zsh-hook:60> ((  help || 2 != 2 || 2 == 0  ))
17465955493>u add-zsh-hook:65> local hook=precmd_functions
17465955493>u add-zsh-hook:66> local fn=@zinit-scheduler
17465955493>u add-zsh-hook:68> ((  del  ))
17465955493>u add-zsh-hook:83> ((  0  ))
17465955493>u add-zsh-hook:89> typeset -ga precmd_functions
17465955493>u add-zsh-hook:90> set -A precmd_functions @zinit-scheduler
17465955493>u add-zsh-hook:92> autoload -- @zinit-scheduler
17465955493>u /Users/peario/.config/zsh/zinit/zinit.zsh:3216> ZINIT[HAVE_SCHEDULER]=1 
17465955493>u /Users/peario/.config/zsh/zinit/zinit.zsh:3218> functions -M -- zinit_scheduler_add 1 1 -zinit_scheduler_add_sh
17465955493>u /Users/peario/.config/zsh/zinit/zinit.zsh:3219> zmodload zsh/zpty zsh/system
17465955493>u /Users/peario/.config/zsh/zinit/zinit.zsh:3220> zmodload -F zsh/stat b:zstat
17465955493>u /Users/peario/.config/zsh/zinit/zinit.zsh:3220> ZINIT[HAVE_ZSTAT]=1 
17465955493>u /Users/peario/.config/zsh/zinit/zinit.zsh:3223> [[ -z '' ]]
17465955493>u /Users/peario/.config/zsh/zinit/zinit.zsh:3224> alias 'zpl=zinit' 'zplg=zinit' 'zi=zinit' 'zini=zinit'
17465955493>u /Users/peario/.config/zsh/zinit/zinit.zsh:3227> .zinit-prepare-home
17465955493>u .zinit-prepare-home:1> [[ -n '' ]]
17465955493>u .zinit-prepare-home:2> ZINIT[HOME_READY]=1 
17465955493>u .zinit-prepare-home:4> [[ ! -d /Users/peario/.local/share/zinit ]]
17465955493>u .zinit-prepare-home:11> [[ ! -d /Users/peario/.local/share/zinit/plugins/_local---zinit ]]
17465955493>u .zinit-prepare-home:25> [[ ! -d /Users/peario/.local/share/zinit/completions ]]
17465955493>u .zinit-prepare-home:39> [[ ! -d /Users/peario/.local/share/zinit/snippets ]]
17465955493>u .zinit-prepare-home:51> [[ ! -d /Users/peario/.local/share/zinit/polaris/man/man9 ]]
17465955493>u .zinit-prepare-home:56> [[ ! -f /Users/peario/.local/share/zinit/polaris/man/man1/zinit.1 || /Users/peario/.local/share/zinit/polaris/man/man1/zinit.1 -ot /Users/peario/.config/zsh/zinit/doc/zinit.1 ]]
17465955493>u /Users/peario/.config/zsh/zinit/zinit.zsh:3230> typeset -g ZINIT_TMP
17465955493>u /Users/peario/.config/zsh/zinit/zinit.zsh:3231> ZINIT_TMP=
17465955493>u /Users/peario/.config/zsh/zinit/zinit.zsh:3232> .zinit-get-mtime-into /Users/peario/.config/zsh/zinit/zinit.zsh 'ZINIT[mtime]'
17465955493>u .zinit-get-mtime-into:1> ((  ZINIT[HAVE_ZSTAT]  ))
17465955493>u .zinit-get-mtime-into:2> local -a arr
17465955493>u .zinit-get-mtime-into:4> : 1746293770
17465955493>u /Users/peario/.config/zsh/zinit/zinit.zsh:3231> ZINIT_TMP=-side
17465955493>u /Users/peario/.config/zsh/zinit/zinit.zsh:3232> .zinit-get-mtime-into /Users/peario/.config/zsh/zinit/zinit-side.zsh 'ZINIT[mtime-side]'
17465955493>u .zinit-get-mtime-into:1> ((  ZINIT[HAVE_ZSTAT]  ))
17465955493>u .zinit-get-mtime-into:2> local -a arr
17465955493>u .zinit-get-mtime-into:4> : 1746293770
17465955493>u /Users/peario/.config/zsh/zinit/zinit.zsh:3231> ZINIT_TMP=-install
17465955493>u /Users/peario/.config/zsh/zinit/zinit.zsh:3232> .zinit-get-mtime-into /Users/peario/.config/zsh/zinit/zinit-install.zsh 'ZINIT[mtime-install]'
17465955493>u .zinit-get-mtime-into:1> ((  ZINIT[HAVE_ZSTAT]  ))
17465955493>u .zinit-get-mtime-into:2> local -a arr
17465955493>u .zinit-get-mtime-into:4> : 1746293770
17465955493>u /Users/peario/.config/zsh/zinit/zinit.zsh:3231> ZINIT_TMP=-autoload
17465955493>u /Users/peario/.config/zsh/zinit/zinit.zsh:3232> .zinit-get-mtime-into /Users/peario/.config/zsh/zinit/zinit-autoload.zsh 'ZINIT[mtime-autoload]'
17465955493>u .zinit-get-mtime-into:1> ((  ZINIT[HAVE_ZSTAT]  ))
17465955493>u .zinit-get-mtime-into:2> local -a arr
17465955493>u .zinit-get-mtime-into:4> : 1746293770
17465955493>u /Users/peario/.config/zsh/zinit/zinit.zsh:3236> ZINIT_REGISTERED_PLUGINS=( _local/zinit ) 
17465955493>u /Users/peario/.config/zsh/zinit/zinit.zsh:3237> ZINIT[STATES___local/zinit]=1 
17465955493>u /Users/peario/.config/zsh/zinit/zinit.zsh:3240> zstyle :prezto:module:completion loaded 1
17465955493>u /Users/peario/.config/zsh/zinit/zinit.zsh:3243> zstyle ':completion:*:zinit:argument-rest:plugins' list-colors '=(#b)(*)/(*)==1;35=1;33'
17465955493>u /Users/peario/.config/zsh/zinit/zinit.zsh:3244> zstyle ':completion:*:zinit:argument-rest:plugins' matcher 'r:|=** l:|=*'
17465955493>u /Users/peario/.config/zsh/zinit/zinit.zsh:3245> zstyle ':completion:*:*:zinit:*' group-name ''
17465955493>u /Users/peario/.config/zsh/zinit/zinit.zsh:3249> [[ -e /Users/peario/.config/zsh/zinit/zmodules/Src/zdharma/zplugin.so ]]
17465955493>u /Users/peario/.config/zsh/zinit/zinit.zsh:3277> @zinit-register-hook -r/--reset hook:e-!atpull-pre ∞zinit-reset-hook
17465955493>u @zinit-register-hook:1> emulate -LR zsh -o xtrace
17465955493>u @zinit-register-hook:6> setopt extendedglob nobanghist noshortloops typesetsilent warncreateglobal
17465955493>u @zinit-register-hook:7> local name=-r/--reset type=hook:e-!atpull-pre handler=∞zinit-reset-hook icemods='' key='zinit hook:e-!atpull-pre'
17465955493>u @zinit-register-hook:8> ZINIT_EXTS2[seqno]=1 
17465955493>u @zinit-register-hook:9> ZINIT_EXTS2[$key${${(M)type#hook:}:+ ${ZINIT_EXTS2[seqno]}}]='1 z-annex-data: -r/--reset hook:e-!atpull-pre ∞zinit-reset-hook '\'\'' '\'\' 
17465955493>u @zinit-register-hook:10> ZINIT_EXTS2[ice-mods]='' 
17465955493>u /Users/peario/.config/zsh/zinit/zinit.zsh:3279> @zinit-register-hook 'ICE[reset]' hook:e-!atpull-post ∞zinit-reset-hook
17465955493>u @zinit-register-hook:1> emulate -LR zsh -o xtrace
17465955493>u @zinit-register-hook:6> setopt extendedglob nobanghist noshortloops typesetsilent warncreateglobal
17465955493>u @zinit-register-hook:7> local name='ICE[reset]' type=hook:e-!atpull-post handler=∞zinit-reset-hook icemods='' key='zinit hook:e-!atpull-post'
17465955493>u @zinit-register-hook:8> ZINIT_EXTS2[seqno]=2 
17465955493>u @zinit-register-hook:9> ZINIT_EXTS2[$key${${(M)type#hook:}:+ ${ZINIT_EXTS2[seqno]}}]='2 z-annex-data: ICE\[reset\] hook:e-!atpull-post ∞zinit-reset-hook '\'\'' '\'\' 
17465955493>u @zinit-register-hook:10> ZINIT_EXTS2[ice-mods]='' 
17465955493>u /Users/peario/.config/zsh/zinit/zinit.zsh:3280> @zinit-register-hook 'atpull'\''!'\' hook:e-!atpull-post ∞zinit-atpull-e-hook
17465955493>u @zinit-register-hook:1> emulate -LR zsh -o xtrace
17465955493>u @zinit-register-hook:6> setopt extendedglob nobanghist noshortloops typesetsilent warncreateglobal
17465955493>u @zinit-register-hook:7> local name='atpull'\''!'\' type=hook:e-!atpull-post handler=∞zinit-atpull-e-hook icemods='' key='zinit hook:e-!atpull-post'
17465955493>u @zinit-register-hook:8> ZINIT_EXTS2[seqno]=3 
17465955493>u @zinit-register-hook:9> ZINIT_EXTS2[$key${${(M)type#hook:}:+ ${ZINIT_EXTS2[seqno]}}]='3 z-annex-data: atpull\'\''!\'\'' hook:e-!atpull-post ∞zinit-atpull-e-hook '\'\'' '\'\' 
17465955493>u @zinit-register-hook:10> ZINIT_EXTS2[ice-mods]='' 
17465955493>u /Users/peario/.config/zsh/zinit/zinit.zsh:3283> @zinit-register-hook 'make'\''!!'\' hook:no-e-!atpull-pre ∞zinit-make-ee-hook
17465955493>u @zinit-register-hook:1> emulate -LR zsh -o xtrace
17465955493>u @zinit-register-hook:6> setopt extendedglob nobanghist noshortloops typesetsilent warncreateglobal
17465955493>u @zinit-register-hook:7> local name='make'\''!!'\' type=hook:no-e-!atpull-pre handler=∞zinit-make-ee-hook icemods='' key='zinit hook:no-e-!atpull-pre'
17465955493>u @zinit-register-hook:8> ZINIT_EXTS2[seqno]=4 
17465955493>u @zinit-register-hook:9> ZINIT_EXTS2[$key${${(M)type#hook:}:+ ${ZINIT_EXTS2[seqno]}}]='4 z-annex-data: make\'\''!!\'\'' hook:no-e-!atpull-pre ∞zinit-make-ee-hook '\'\'' '\'\' 
17465955493>u @zinit-register-hook:10> ZINIT_EXTS2[ice-mods]='' 
17465955493>u /Users/peario/.config/zsh/zinit/zinit.zsh:3284> @zinit-register-hook extract hook:e-!atpull-pre ∞zinit-extract-hook
17465955493>u @zinit-register-hook:1> emulate -LR zsh -o xtrace
17465955493>u @zinit-register-hook:6> setopt extendedglob nobanghist noshortloops typesetsilent warncreateglobal
17465955493>u @zinit-register-hook:7> local name=extract type=hook:e-!atpull-pre handler=∞zinit-extract-hook icemods='' key='zinit hook:e-!atpull-pre'
17465955493>u @zinit-register-hook:8> ZINIT_EXTS2[seqno]=5 
17465955493>u @zinit-register-hook:9> ZINIT_EXTS2[$key${${(M)type#hook:}:+ ${ZINIT_EXTS2[seqno]}}]='5 z-annex-data: extract hook:e-!atpull-pre ∞zinit-extract-hook '\'\'' '\'\' 
17465955493>u @zinit-register-hook:10> ZINIT_EXTS2[ice-mods]='' 
17465955493>u /Users/peario/.config/zsh/zinit/zinit.zsh:3285> @zinit-register-hook 'mv'\'\' hook:no-e-!atpull-pre ∞zinit-mv-hook
17465955493>u @zinit-register-hook:1> emulate -LR zsh -o xtrace
17465955493>u @zinit-register-hook:6> setopt extendedglob nobanghist noshortloops typesetsilent warncreateglobal
17465955493>u @zinit-register-hook:7> local name='mv'\'\' type=hook:no-e-!atpull-pre handler=∞zinit-mv-hook icemods='' key='zinit hook:no-e-!atpull-pre'
17465955493>u @zinit-register-hook:8> ZINIT_EXTS2[seqno]=6 
17465955493>u @zinit-register-hook:9> ZINIT_EXTS2[$key${${(M)type#hook:}:+ ${ZINIT_EXTS2[seqno]}}]='6 z-annex-data: mv\'\''\'\'' hook:no-e-!atpull-pre ∞zinit-mv-hook '\'\'' '\'\' 
17465955493>u @zinit-register-hook:10> ZINIT_EXTS2[ice-mods]='' 
17465955493>u /Users/peario/.config/zsh/zinit/zinit.zsh:3286> @zinit-register-hook 'cp'\'\' hook:no-e-!atpull-pre ∞zinit-cp-hook
17465955493>u @zinit-register-hook:1> emulate -LR zsh -o xtrace
17465955493>u @zinit-register-hook:6> setopt extendedglob nobanghist noshortloops typesetsilent warncreateglobal
17465955493>u @zinit-register-hook:7> local name='cp'\'\' type=hook:no-e-!atpull-pre handler=∞zinit-cp-hook icemods='' key='zinit hook:no-e-!atpull-pre'
17465955493>u @zinit-register-hook:8> ZINIT_EXTS2[seqno]=7 
17465955493>u @zinit-register-hook:9> ZINIT_EXTS2[$key${${(M)type#hook:}:+ ${ZINIT_EXTS2[seqno]}}]='7 z-annex-data: cp\'\''\'\'' hook:no-e-!atpull-pre ∞zinit-cp-hook '\'\'' '\'\' 
17465955493>u @zinit-register-hook:10> ZINIT_EXTS2[ice-mods]='' 
17465955493>u /Users/peario/.config/zsh/zinit/zinit.zsh:3287> @zinit-register-hook compile-plugin hook:no-e-!atpull-pre ∞zinit-compile-plugin-hook
17465955493>u @zinit-register-hook:1> emulate -LR zsh -o xtrace
17465955493>u @zinit-register-hook:6> setopt extendedglob nobanghist noshortloops typesetsilent warncreateglobal
17465955493>u @zinit-register-hook:7> local name=compile-plugin type=hook:no-e-!atpull-pre handler=∞zinit-compile-plugin-hook icemods='' key='zinit hook:no-e-!atpull-pre'
17465955493>u @zinit-register-hook:8> ZINIT_EXTS2[seqno]=8 
17465955493>u @zinit-register-hook:9> ZINIT_EXTS2[$key${${(M)type#hook:}:+ ${ZINIT_EXTS2[seqno]}}]='8 z-annex-data: compile-plugin hook:no-e-!atpull-pre ∞zinit-compile-plugin-hook '\'\'' '\'\' 
17465955493>u @zinit-register-hook:10> ZINIT_EXTS2[ice-mods]='' 
17465955493>u /Users/peario/.config/zsh/zinit/zinit.zsh:3289> @zinit-register-hook 'configure'\''!'\' hook:no-e-!atpull-post ∞zinit-configure-e-hook
17465955493>u @zinit-register-hook:1> emulate -LR zsh -o xtrace
17465955493>u @zinit-register-hook:6> setopt extendedglob nobanghist noshortloops typesetsilent warncreateglobal
17465955493>u @zinit-register-hook:7> local name='configure'\''!'\' type=hook:no-e-!atpull-post handler=∞zinit-configure-e-hook icemods='' key='zinit hook:no-e-!atpull-post'
17465955493>u @zinit-register-hook:8> ZINIT_EXTS2[seqno]=9 
17465955493>u @zinit-register-hook:9> ZINIT_EXTS2[$key${${(M)type#hook:}:+ ${ZINIT_EXTS2[seqno]}}]='9 z-annex-data: configure\'\''!\'\'' hook:no-e-!atpull-post ∞zinit-configure-e-hook '\'\'' '\'\' 
17465955493>u @zinit-register-hook:10> ZINIT_EXTS2[ice-mods]='' 
17465955493>u /Users/peario/.config/zsh/zinit/zinit.zsh:3290> @zinit-register-hook 'make'\''!'\' hook:no-e-!atpull-post ∞zinit-make-e-hook
17465955493>u @zinit-register-hook:1> emulate -LR zsh -o xtrace
17465955493>u @zinit-register-hook:6> setopt extendedglob nobanghist noshortloops typesetsilent warncreateglobal
17465955493>u @zinit-register-hook:7> local name='make'\''!'\' type=hook:no-e-!atpull-post handler=∞zinit-make-e-hook icemods='' key='zinit hook:no-e-!atpull-post'
17465955493>u @zinit-register-hook:8> ZINIT_EXTS2[seqno]=10 
17465955493>u @zinit-register-hook:9> ZINIT_EXTS2[$key${${(M)type#hook:}:+ ${ZINIT_EXTS2[seqno]}}]='10 z-annex-data: make\'\''!\'\'' hook:no-e-!atpull-post ∞zinit-make-e-hook '\'\'' '\'\' 
17465955493>u @zinit-register-hook:10> ZINIT_EXTS2[ice-mods]='' 
17465955493>u /Users/peario/.config/zsh/zinit/zinit.zsh:3291> @zinit-register-hook 'configure'\'\' hook:no-e-!atpull-post ∞zinit-configure-hook
17465955493>u @zinit-register-hook:1> emulate -LR zsh -o xtrace
17465955493>u @zinit-register-hook:6> setopt extendedglob nobanghist noshortloops typesetsilent warncreateglobal
17465955493>u @zinit-register-hook:7> local name='configure'\'\' type=hook:no-e-!atpull-post handler=∞zinit-configure-hook icemods='' key='zinit hook:no-e-!atpull-post'
17465955493>u @zinit-register-hook:8> ZINIT_EXTS2[seqno]=11 
17465955493>u @zinit-register-hook:9> ZINIT_EXTS2[$key${${(M)type#hook:}:+ ${ZINIT_EXTS2[seqno]}}]='11 z-annex-data: configure\'\''\'\'' hook:no-e-!atpull-post ∞zinit-configure-hook '\'\'' '\'\' 
17465955493>u @zinit-register-hook:10> ZINIT_EXTS2[ice-mods]='' 
17465955493>u /Users/peario/.config/zsh/zinit/zinit.zsh:3292> @zinit-register-hook atpull hook:no-e-!atpull-post ∞zinit-atpull-hook
17465955493>u @zinit-register-hook:1> emulate -LR zsh -o xtrace
17465955493>u @zinit-register-hook:6> setopt extendedglob nobanghist noshortloops typesetsilent warncreateglobal
17465955493>u @zinit-register-hook:7> local name=atpull type=hook:no-e-!atpull-post handler=∞zinit-atpull-hook icemods='' key='zinit hook:no-e-!atpull-post'
17465955493>u @zinit-register-hook:8> ZINIT_EXTS2[seqno]=12 
17465955493>u @zinit-register-hook:9> ZINIT_EXTS2[$key${${(M)type#hook:}:+ ${ZINIT_EXTS2[seqno]}}]='12 z-annex-data: atpull hook:no-e-!atpull-post ∞zinit-atpull-hook '\'\'' '\'\' 
17465955493>u @zinit-register-hook:10> ZINIT_EXTS2[ice-mods]='' 
17465955493>u /Users/peario/.config/zsh/zinit/zinit.zsh:3293> @zinit-register-hook 'make'\'\' hook:no-e-!atpull-post ∞zinit-make-hook
17465955493>u @zinit-register-hook:1> emulate -LR zsh -o xtrace
17465955493>u @zinit-register-hook:6> setopt extendedglob nobanghist noshortloops typesetsilent warncreateglobal
17465955493>u @zinit-register-hook:7> local name='make'\'\' type=hook:no-e-!atpull-post handler=∞zinit-make-hook icemods='' key='zinit hook:no-e-!atpull-post'
17465955493>u @zinit-register-hook:8> ZINIT_EXTS2[seqno]=13 
17465955493>u @zinit-register-hook:9> ZINIT_EXTS2[$key${${(M)type#hook:}:+ ${ZINIT_EXTS2[seqno]}}]='13 z-annex-data: make\'\''\'\'' hook:no-e-!atpull-post ∞zinit-make-hook '\'\'' '\'\' 
17465955493>u @zinit-register-hook:10> ZINIT_EXTS2[ice-mods]='' 
17465955493>u /Users/peario/.config/zsh/zinit/zinit.zsh:3294> @zinit-register-hook 'cmake'\'\' hook:no-e-!atpull-post +zinit-cmake-hook
17465955493>u @zinit-register-hook:1> emulate -LR zsh -o xtrace
17465955493>u @zinit-register-hook:6> setopt extendedglob nobanghist noshortloops typesetsilent warncreateglobal
17465955493>u @zinit-register-hook:7> local name='cmake'\'\' type=hook:no-e-!atpull-post handler=+zinit-cmake-hook icemods='' key='zinit hook:no-e-!atpull-post'
17465955493>u @zinit-register-hook:8> ZINIT_EXTS2[seqno]=14 
17465955493>u @zinit-register-hook:9> ZINIT_EXTS2[$key${${(M)type#hook:}:+ ${ZINIT_EXTS2[seqno]}}]='14 z-annex-data: cmake\'\''\'\'' hook:no-e-!atpull-post +zinit-cmake-hook '\'\'' '\'\' 
17465955493>u @zinit-register-hook:10> ZINIT_EXTS2[ice-mods]='' 
17465955493>u /Users/peario/.config/zsh/zinit/zinit.zsh:3296> @zinit-register-hook compile-plugin hook:atpull-post ∞zinit-compile-plugin-hook
17465955493>u @zinit-register-hook:1> emulate -LR zsh -o xtrace
17465955493>u @zinit-register-hook:6> setopt extendedglob nobanghist noshortloops typesetsilent warncreateglobal
17465955493>u @zinit-register-hook:7> local name=compile-plugin type=hook:atpull-post handler=∞zinit-compile-plugin-hook icemods='' key='zinit hook:atpull-post'
17465955493>u @zinit-register-hook:8> ZINIT_EXTS2[seqno]=15 
17465955493>u @zinit-register-hook:9> ZINIT_EXTS2[$key${${(M)type#hook:}:+ ${ZINIT_EXTS2[seqno]}}]='15 z-annex-data: compile-plugin hook:atpull-post ∞zinit-compile-plugin-hook '\'\'' '\'\' 
17465955493>u @zinit-register-hook:10> ZINIT_EXTS2[ice-mods]='' 
17465955493>u /Users/peario/.config/zsh/zinit/zinit.zsh:3297> @zinit-register-hook ps-on-update hook:%atpull-post ∞zinit-ps-on-update-hook
17465955493>u @zinit-register-hook:1> emulate -LR zsh -o xtrace
17465955493>u @zinit-register-hook:6> setopt extendedglob nobanghist noshortloops typesetsilent warncreateglobal
17465955493>u @zinit-register-hook:7> local name=ps-on-update type=hook:%atpull-post handler=∞zinit-ps-on-update-hook icemods='' key='zinit hook:%atpull-post'
17465955493>u @zinit-register-hook:8> ZINIT_EXTS2[seqno]=16 
17465955493>u @zinit-register-hook:9> ZINIT_EXTS2[$key${${(M)type#hook:}:+ ${ZINIT_EXTS2[seqno]}}]='16 z-annex-data: ps-on-update hook:%atpull-post ∞zinit-ps-on-update-hook '\'\'' '\'\' 
17465955493>u @zinit-register-hook:10> ZINIT_EXTS2[ice-mods]='' 
17465955493>u /Users/peario/.config/zsh/zinit/zinit.zsh:3300> @zinit-register-hook 'make'\''!!'\' hook:!atclone-pre ∞zinit-make-ee-hook
17465955493>u @zinit-register-hook:1> emulate -LR zsh -o xtrace
17465955493>u @zinit-register-hook:6> setopt extendedglob nobanghist noshortloops typesetsilent warncreateglobal
17465955493>u @zinit-register-hook:7> local name='make'\''!!'\' type=hook:!atclone-pre handler=∞zinit-make-ee-hook icemods='' key='zinit hook:!atclone-pre'
17465955493>u @zinit-register-hook:8> ZINIT_EXTS2[seqno]=17 
17465955493>u @zinit-register-hook:9> ZINIT_EXTS2[$key${${(M)type#hook:}:+ ${ZINIT_EXTS2[seqno]}}]='17 z-annex-data: make\'\''!!\'\'' hook:!atclone-pre ∞zinit-make-ee-hook '\'\'' '\'\' 
17465955493>u @zinit-register-hook:10> ZINIT_EXTS2[ice-mods]='' 
17465955493>u /Users/peario/.config/zsh/zinit/zinit.zsh:3301> @zinit-register-hook extract hook:!atclone-pre ∞zinit-extract-hook
17465955493>u @zinit-register-hook:1> emulate -LR zsh -o xtrace
17465955493>u @zinit-register-hook:6> setopt extendedglob nobanghist noshortloops typesetsilent warncreateglobal
17465955493>u @zinit-register-hook:7> local name=extract type=hook:!atclone-pre handler=∞zinit-extract-hook icemods='' key='zinit hook:!atclone-pre'
17465955493>u @zinit-register-hook:8> ZINIT_EXTS2[seqno]=18 
17465955493>u @zinit-register-hook:9> ZINIT_EXTS2[$key${${(M)type#hook:}:+ ${ZINIT_EXTS2[seqno]}}]='18 z-annex-data: extract hook:!atclone-pre ∞zinit-extract-hook '\'\'' '\'\' 
17465955493>u @zinit-register-hook:10> ZINIT_EXTS2[ice-mods]='' 
17465955493>u /Users/peario/.config/zsh/zinit/zinit.zsh:3302> @zinit-register-hook 'mv'\'\' hook:!atclone-pre ∞zinit-mv-hook
17465955493>u @zinit-register-hook:1> emulate -LR zsh -o xtrace
17465955493>u @zinit-register-hook:6> setopt extendedglob nobanghist noshortloops typesetsilent warncreateglobal
17465955493>u @zinit-register-hook:7> local name='mv'\'\' type=hook:!atclone-pre handler=∞zinit-mv-hook icemods='' key='zinit hook:!atclone-pre'
17465955493>u @zinit-register-hook:8> ZINIT_EXTS2[seqno]=19 
17465955493>u @zinit-register-hook:9> ZINIT_EXTS2[$key${${(M)type#hook:}:+ ${ZINIT_EXTS2[seqno]}}]='19 z-annex-data: mv\'\''\'\'' hook:!atclone-pre ∞zinit-mv-hook '\'\'' '\'\' 
17465955493>u @zinit-register-hook:10> ZINIT_EXTS2[ice-mods]='' 
17465955493>u /Users/peario/.config/zsh/zinit/zinit.zsh:3303> @zinit-register-hook 'cp'\'\' hook:!atclone-pre ∞zinit-cp-hook
17465955493>u @zinit-register-hook:1> emulate -LR zsh -o xtrace
17465955493>u @zinit-register-hook:6> setopt extendedglob nobanghist noshortloops typesetsilent warncreateglobal
17465955493>u @zinit-register-hook:7> local name='cp'\'\' type=hook:!atclone-pre handler=∞zinit-cp-hook icemods='' key='zinit hook:!atclone-pre'
17465955493>u @zinit-register-hook:8> ZINIT_EXTS2[seqno]=20 
17465955493>u @zinit-register-hook:9> ZINIT_EXTS2[$key${${(M)type#hook:}:+ ${ZINIT_EXTS2[seqno]}}]='20 z-annex-data: cp\'\''\'\'' hook:!atclone-pre ∞zinit-cp-hook '\'\'' '\'\' 
17465955493>u @zinit-register-hook:10> ZINIT_EXTS2[ice-mods]='' 
17465955493>u /Users/peario/.config/zsh/zinit/zinit.zsh:3304> @zinit-register-hook compile-plugin hook:!atclone-pre ∞zinit-compile-plugin-hook
17465955493>u @zinit-register-hook:1> emulate -LR zsh -o xtrace
17465955493>u @zinit-register-hook:6> setopt extendedglob nobanghist noshortloops typesetsilent warncreateglobal
17465955493>u @zinit-register-hook:7> local name=compile-plugin type=hook:!atclone-pre handler=∞zinit-compile-plugin-hook icemods='' key='zinit hook:!atclone-pre'
17465955493>u @zinit-register-hook:8> ZINIT_EXTS2[seqno]=21 
17465955493>u @zinit-register-hook:9> ZINIT_EXTS2[$key${${(M)type#hook:}:+ ${ZINIT_EXTS2[seqno]}}]='21 z-annex-data: compile-plugin hook:!atclone-pre ∞zinit-compile-plugin-hook '\'\'' '\'\' 
17465955493>u @zinit-register-hook:10> ZINIT_EXTS2[ice-mods]='' 
17465955493>u /Users/peario/.config/zsh/zinit/zinit.zsh:3306> @zinit-register-hook 'configure'\''!'\' hook:!atclone-post ∞zinit-configure-e-hook
17465955493>u @zinit-register-hook:1> emulate -LR zsh -o xtrace
17465955493>u @zinit-register-hook:6> setopt extendedglob nobanghist noshortloops typesetsilent warncreateglobal
17465955493>u @zinit-register-hook:7> local name='configure'\''!'\' type=hook:!atclone-post handler=∞zinit-configure-e-hook icemods='' key='zinit hook:!atclone-post'
17465955493>u @zinit-register-hook:8> ZINIT_EXTS2[seqno]=22 
17465955493>u @zinit-register-hook:9> ZINIT_EXTS2[$key${${(M)type#hook:}:+ ${ZINIT_EXTS2[seqno]}}]='22 z-annex-data: configure\'\''!\'\'' hook:!atclone-post ∞zinit-configure-e-hook '\'\'' '\'\' 
17465955493>u @zinit-register-hook:10> ZINIT_EXTS2[ice-mods]='' 
17465955493>u /Users/peario/.config/zsh/zinit/zinit.zsh:3307> @zinit-register-hook 'make'\''!'\' hook:!atclone-post ∞zinit-make-e-hook
17465955493>u @zinit-register-hook:1> emulate -LR zsh -o xtrace
17465955493>u @zinit-register-hook:6> setopt extendedglob nobanghist noshortloops typesetsilent warncreateglobal
17465955493>u @zinit-register-hook:7> local name='make'\''!'\' type=hook:!atclone-post handler=∞zinit-make-e-hook icemods='' key='zinit hook:!atclone-post'
17465955493>u @zinit-register-hook:8> ZINIT_EXTS2[seqno]=23 
17465955493>u @zinit-register-hook:9> ZINIT_EXTS2[$key${${(M)type#hook:}:+ ${ZINIT_EXTS2[seqno]}}]='23 z-annex-data: make\'\''!\'\'' hook:!atclone-post ∞zinit-make-e-hook '\'\'' '\'\' 
17465955493>u @zinit-register-hook:10> ZINIT_EXTS2[ice-mods]='' 
17465955493>u /Users/peario/.config/zsh/zinit/zinit.zsh:3308> @zinit-register-hook 'configure'\'\' hook:!atclone-post ∞zinit-configure-hook
17465955493>u @zinit-register-hook:1> emulate -LR zsh -o xtrace
17465955493>u @zinit-register-hook:6> setopt extendedglob nobanghist noshortloops typesetsilent warncreateglobal
17465955493>u @zinit-register-hook:7> local name='configure'\'\' type=hook:!atclone-post handler=∞zinit-configure-hook icemods='' key='zinit hook:!atclone-post'
17465955493>u @zinit-register-hook:8> ZINIT_EXTS2[seqno]=24 
17465955493>u @zinit-register-hook:9> ZINIT_EXTS2[$key${${(M)type#hook:}:+ ${ZINIT_EXTS2[seqno]}}]='24 z-annex-data: configure\'\''\'\'' hook:!atclone-post ∞zinit-configure-hook '\'\'' '\'\' 
17465955493>u @zinit-register-hook:10> ZINIT_EXTS2[ice-mods]='' 
17465955493>u /Users/peario/.config/zsh/zinit/zinit.zsh:3309> @zinit-register-hook atclone hook:!atclone-post ∞zinit-atclone-hook
17465955493>u @zinit-register-hook:1> emulate -LR zsh -o xtrace
17465955493>u @zinit-register-hook:6> setopt extendedglob nobanghist noshortloops typesetsilent warncreateglobal
17465955493>u @zinit-register-hook:7> local name=atclone type=hook:!atclone-post handler=∞zinit-atclone-hook icemods='' key='zinit hook:!atclone-post'
17465955493>u @zinit-register-hook:8> ZINIT_EXTS2[seqno]=25 
17465955493>u @zinit-register-hook:9> ZINIT_EXTS2[$key${${(M)type#hook:}:+ ${ZINIT_EXTS2[seqno]}}]='25 z-annex-data: atclone hook:!atclone-post ∞zinit-atclone-hook '\'\'' '\'\' 
17465955493>u @zinit-register-hook:10> ZINIT_EXTS2[ice-mods]='' 
17465955493>u /Users/peario/.config/zsh/zinit/zinit.zsh:3310> @zinit-register-hook 'make'\'\' hook:!atclone-post ∞zinit-make-hook
17465955493>u @zinit-register-hook:1> emulate -LR zsh -o xtrace
17465955493>u @zinit-register-hook:6> setopt extendedglob nobanghist noshortloops typesetsilent warncreateglobal
17465955493>u @zinit-register-hook:7> local name='make'\'\' type=hook:!atclone-post handler=∞zinit-make-hook icemods='' key='zinit hook:!atclone-post'
17465955493>u @zinit-register-hook:8> ZINIT_EXTS2[seqno]=26 
17465955493>u @zinit-register-hook:9> ZINIT_EXTS2[$key${${(M)type#hook:}:+ ${ZINIT_EXTS2[seqno]}}]='26 z-annex-data: make\'\''\'\'' hook:!atclone-post ∞zinit-make-hook '\'\'' '\'\' 
17465955493>u @zinit-register-hook:10> ZINIT_EXTS2[ice-mods]='' 
17465955493>u /Users/peario/.config/zsh/zinit/zinit.zsh:3311> @zinit-register-hook 'cmake'\'\' hook:!atclone-post +zinit-cmake-hook
17465955493>u @zinit-register-hook:1> emulate -LR zsh -o xtrace
17465955493>u @zinit-register-hook:6> setopt extendedglob nobanghist noshortloops typesetsilent warncreateglobal
17465955493>u @zinit-register-hook:7> local name='cmake'\'\' type=hook:!atclone-post handler=+zinit-cmake-hook icemods='' key='zinit hook:!atclone-post'
17465955493>u @zinit-register-hook:8> ZINIT_EXTS2[seqno]=27 
17465955493>u @zinit-register-hook:9> ZINIT_EXTS2[$key${${(M)type#hook:}:+ ${ZINIT_EXTS2[seqno]}}]='27 z-annex-data: cmake\'\''\'\'' hook:!atclone-post +zinit-cmake-hook '\'\'' '\'\' 
17465955493>u @zinit-register-hook:10> ZINIT_EXTS2[ice-mods]='' 
17465955493>u /Users/peario/.config/zsh/zinit/zinit.zsh:3313> @zinit-register-hook compile-plugin hook:atclone-post ∞zinit-compile-plugin-hook
17465955493>u @zinit-register-hook:1> emulate -LR zsh -o xtrace
17465955493>u @zinit-register-hook:6> setopt extendedglob nobanghist noshortloops typesetsilent warncreateglobal
17465955493>u @zinit-register-hook:7> local name=compile-plugin type=hook:atclone-post handler=∞zinit-compile-plugin-hook icemods='' key='zinit hook:atclone-post'
17465955493>u @zinit-register-hook:8> ZINIT_EXTS2[seqno]=28 
17465955493>u @zinit-register-hook:9> ZINIT_EXTS2[$key${${(M)type#hook:}:+ ${ZINIT_EXTS2[seqno]}}]='28 z-annex-data: compile-plugin hook:atclone-post ∞zinit-compile-plugin-hook '\'\'' '\'\' 
17465955493>u @zinit-register-hook:10> ZINIT_EXTS2[ice-mods]='' 
17465955493>u /Users/peario/.config/zsh/zinit/zinit.zsh:3316> typeset -g REPLY
17465955493>u /Users/peario/.config/zsh/zinit/zinit.zsh:3319> zinit null light-mode autoloadzi-browse-symbol for %/Users/peario/.config/zsh/zinit
17465955493>u zinit:1> local -A ICE ZINIT_ICE
17465955493>u zinit:2> ICE=( ) 
17465955493>u zinit:3> ZINIT_ICE=( ) 
17465955493>u zinit:4> ZINIT_ICES=( ) 
17465955493>u zinit:6> integer ___retval ___retval2 ___correct
17465955493>u zinit:7> local -a match mbegin mend
17465955493>u zinit:8> local MATCH cmd ___q='`' ___q2=\' IFS=$' \t\n\C-@'
17465955493>u zinit:8> integer MBEGIN MEND
17465955493>u zinit:11> match=( ) 
17465955493>u zinit:12> ((  !0  ))
17465955493>u zinit:13> local -a reply
17465955493>u zinit:13> local REPLY
17465955493>u zinit:16> [[ -o ksharrays ]]
17465955493>u zinit:18> local -A ___opt_map OPTS
17465955493>u zinit:19> ___opt_map=( -q 'opt_-q,--quiet:update:[Turn off almost-all messages from the {cmd}update{rst} operation {b-lhi}FOR the objects{rst} which don'\''t have any {b-lhi}new version{rst} available.] *:[Turn off any (or: almost-any) messages from the operation.]' --quiet opt_-q,--quiet -v 'opt_-v,--verbose:Turn on more messages from the operation.' --verbose opt_-v,--verbose -r 'opt_-r,--reset:Reset the repository before updating (or remove the files for single-file snippets and gh-r plugins).' --reset opt_-r,--reset -a 'opt_-a,--all:delete:[Delete {hi}all{rst} plugins and snippets.] update:[Update {b-lhi}all{rst} plugins and snippets.]' --all opt_-a,--all -c 'opt_-c,--clean:Delete {b-lhi}only{rst} the {b-lhi}currently-not loaded{rst} plugins and snippets.' --clean opt_-c,--clean -y 'opt_-y,--yes:Automatically confirm any yes/no prompts.' --yes opt_-y,--yes -f 'opt_-f,--force:Force new download of the snippet file.' --force opt_-f,--force -p 'opt_-p,--parallel:Turn on concurrent, multi-thread update (of all objects).' --parallel opt_-p,--parallel -s 'opt_-s,--snippets:snippets:[Update only snippets (i.e.: skip updating plugins).] times:[Show times in seconds instead of milliseconds.]' --snippets opt_-s,--snippets -L 'opt_-l,--plugins:Update only plugins (i.e.: skip updating snippets).' --plugins opt_-l,--plugins -h 'opt_-h,--help:Show this help message.' --help opt_-h,--help -u 'opt_-u,--urge:Cause all the hooks like{ehi}:{rst} {ice}atpull{apo}'\'\''{rst}, {ice}cp{apo}'\'\''{rst}, etc. to execute even when there aren'\''t any new commits {b}/{rst} any new version of the {b}{meta}gh-r{rst} file {b}/{rst} etc.{…} available for download {ehi}{lr}{rst} simulate a non-empty update.' --urge opt_-u,--urge -n 'opt_-n,--no-pager:Disable the use of the pager.' --no-pager opt_-n,--no-pager -m 'opt_-m,--moments:Show the {apo}*{b-lhi}moments{apo}*{rst} of object (i.e.: a plugin or snippet) loading time.' --moments opt_-m,--moments -b 'opt_-b,--bindkeys:Load in light mode, however do still track {cmd}bindkey{rst} calls (to allow remapping the keys bound).' --bindkeys opt_-b,--bindkeys -x 'opt_-x,--command:Load the snippet as a {cmd}command{rst}, i.e.: add it to {var}$PATH{rst} and set {b-lhi}+x{rst} on it.' --command opt_-x,--command cdclear '--help|--quiet|-h|-q' cdreplay '--help|--quiet|-h|-q' delete '--all|--clean|--help|--quiet|--yes|-a|-c|-h|-q|-y' env-whitelist '--help|--verbose|-h|-v' light '--help|-b|-h' snippet '--command|--force|--help|-f|-h|-x' times '--help|-h|-m|-s' unload '--help|--quiet|-h|-q' update '--all|--help|--no-pager|--parallel|--plugins|--quiet|--reset|--snippets|--urge|--verbose|-L|-a|-h|-n|-p|-q|-r|-s|-u|-v' version '' ) 
17465955493>u zinit:64> cmd=null 
17465955493>u zinit:65> [[ null == (times|unload|env-whitelist|update|snippet|load|light|cdreplay|cdclear) ]]
17465955493>u zinit:75> reply=( ) 
17465955493>u zinit:77> [[ -n null && null != (add-fpath|bindkeys|cclear|cd|cdclear|cdisable|cdlist|cdreplay|cenable|changes|compile|compiled|compinit|completions|create|creinstall|csearch|cuninstall|delete|debug|edit|env-whitelist|fpath|glance|help|--help|-h|ice|light|load|man|module|plugins|recall|recently|report|run|self-update|snippet|snippets|srv|status|stress|times|uncompile|unload|update|version|zstatus|) ]]
17465955493>u zinit:79> integer ___error
17465955493>u zinit:80> [[ null = (load|light|snippet) ]]
17465955493>u zinit:101> .zinit-ice null light-mode autoloadzi-browse-symbol for %/Users/peario/.config/zsh/zinit
17465955493>u .zinit-ice:1> setopt localoptions noksharrays extendedglob warncreateglobal typesetsilent noshortloops
17465955493>u .zinit-ice:2> integer retval
17465955493>u .zinit-ice:3> local bit exts=''
17465955493>u .zinit-ice:4> bit=null
17465955493>u .zinit-ice:5> [[ null = (#b)(--|)(\!bash|\!csh|\!ksh|\!sh|aliases|as|atclone|atdelete|atinit|atload|atpull|autoload|bash|binary|bindmap|blockf|bpick|build|cloneonly|cloneopts|cmake|compile|completions|configure|countdown|cp|csh|debug|depth|extract|from|git|has|id-as|if|install|is-snippet|ksh|light-mode|link|load|lucid|make|multisrc|mv|nocd|nocompile|nocompletions|notify|null|on-update-of|opts|pack|param|pick|proto|ps-on-unload|ps-on-update|pullopts|reset|reset-prompt|run-atpull|service|sh|silent|src|subscribe|subst|svn|teleid|trackbinds|trigger-load|unload|ver|verbose|wait|wrap)(*) ]]
17465955493>u .zinit-ice:5> ZINIT_ICES[${match[2]}]+='' 
17465955493>u .zinit-ice:6> retval+=1 
17465955493>u .zinit-ice:4> bit=light-mode
17465955493>u .zinit-ice:5> [[ light-mode = (#b)(--|)(\!bash|\!csh|\!ksh|\!sh|aliases|as|atclone|atdelete|atinit|atload|atpull|autoload|bash|binary|bindmap|blockf|bpick|build|cloneonly|cloneopts|cmake|compile|completions|configure|countdown|cp|csh|debug|depth|extract|from|git|has|id-as|if|install|is-snippet|ksh|light-mode|link|load|lucid|make|multisrc|mv|nocd|nocompile|nocompletions|notify|null|on-update-of|opts|pack|param|pick|proto|ps-on-unload|ps-on-update|pullopts|reset|reset-prompt|run-atpull|service|sh|silent|src|subscribe|subst|svn|teleid|trackbinds|trigger-load|unload|ver|verbose|wait|wrap)(*) ]]
17465955493>u .zinit-ice:5> ZINIT_ICES[${match[2]}]+='' 
17465955493>u .zinit-ice:6> retval+=1 
17465955493>u .zinit-ice:4> bit=autoloadzi-browse-symbol
17465955493>u .zinit-ice:5> [[ autoloadzi-browse-symbol = (#b)(--|)(\!bash|\!csh|\!ksh|\!sh|aliases|as|atclone|atdelete|atinit|atload|atpull|autoload|bash|binary|bindmap|blockf|bpick|build|cloneonly|cloneopts|cmake|compile|completions|configure|countdown|cp|csh|debug|depth|extract|from|git|has|id-as|if|install|is-snippet|ksh|light-mode|link|load|lucid|make|multisrc|mv|nocd|nocompile|nocompletions|notify|null|on-update-of|opts|pack|param|pick|proto|ps-on-unload|ps-on-update|pullopts|reset|reset-prompt|run-atpull|service|sh|silent|src|subscribe|subst|svn|teleid|trackbinds|trigger-load|unload|ver|verbose|wait|wrap)(*) ]]
17465955493>u .zinit-ice:5> ZINIT_ICES[${match[2]}]+=zi-browse-symbol 
17465955493>u .zinit-ice:6> retval+=1 
17465955493>u .zinit-ice:4> bit=for
17465955493>u .zinit-ice:5> [[ for = (#b)(--|)(\!bash|\!csh|\!ksh|\!sh|aliases|as|atclone|atdelete|atinit|atload|atpull|autoload|bash|binary|bindmap|blockf|bpick|build|cloneonly|cloneopts|cmake|compile|completions|configure|countdown|cp|csh|debug|depth|extract|from|git|has|id-as|if|install|is-snippet|ksh|light-mode|link|load|lucid|make|multisrc|mv|nocd|nocompile|nocompletions|notify|null|on-update-of|opts|pack|param|pick|proto|ps-on-unload|ps-on-update|pullopts|reset|reset-prompt|run-atpull|service|sh|silent|src|subscribe|subst|svn|teleid|trackbinds|trigger-load|unload|ver|verbose|wait|wrap)(*) ]]
17465955493>u .zinit-ice:5> break
17465955493>u .zinit-ice:8> [[ '' = program ]]
17465955493>u .zinit-ice:9> [[ -n '' ]]
17465955493>u .zinit-ice:10> [[ -n '' ]]
17465955493>u .zinit-ice:11> ((  0  ))
17465955493>u .zinit-ice:16> ((  0 || 0 || 0  ))
17465955493>u .zinit-ice:19> ((  0  ))
17465955493>u .zinit-ice:20> ((  0  ))
17465955493>u .zinit-ice:21> return retval
17465955493>u zinit:102> ___retval2=3 
17465955493>u zinit:103> local ___last_ice=autoloadzi-browse-symbol
17465955493>u zinit:104> shift ___retval2
17465955493>u zinit:105> [[ 2 -gt 0 && for != for ]]
17465955493>u zinit:110> ((  2 == 0  ))
17465955493>u zinit:113> shift
17465955493>u zinit:116> integer ___had_wait
17465955493>u zinit:117> local ___id ___ehid ___etid ___key
17465955493>u zinit:118> local -a ___arr
17465955493>u zinit:119> ZINIT[annex-exposed-processed-IDs]='' 
17465955493>u zinit:120> ((  1  ))
17465955493>u zinit:121> local -a ___ices
17465955493>u zinit:122> ___ices=( light-mode '' null '' autoload zi-browse-symbol ) 
17465955493>u zinit:123> ZINIT_ICES=( ) 
17465955493>u zinit:124> ((  1  ))
17465955493>u zinit:125> .zinit-ice %/Users/peario/.config/zsh/zinit
17465955493>u .zinit-ice:1> setopt localoptions noksharrays extendedglob warncreateglobal typesetsilent noshortloops
17465955493>u .zinit-ice:2> integer retval
17465955493>u .zinit-ice:3> local bit exts=''
17465955493>u .zinit-ice:4> bit=%/Users/peario/.config/zsh/zinit
17465955493>u .zinit-ice:5> [[ %/Users/peario/.config/zsh/zinit = (#b)(--|)(\!bash|\!csh|\!ksh|\!sh|aliases|as|atclone|atdelete|atinit|atload|atpull|autoload|bash|binary|bindmap|blockf|bpick|build|cloneonly|cloneopts|cmake|compile|completions|configure|countdown|cp|csh|debug|depth|extract|from|git|has|id-as|if|install|is-snippet|ksh|light-mode|link|load|lucid|make|multisrc|mv|nocd|nocompile|nocompletions|notify|null|on-update-of|opts|pack|param|pick|proto|ps-on-unload|ps-on-update|pullopts|reset|reset-prompt|run-atpull|service|sh|silent|src|subscribe|subst|svn|teleid|trackbinds|trigger-load|unload|ver|verbose|wait|wrap)(*) ]]
17465955493>u .zinit-ice:5> break
17465955493>u .zinit-ice:8> [[ '' = program ]]
17465955493>u .zinit-ice:9> [[ -n '' ]]
17465955493>u .zinit-ice:10> [[ -n '' ]]
17465955493>u .zinit-ice:11> ((  0  ))
17465955493>u .zinit-ice:16> ((  0 || 0 || 0  ))
17465955493>u .zinit-ice:19> ((  0  ))
17465955493>u .zinit-ice:20> ((  0  ))
17465955493>u .zinit-ice:21> return retval
17465955493>u zinit:126> ___retval2=0 
17465955493>u zinit:127> local ___last_ice=''
17465955493>u zinit:128> shift ___retval2
17465955493>u zinit:129> [[ -n %/Users/peario/.config/zsh/zinit ]]
17465955493>u zinit:130> ICE=( light-mode '' null '' autoload zi-browse-symbol ) 
17465955493>u zinit:131> ZINIT_ICE=( null '' light-mode '' autoload zi-browse-symbol ) ZINIT_ICES=( ) 
17465955493>u zinit:132> integer ___msgs=0
17465955493>u zinit:133> ((  ___msgs  ))
17465955493>u zinit:136> ZINIT[annex-exposed-processed-IDs]+='' 
17465955493>u zinit:139> ___id=%/Users/peario/.config/zsh/zinit 
17465955493>u zinit:140> ((  ___is_snippet == -1  ))
17465955493>u zinit:144> ___ehid=%/Users/peario/.config/zsh/zinit 
17465955493>u zinit:150> ___etid=%/Users/peario/.config/zsh/zinit 
17465955493>u zinit:152> ((  0  ))
17465955493>u zinit:160> [[ '' = (auto|) && 0 == 1 ]]
17465955493>u zinit:162> integer ___is_snippet=0
17465955493>u zinit:163> '(anon)' %/Users/peario/.config/zsh/zinit
17465955493>u (anon):1> setopt localoptions extendedglob
17465955493>u (anon):2> [[ 0 -ge 0 && -n '' || %/Users/peario/.config/zsh/zinit = ((#i)(http(s|)|ftp(s|)):/|(OMZL::|PZTM::|OMZP::|PZT::|OMZ::|OMZT::))* ]]
17465955493>u zinit:170> local ___type=plugin
17465955493>u zinit:171> reply=( ) 
17465955493>u zinit:211> integer ___action_load=0 ___turbo=0
17465955493>u zinit:212> [[ -n '' ]]
17465955493>u zinit:216> [[ -n '' || 0 == 1 ]]
17465955493>u zinit:228> ((  ! ___turbo  ))
17465955493>u zinit:229> ___action_load=1 
17465955493>u zinit:230> reply=( 1 ) 
17465955493>u zinit:235> [[ 1 -eq 1 && -n '' ]]
17465955493>u zinit:259> ((  0  ))
17465955493>u zinit:267> integer ___had_cloneonly=0
17465955493>u zinit:268> ICE[wait]='' 
17465955493>u zinit:269> ((  ___action_load || !ZINIT[HAVE_SCHEDULER]  ))
17465955493>u zinit:270> ((  ___turbo && ZINIT[HAVE_SCHEDULER]  ))
17465955493>u zinit:275> ((  ___is_snippet  ))
17465955493>u zinit:277> local ___opt=light
17465955493>u zinit:279> .zinit-load-object plugin %/Users/peario/.config/zsh/zinit light
17465955493>u .zinit-load-object:1> local ___type=plugin ___id=%/Users/peario/.config/zsh/zinit
17465955493>u .zinit-load-object:2> local -a ___opt
17465955493>u .zinit-load-object:3> ___opt=( light ) 
17465955493>u .zinit-load-object:5> [[ plugin == snippet ]]
17465955493>u .zinit-load-object:7> [[ plugin == plugin ]]
17465955493>u .zinit-load-object:8> .zinit-load %/Users/peario/.config/zsh/zinit '' light
17465955493>u .zinit-load:1> typeset -F 3 SECONDS=0
17465955493>u .zinit-load:2> local ___mode=light ___limit='' ___rst=0 ___retval=0 ___key
17465955493>u .zinit-load:3> .zinit-any-to-user-plugin %/Users/peario/.config/zsh/zinit ''
17465955493>u .zinit-any-to-user-plugin:1> emulate -LR zsh -o xtrace
17465955493>u .zinit-any-to-user-plugin:2> setopt extendedglob typesetsilent noshortloops rcquotes warncreateglobal
17465955493>u .zinit-any-to-user-plugin:7> [[ -n '' ]]
17465955493>u .zinit-any-to-user-plugin:14> [[ %/Users/peario/.config/zsh/zinit = /* ]]
17465955493>u .zinit-any-to-user-plugin:20> [[ %/Users/peario/.config/zsh/zinit = %* ]]
17465955493>u .zinit-any-to-user-plugin:21> local -A map
17465955493>u .zinit-any-to-user-plugin:22> map=( ZPFX /Users/peario/.local/share/zinit/polaris HOME /Users/peario SNIPPETS /Users/peario/.local/share/zinit/snippets PLUGINS /Users/peario/.local/share/zinit/plugins ) 
17465955493>u .zinit-any-to-user-plugin:23> reply=( % /Users/peario/.config/zsh/zinit ) 
17465955493>u .zinit-any-to-user-plugin:24> reply[2]=/Users/peario/.config/zsh/zinit 
17465955493>u .zinit-any-to-user-plugin:25> return 0
17465955493>u .zinit-load:4> local ___user=% ___plugin=/Users/peario/.config/zsh/zinit ___id_as=%/Users/peario/.config/zsh/zinit
17465955493>u .zinit-load:5> local ___pdir_path=/Users/peario/.config/zsh/zinit
17465955493>u .zinit-load:6> local ___pdir_orig=/Users/peario/.config/zsh/zinit
17465955493>u .zinit-load:7> ZINIT[CUR_USR]=% ZINIT[CUR_PLUGIN]=/Users/peario/.config/zsh/zinit ZINIT[CUR_USPL2]=%/Users/peario/.config/zsh/zinit 
17465955493>u .zinit-load:8> [[ -n '' ]]
17465955493>u .zinit-load:12> ICE[teleid]=%/Users/peario/.config/zsh/zinit 
17465955493>u .zinit-load:15> .zinit-set-m-func set
17465955493>u .zinit-set-m-func:1> [[ set == set ]]
17465955493>u .zinit-set-m-func:2> ZINIT[___m_bkp]='' 
17465955493>u .zinit-set-m-func:3> setopt noaliases
17465955493>u .zinit-set-m-func:4> functions[m]=$'\tbuiltin emulate -LR zsh -o extendedglob ${=${options[xtrace]:#off}:+-o xtrace}\n\tlocal opt msg\n\t[[ $1 = -* ]] && {\n\t\tlocal opt=$1 \n\t\tshift\n\t}\n\tZINIT[__last-formatter-code]= \n\tmsg=${${(j: :)${@:#--}}//\\%/%%} \n\tif [[ -z $ZINIT[DEBUG] ]] && [[ "$msg" = (#s){dbg}* ]]\n\tthen\n\t\treturn\n\tfi\n\tmsg=${${msg//(#b)(([\\\\]|(%F))([\\{]([^\\}]##)[\\}])|([\\{]([^\\}]##)[\\}])([^\\%\\{\\\\]#))/${match[4]:+${${match[3]:-$ZINIT[col-${ZINIT[__last-formatter-code]}]}:#%F}}$match[3]$match[4]${${functions[.zinit-formatter-$match[7]]:+${$(.zinit-formatter-$match[7] "$match[8]"; builtin print -rn -- $REPLY):-←→}}:-$(.zinit-main-message-formatter "$match[6]" "$match[7]" "$match[8]"; \\\n  builtin print -rn -- "$REPLY"\n )${${ZINIT[__last-formatter-code]::=${${${match[7]:#(…|ndsh|mdsh|mmdsh|-…|lr)}:+$match[7]}:-${ZINIT[__last-formatter-code]}}}:+}}}//←→} \n\t[[ -z $msg ]] && return\n\tmsg=$msg$ZINIT[col-rst] \n\tbuiltin print -Pr ${opt:#--} -- $msg\n\tif [[ -n ${opt:#*n*} || -z $opt ]]\n\tthen\n\t\tprint -n $\'\\015\'\n\tfi' 
17465955493>u .zinit-set-m-func:5> setopt aliases
17465955493>u .zinit-load:17> local -a ___arr
17465955493>u .zinit-load:18> reply=( ) 
17465955493>u .zinit-load:29> [[ % != % ]]
17465955493>u .zinit-load:59> ZINIT_SICE[$___id_as]='' 
17465955493>u .zinit-load:60> .zinit-pack-ice %/Users/peario/.config/zsh/zinit
17465955493>u .zinit-pack-ice:1> ZINIT_SICE[$1${1:+${2:+/}}$2]+='wait '\'\'' teleid %/Users/peario/.config/zsh/zinit null '\'\'' light-mode '\'\'' autoload zi-browse-symbol ' 
17465955493>u .zinit-pack-ice:2> ZINIT_SICE[$1${1:+${2:+/}}$2]='wait '\'\'' teleid %/Users/peario/.config/zsh/zinit null '\'\'' light-mode '\'\'' autoload zi-browse-symbol ' 
17465955493>u .zinit-pack-ice:3> return 0
17465955493>u .zinit-load:62> ((  0  ))
17465955493>u .zinit-load:64> .zinit-register-plugin %/Users/peario/.config/zsh/zinit light %/Users/peario/.config/zsh/zinit
17465955493>u .zinit-register-plugin:1> local uspl2=%/Users/peario/.config/zsh/zinit mode=light teleid=%/Users/peario/.config/zsh/zinit
17465955493>u .zinit-register-plugin:2> integer ret=0
17465955493>u .zinit-register-plugin:4> [[ -z '' ]]
17465955493>u .zinit-register-plugin:5> ZINIT_REGISTERED_PLUGINS+=( %/Users/peario/.config/zsh/zinit ) 
17465955493>u .zinit-register-plugin:13> zsh_loaded_plugins+=( %/Users/peario/.config/zsh/zinit ) 
17465955493>u .zinit-register-plugin:16> [[ light == light ]]
17465955493>u .zinit-register-plugin:16> ZINIT[STATES__$uspl2]=1 
17465955493>u .zinit-register-plugin:18> ZINIT_REPORTS[$uspl2]='' ZINIT_CUR_BIND_MAP=( empty 1 ) 
17465955493>u .zinit-register-plugin:20> ZINIT[FUNCTIONS_BEFORE__$uspl2]='' ZINIT[FUNCTIONS_AFTER__$uspl2]='' 
17465955493>u .zinit-register-plugin:21> ZINIT[FUNCTIONS__$uspl2]='' 
17465955493>u .zinit-register-plugin:23> ZINIT[ZSTYLES__$uspl2]='' ZINIT[BINDKEYS__$uspl2]='' 
17465955493>u .zinit-register-plugin:24> ZINIT[ALIASES__$uspl2]='' 
17465955493>u .zinit-register-plugin:26> ZINIT[WIDGETS_SAVED__$uspl2]='' ZINIT[WIDGETS_DELETE__$uspl2]='' 
17465955493>u .zinit-register-plugin:28> ZINIT[OPTIONS__$uspl2]='' ZINIT[PATH__$uspl2]='' 
17465955493>u .zinit-register-plugin:29> ZINIT[OPTIONS_BEFORE__$uspl2]='' ZINIT[OPTIONS_AFTER__$uspl2]='' 
17465955493>u .zinit-register-plugin:30> ZINIT[FPATH__$uspl2]='' 
17465955493>u .zinit-register-plugin:32> return ret
17465955493>u .zinit-load:67> [[ -n '' ]]
17465955493>u .zinit-load:71> reply=( ) 
17465955493>u .zinit-load:78> [[ 0 = 1 ]]
17465955493>u .zinit-load:80> reply=( ) 
17465955493>u .zinit-load:87> .zinit-load-plugin % /Users/peario/.config/zsh/zinit %/Users/peario/.config/zsh/zinit light 0 ''
17465955493>u .zinit-load-plugin:1> local ___user=% ___plugin=/Users/peario/.config/zsh/zinit ___id_as=%/Users/peario/.config/zsh/zinit ___mode=light ___rst=0 ___limit='' ___correct=0 ___retval=0
17465955493>u .zinit-load-plugin:3> local ___pbase=zinit ___key
17465955493>u .zinit-load-plugin:6> set --
17465955493>u .zinit-load-plugin:7> [[ -o ksharrays ]]
17465955493>u .zinit-load-plugin:9> [[ -n '' ]]
17465955493>u .zinit-load-plugin:21> [[ -z '' ]]
17465955493>u .zinit-load-plugin:21> local ___builtin=builtin
17465955493>u .zinit-load-plugin:23> [[ '' = null || 1 -eq 1 ]]
17465955493>u .zinit-load-plugin:24> ICE[pick]=/dev/null 
17465955493>u .zinit-load-plugin:26> [[ -n zi-browse-symbol ]]
17465955493>u .zinit-load-plugin:27> :zinit-tmp-subst-autoload -Uz zi-browse-symbol
17465955493>u :zinit-tmp-subst-autoload:1> emulate -LR zsh -o xtrace
17465955493>u :zinit-tmp-subst-autoload:2> setopt extendedglob warncreateglobal typesetsilent rcquotes
17465955493>u :zinit-tmp-subst-autoload:3> local -a opts opts2 custom reply
17465955493>u :zinit-tmp-subst-autoload:4> local func
17465955493>u :zinit-tmp-subst-autoload:6> zparseopts -D -E -M -a opts R T U X d k m r t W z w C 'I+=opts2' 'S+:=custom'
17465955493>u :zinit-tmp-subst-autoload:8> set -- zi-browse-symbol
17465955493>u :zinit-tmp-subst-autoload:11> .zinit-any-to-user-plugin %/Users/peario/.config/zsh/zinit
17465955493>u .zinit-any-to-user-plugin:1> emulate -LR zsh -o xtrace
17465955493>u .zinit-any-to-user-plugin:2> setopt extendedglob typesetsilent noshortloops rcquotes warncreateglobal
17465955493>u .zinit-any-to-user-plugin:7> [[ -n '' ]]
17465955493>u .zinit-any-to-user-plugin:14> [[ %/Users/peario/.config/zsh/zinit = /* ]]
17465955493>u .zinit-any-to-user-plugin:20> [[ %/Users/peario/.config/zsh/zinit = %* ]]
17465955493>u .zinit-any-to-user-plugin:21> local -A map
17465955493>u .zinit-any-to-user-plugin:22> map=( ZPFX /Users/peario/.local/share/zinit/polaris HOME /Users/peario SNIPPETS /Users/peario/.local/share/zinit/snippets PLUGINS /Users/peario/.local/share/zinit/plugins ) 
17465955493>u .zinit-any-to-user-plugin:23> reply=( % /Users/peario/.config/zsh/zinit ) 
17465955493>u .zinit-any-to-user-plugin:24> reply[2]=/Users/peario/.config/zsh/zinit 
17465955493>u .zinit-any-to-user-plugin:25> return 0
17465955493>u :zinit-tmp-subst-autoload:12> [[ % = % ]]
17465955493>u :zinit-tmp-subst-autoload:13> local PLUGIN_DIR=/Users/peario/.config/zsh/zinit
17465955493>u :zinit-tmp-subst-autoload:18> local -a fpath_elements
17465955493>u :zinit-tmp-subst-autoload:19> fpath_elements=( ) 
17465955493>u :zinit-tmp-subst-autoload:23> [[ -d /Users/peario/.config/zsh/zinit/functions ]]
17465955493>u :zinit-tmp-subst-autoload:25> ((  0  ))
17465955493>u :zinit-tmp-subst-autoload:30> ((  0  ))
17465955493>u :zinit-tmp-subst-autoload:36> [[ -n '' ]]
17465955493>u :zinit-tmp-subst-autoload:45> func=zi-browse-symbol
17465955493>u :zinit-tmp-subst-autoload:46> .zinit-add-report %/Users/peario/.config/zsh/zinit 'Autoload zi-browse-symbol with options -U -z'
17465955493>u .zinit-add-report:2> [[ -n %/Users/peario/.config/zsh/zinit ]]
17465955493>u .zinit-add-report:2> ((  0 && 0  ))
17465955493>u .zinit-add-report:2> ZINIT_REPORTS[$1]+=$'Autoload zi-browse-symbol with options -U -z\n' 
17465955493>u .zinit-add-report:3> [[ 0 = 1 ]]
17465955493>u .zinit-add-report:4> return 0
17465955493>u :zinit-tmp-subst-autoload:49> integer count retval
17465955493>u :zinit-tmp-subst-autoload:50> func=zi-browse-symbol
17465955493>u :zinit-tmp-subst-autoload:53> ((  0 != 1  ))
17465955493>u :zinit-tmp-subst-autoload:54> setopt noaliases
17465955493>u :zinit-tmp-subst-autoload:55> [[ zi-browse-symbol == /* ]]
17465955493>u :zinit-tmp-subst-autoload:58> [[ zi-browse-symbol == /* ]]
17465955493>u :zinit-tmp-subst-autoload:75> [[ 1 = 2 ]]
17465955493>u :zinit-tmp-subst-autoload:78> [[ 1 = 1 ]]
17465955493>u :zinit-tmp-subst-autoload:79> ((  0  ))
17465955493>u :zinit-tmp-subst-autoload:103> functions[$func]=$'\n                        local -a fpath\n                        fpath=( "/Users/peario/.config/zsh/zinit"  "/Users/peario/.local/share/zinit/completions" "/usr/local/share/zsh/site-functions" "/usr/share/zsh/site-functions" "/usr/share/zsh/5.9/functions" )\n                        builtin autoload -X -U -z\n                    ' 
17465955493>u :zinit-tmp-subst-autoload:108> retval=0 
17465955493>u :zinit-tmp-subst-autoload:116> ((  ZINIT[ALIASES_OPT]  ))
17465955493>u :zinit-tmp-subst-autoload:116> setopt aliases
17465955493>u :zinit-tmp-subst-autoload:118> ((  0  ))
17465955493>u :zinit-tmp-subst-autoload:124> return 0
17465955493>u .zinit-load-plugin:32> [[ '' = command ]]
17465955493>u .zinit-load-plugin:81> [[ '' = completion ]]
17465955493>u .zinit-load-plugin:84> [[ -n /dev/null ]]
17465955493>u .zinit-load-plugin:85> [[ /dev/null = /dev/null ]]
17465955493>u .zinit-load-plugin:85> reply=( /dev/null ) 
17465955493>u .zinit-load-plugin:95> local ___fname=null
17465955493>u .zinit-load-plugin:96> ___pdir_path=/dev 
17465955493>u .zinit-load-plugin:98> .zinit-add-report %/Users/peario/.config/zsh/zinit 'Source null (no reporting)'
17465955493>u .zinit-add-report:2> [[ -n %/Users/peario/.config/zsh/zinit ]]
17465955493>u .zinit-add-report:2> ((  0 && 0  ))
17465955493>u .zinit-add-report:2> ZINIT_REPORTS[$1]+=$'Source null (no reporting)\n' 
17465955493>u .zinit-add-report:3> [[ 0 = 1 ]]
17465955493>u .zinit-add-report:4> return 0
17465955493>u .zinit-load-plugin:101> [[ light != light(|-b) ]]
17465955493>u .zinit-load-plugin:103> .zinit-tmp-subst-on light
17465955493>u .zinit-tmp-subst-on:1> local mode=light
17465955493>u .zinit-tmp-subst-on:11> [[ inactive != inactive ]]
17465955493>u .zinit-tmp-subst-on:13> ZINIT[TMP_SUBST]=light 
17465955493>u .zinit-tmp-subst-on:19> unset 'ZINIT[bkp-autoload]' 'ZINIT[bkp-compdef]'
17465955493>u .zinit-tmp-subst-on:21> [[ light != compdef ]]
17465955493>u .zinit-tmp-subst-on:23> ((  0  ))
17465955493>u .zinit-tmp-subst-on:24> functions[autoload]=':zinit-tmp-subst-autoload "$@";' 
17465955493>u .zinit-tmp-subst-on:28> ((  0  ))
17465955493>u .zinit-tmp-subst-on:29> functions[compdef]=':zinit-tmp-subst-compdef "$@";' 
17465955493>u .zinit-tmp-subst-on:32> [[ -n '' ]]
17465955493>u .zinit-tmp-subst-on:41> [[ light = light && 0 -eq 0 ]]
17465955493>u .zinit-tmp-subst-on:41> return 0
17465955493>u .zinit-load-plugin:106> ((  0  ))
17465955493>u .zinit-load-plugin:107> local ZERO=/dev/null
17465955493>u .zinit-load-plugin:108> ((  0  ))
17465955493>u .zinit-load-plugin:108> setopt noaliases
17465955493>u .zinit-load-plugin:109> [[ '' = !* ]]
17465955493>u .zinit-load-plugin:110> ((  0  ))
17465955493>u .zinit-load-plugin:110> (( 1 ))
17465955493>u .zinit-load-plugin:110> [[ -n '' ]]
17465955493>u .zinit-load-plugin:110> (( 1 ))
17465955493>u .zinit-load-plugin:110> source /dev/null
17465955493>u .zinit-load-plugin:110> ((  ___retval += 0  ))
17465955493>u .zinit-load-plugin:111> [[ -n '' ]]
17465955493>u .zinit-load-plugin:112> [[ -n '' ]]
17465955493>u .zinit-load-plugin:115> reply=( ) 
17465955493>u .zinit-load-plugin:122> [[ -n '' ]]
17465955493>u .zinit-load-plugin:127> [[ '' = ! ]]
17465955493>u .zinit-load-plugin:128> ((  ZINIT[ALIASES_OPT]  ))
17465955493>u .zinit-load-plugin:128> setopt aliases
17465955493>u .zinit-load-plugin:129> ((  0  ))
17465955493>u .zinit-load-plugin:131> .zinit-tmp-subst-off light
17465955493>u .zinit-tmp-subst-off:1> setopt localoptions noerrreturn noerrexit extendedglob warncreateglobal typesetsilent noshortloops unset noaliases
17465955493>u .zinit-tmp-subst-off:3> local mode=light
17465955493>u .zinit-tmp-subst-off:7> [[ light = inactive || light != light ]]
17465955493>u .zinit-tmp-subst-off:9> ZINIT[TMP_SUBST]=inactive 
17465955493>u .zinit-tmp-subst-off:11> [[ light != compdef ]]
17465955493>u .zinit-tmp-subst-off:13> ((  0  ))
17465955493>u .zinit-tmp-subst-off:13> unfunction autoload
17465955493>u .zinit-tmp-subst-off:17> ((  0  ))
17465955493>u .zinit-tmp-subst-off:17> unfunction compdef
17465955493>u .zinit-tmp-subst-off:20> ((  0  ))
17465955493>u .zinit-tmp-subst-off:20> unfunction source
17465955493>u .zinit-tmp-subst-off:21> ((  0  ))
17465955493>u .zinit-tmp-subst-off:21> unfunction .
17465955493>u .zinit-tmp-subst-off:24> [[ light = light && 0 -eq 0 ]]
17465955493>u .zinit-tmp-subst-off:24> return 0
17465955493>u .zinit-load-plugin:133> [[ light != light(|-b) ]]
17465955493>u .zinit-load-plugin:136> [[ 0 = 1 ]]
17465955493>u .zinit-load-plugin:138> reply=( ) 
17465955493>u .zinit-load-plugin:144> ((  ___rst  ))
17465955493>u .zinit-load-plugin:146> return ___retval
17465955493>u .zinit-load:88> ___retval=0 
17465955493>u .zinit-load:89> ((  0 == 1  ))
17465955493>u .zinit-load:90> ((  0 == 1  ))
17465955493>u .zinit-load:93> .zinit-set-m-func unset
17465955493>u .zinit-set-m-func:1> [[ unset == set ]]
17465955493>u .zinit-set-m-func:6> [[ unset == unset ]]
17465955493>u .zinit-set-m-func:7> [[ -n '' ]]
17465955493>u .zinit-set-m-func:12> unset 'functions[m]'
17465955493>u .zinit-load:96> ZINIT[CUR_USR]='' ZINIT[CUR_PLUGIN]='' ZINIT[CUR_USPL2]='' 
17465955493>u .zinit-load:98> ZINIT[TIME_INDEX]=1 
17465955493>u .zinit-load:99> ZINIT[TIME_${ZINIT[TIME_INDEX]}_${___id_as//\//---}]=0.003 
17465955493>u .zinit-load:100> ZINIT[AT_TIME_${ZINIT[TIME_INDEX]}_${___id_as//\//---}]=1746595549.6994678974 
17465955493>u .zinit-load:101> return ___retval
17465955493>u .zinit-load-object:10> ___retval+=0 
17465955493>u .zinit-load-object:12> return __retval
17465955493>u zinit:280> integer ___last_retval=0
17465955493>u zinit:281> ___retval+=___last_retval 
17465955493>u zinit:283> ((  ___turbo && !___had_cloneonly && ZINIT[HAVE_SCHEDULER]  ))
17465955493>u zinit:288> ((  ___turbo && ZINIT[HAVE_SCHEDULER] && 0 == ___last_retval  ))
17465955493>u zinit:305> ((  1  ))
17465955493>u zinit:305> shift
17465955493>u zinit:306> ___is_snippet=0 
17465955493>u zinit:124> ((  0  ))
17465955493>u zinit:312> ((  ___error  ))
17465955493>u zinit:325> ((  ! 0  ))
17465955493>u zinit:326> return ___retval
17465955493>u /Users/peario/.config/zsh/zinit/zinit.zsh:3320> zle -N zi-browse-symbol
17465955493>u /Users/peario/.config/zsh/zinit/zinit.zsh:3321> zle -N zi-browse-symbol-backwards zi-browse-symbol
17465955493>u /Users/peario/.config/zsh/zinit/zinit.zsh:3322> zle -N zi-browse-symbol-pbackwards zi-browse-symbol
17465955493>u /Users/peario/.config/zsh/zinit/zinit.zsh:3323> zle -N zi-browse-symbol-pforwards zi-browse-symbol
17465955493>u /Users/peario/.config/zsh/zinit/zinit.zsh:3324> zstyle -s :zinit:browse-symbol key ZINIT_TMP
17465955493>u /Users/peario/.config/zsh/zinit/zinit.zsh:3324> ZINIT_TMP='\eQ' 
17465955493>u /Users/peario/.config/zsh/zinit/zinit.zsh:3325> [[ -n '\eQ' ]]
17465955493>u /Users/peario/.config/zsh/zinit/zinit.zsh:3325> bindkey '\eQ' zi-browse-symbol
17465955493>u /Users/peario/.config/zsh/.zshrc:32> zmodload zsh/complist
17465955493>u /Users/peario/.config/zsh/.zshrc:33> zmodload zsh/zle
17465955493>u /Users/peario/.config/zsh/.zshrc:36> autoload -z edit-command-line
17465955493>u /Users/peario/.config/zsh/.zshrc:37> zle -N edit-command-line
17465955493>u /Users/peario/.config/zsh/.zshrc:38> bindkey '^e' edit-command-line
17465955493>u /Users/peario/.config/zsh/.zshrc:42> autoload -Uz colors
17465955493>u /Users/peario/.config/zsh/.zshrc:42> colors
17465955493>u colors:4> emulate -L zsh
17465955493>u colors:6> typeset -Ag color colour
17465955493>u colors:8> color=( 00 none 01 bold 02 faint 22 normal 03 italic 23 no-italic 04 underline 24 no-underline 05 blink 25 no-blink 07 reverse 27 no-reverse 08 conceal 28 no-conceal 30 black 40 bg-black 31 red 41 bg-red 32 green 42 bg-green 33 yellow 43 bg-yellow 34 blue 44 bg-blue 35 magenta 45 bg-magenta 36 cyan 46 bg-cyan 37 white 47 bg-white 39 default 49 bg-default ) 
17465955493>u colors:77> local k
17465955493>u colors:78> k=44
17465955493>u colors:78> color[${color[$k]}]=44 
17465955493>u colors:78> k=33
17465955493>u colors:78> color[${color[$k]}]=33 
17465955493>u colors:78> k=22
17465955493>u colors:78> color[${color[$k]}]=22 
17465955493>u colors:78> k=00
17465955493>u colors:78> color[${color[$k]}]=00 
17465955493>u colors:78> k=45
17465955493>u colors:78> color[${color[$k]}]=45 
17465955493>u colors:78> k=34
17465955493>u colors:78> color[${color[$k]}]=34 
17465955493>u colors:78> k=23
17465955493>u colors:78> color[${color[$k]}]=23 
17465955493>u colors:78> k=01
17465955493>u colors:78> color[${color[$k]}]=01 
17465955493>u colors:78> k=46
17465955493>u colors:78> color[${color[$k]}]=46 
17465955493>u colors:78> k=35
17465955493>u colors:78> color[${color[$k]}]=35 
17465955493>u colors:78> k=24
17465955493>u colors:78> color[${color[$k]}]=24 
17465955493>u colors:78> k=02
17465955493>u colors:78> color[${color[$k]}]=02 
17465955493>u colors:78> k=47
17465955493>u colors:78> color[${color[$k]}]=47 
17465955493>u colors:78> k=36
17465955493>u colors:78> color[${color[$k]}]=36 
17465955493>u colors:78> k=25
17465955493>u colors:78> color[${color[$k]}]=25 
17465955493>u colors:78> k=03
17465955493>u colors:78> color[${color[$k]}]=03 
17465955493>u colors:78> k=37
17465955493>u colors:78> color[${color[$k]}]=37 
17465955493>u colors:78> k=04
17465955493>u colors:78> color[${color[$k]}]=04 
17465955493>u colors:78> k=49
17465955493>u colors:78> color[${color[$k]}]=49 
17465955493>u colors:78> k=27
17465955493>u colors:78> color[${color[$k]}]=27 
17465955493>u colors:78> k=05
17465955493>u colors:78> color[${color[$k]}]=05 
17465955493>u colors:78> k=39
17465955493>u colors:78> color[${color[$k]}]=39 
17465955493>u colors:78> k=28
17465955493>u colors:78> color[${color[$k]}]=28 
17465955493>u colors:78> k=07
17465955493>u colors:78> color[${color[$k]}]=07 
17465955493>u colors:78> k=08
17465955493>u colors:78> color[${color[$k]}]=08 
17465955493>u colors:78> k=40
17465955493>u colors:78> color[${color[$k]}]=40 
17465955493>u colors:78> k=41
17465955493>u colors:78> color[${color[$k]}]=41 
17465955493>u colors:78> k=30
17465955493>u colors:78> color[${color[$k]}]=30 
17465955493>u colors:78> k=42
17465955493>u colors:78> color[${color[$k]}]=42 
17465955493>u colors:78> k=31
17465955493>u colors:78> color[${color[$k]}]=31 
17465955493>u colors:78> k=43
17465955493>u colors:78> color[${color[$k]}]=43 
17465955493>u colors:78> k=32
17465955493>u colors:78> color[${color[$k]}]=32 
17465955493>u colors:82> k=30
17465955493>u colors:82> color[fg-${color[$k]}]=30 
17465955493>u colors:82> k=31
17465955493>u colors:82> color[fg-${color[$k]}]=31 
17465955493>u colors:82> k=32
17465955493>u colors:82> color[fg-${color[$k]}]=32 
17465955493>u colors:82> k=33
17465955493>u colors:82> color[fg-${color[$k]}]=33 
17465955493>u colors:82> k=34
17465955493>u colors:82> color[fg-${color[$k]}]=34 
17465955493>u colors:82> k=35
17465955493>u colors:82> color[fg-${color[$k]}]=35 
17465955493>u colors:82> k=36
17465955493>u colors:82> color[fg-${color[$k]}]=36 
17465955493>u colors:82> k=37
17465955493>u colors:82> color[fg-${color[$k]}]=37 
17465955493>u colors:82> k=39
17465955493>u colors:82> color[fg-${color[$k]}]=39 
17465955493>u colors:86> k=grey
17465955493>u colors:87> color[$k]=30 
17465955493>u colors:88> color[fg-$k]=30 
17465955493>u colors:89> color[bg-$k]=40 
17465955493>u colors:86> k=gray
17465955493>u colors:87> color[$k]=30 
17465955493>u colors:88> color[fg-$k]=30 
17465955493>u colors:89> color[bg-$k]=40 
17465955493>u colors:94> colour=( 00 none 22 normal 44 bg-blue fg-red 31 01 bold 23 no-italic 45 bg-magenta 02 faint 24 no-underline 46 bg-cyan 03 italic 25 no-blink 47 bg-white 04 underline yellow 33 bg-red 41 bold 01 05 blink 27 no-reverse 49 bg-default no-reverse 27 28 no-conceal 07 reverse 08 conceal fg-black 30 red 31 conceal 08 default 39 faint 02 fg-green 32 no-underline 24 bg-magenta 45 magenta 35 blink 05 blue 34 grey 30 fg-default 39 bg-white 47 30 black 31 red 32 green bg-yellow 43 33 yellow gray 30 cyan 36 34 blue 35 magenta white 37 36 cyan 37 white bg-blue 44 fg-magenta 35 39 default bg-grey 40 no-conceal 28 reverse 07 bg-gray 40 bg-cyan 46 underline 04 italic 03 no-italic 23 fg-yellow 33 fg-white 37 bg-black 40 normal 22 fg-blue 34 bg-green 42 none 00 fg-grey 30 black 30 no-blink 25 bg-default 49 40 bg-black fg-gray 30 fg-cyan 36 green 32 41 bg-red 42 bg-green 43 bg-yellow ) 
17465955493>u colors:98> local lc=$'\C-[[' rc=m
17465955493>u colors:100> typeset -Hg reset_color bold_color
17465955493>u colors:101> reset_color=$'\C-[[00m' 
17465955493>u colors:102> bold_color=$'\C-[[01m' 
17465955493>u colors:106> typeset -AHg fg fg_bold fg_no_bold
17465955493>u colors:107> k=fg-red
17465955493>u colors:108> fg[${k#fg-}]=$'\C-[[31m' 
17465955493>u colors:109> fg_bold[${k#fg-}]=$'\C-[[01;31m' 
17465955493>u colors:110> fg_no_bold[${k#fg-}]=$'\C-[[22;31m' 
17465955493>u colors:107> k=fg-black
17465955493>u colors:108> fg[${k#fg-}]=$'\C-[[30m' 
17465955493>u colors:109> fg_bold[${k#fg-}]=$'\C-[[01;30m' 
17465955493>u colors:110> fg_no_bold[${k#fg-}]=$'\C-[[22;30m' 
17465955493>u colors:107> k=fg-green
17465955493>u colors:108> fg[${k#fg-}]=$'\C-[[32m' 
17465955493>u colors:109> fg_bold[${k#fg-}]=$'\C-[[01;32m' 
17465955493>u colors:110> fg_no_bold[${k#fg-}]=$'\C-[[22;32m' 
17465955493>u colors:107> k=fg-default
17465955493>u colors:108> fg[${k#fg-}]=$'\C-[[39m' 
17465955493>u colors:109> fg_bold[${k#fg-}]=$'\C-[[01;39m' 
17465955493>u colors:110> fg_no_bold[${k#fg-}]=$'\C-[[22;39m' 
17465955493>u colors:107> k=fg-magenta
17465955493>u colors:108> fg[${k#fg-}]=$'\C-[[35m' 
17465955493>u colors:109> fg_bold[${k#fg-}]=$'\C-[[01;35m' 
17465955493>u colors:110> fg_no_bold[${k#fg-}]=$'\C-[[22;35m' 
17465955493>u colors:107> k=fg-yellow
17465955493>u colors:108> fg[${k#fg-}]=$'\C-[[33m' 
17465955493>u colors:109> fg_bold[${k#fg-}]=$'\C-[[01;33m' 
17465955493>u colors:110> fg_no_bold[${k#fg-}]=$'\C-[[22;33m' 
17465955493>u colors:107> k=fg-white
17465955493>u colors:108> fg[${k#fg-}]=$'\C-[[37m' 
17465955493>u colors:109> fg_bold[${k#fg-}]=$'\C-[[01;37m' 
17465955493>u colors:110> fg_no_bold[${k#fg-}]=$'\C-[[22;37m' 
17465955493>u colors:107> k=fg-blue
17465955493>u colors:108> fg[${k#fg-}]=$'\C-[[34m' 
17465955493>u colors:109> fg_bold[${k#fg-}]=$'\C-[[01;34m' 
17465955493>u colors:110> fg_no_bold[${k#fg-}]=$'\C-[[22;34m' 
17465955493>u colors:107> k=fg-grey
17465955493>u colors:108> fg[${k#fg-}]=$'\C-[[30m' 
17465955493>u colors:109> fg_bold[${k#fg-}]=$'\C-[[01;30m' 
17465955493>u colors:110> fg_no_bold[${k#fg-}]=$'\C-[[22;30m' 
17465955493>u colors:107> k=fg-gray
17465955493>u colors:108> fg[${k#fg-}]=$'\C-[[30m' 
17465955493>u colors:109> fg_bold[${k#fg-}]=$'\C-[[01;30m' 
17465955493>u colors:110> fg_no_bold[${k#fg-}]=$'\C-[[22;30m' 
17465955493>u colors:107> k=fg-cyan
17465955493>u colors:108> fg[${k#fg-}]=$'\C-[[36m' 
17465955493>u colors:109> fg_bold[${k#fg-}]=$'\C-[[01;36m' 
17465955493>u colors:110> fg_no_bold[${k#fg-}]=$'\C-[[22;36m' 
17465955493>u colors:115> typeset -AHg bg bg_bold bg_no_bold
17465955493>u colors:116> k=bg-red
17465955493>u colors:117> bg[${k#bg-}]=$'\C-[[41m' 
17465955493>u colors:118> bg_bold[${k#bg-}]=$'\C-[[01;41m' 
17465955493>u colors:119> bg_no_bold[${k#bg-}]=$'\C-[[22;41m' 
17465955493>u colors:116> k=bg-magenta
17465955493>u colors:117> bg[${k#bg-}]=$'\C-[[45m' 
17465955493>u colors:118> bg_bold[${k#bg-}]=$'\C-[[01;45m' 
17465955493>u colors:119> bg_no_bold[${k#bg-}]=$'\C-[[22;45m' 
17465955493>u colors:116> k=bg-white
17465955493>u colors:117> bg[${k#bg-}]=$'\C-[[47m' 
17465955493>u colors:118> bg_bold[${k#bg-}]=$'\C-[[01;47m' 
17465955493>u colors:119> bg_no_bold[${k#bg-}]=$'\C-[[22;47m' 
17465955493>u colors:116> k=bg-yellow
17465955493>u colors:117> bg[${k#bg-}]=$'\C-[[43m' 
17465955493>u colors:118> bg_bold[${k#bg-}]=$'\C-[[01;43m' 
17465955493>u colors:119> bg_no_bold[${k#bg-}]=$'\C-[[22;43m' 
17465955493>u colors:116> k=bg-blue
17465955493>u colors:117> bg[${k#bg-}]=$'\C-[[44m' 
17465955493>u colors:118> bg_bold[${k#bg-}]=$'\C-[[01;44m' 
17465955493>u colors:119> bg_no_bold[${k#bg-}]=$'\C-[[22;44m' 
17465955493>u colors:116> k=bg-grey
17465955493>u colors:117> bg[${k#bg-}]=$'\C-[[40m' 
17465955493>u colors:118> bg_bold[${k#bg-}]=$'\C-[[01;40m' 
17465955493>u colors:119> bg_no_bold[${k#bg-}]=$'\C-[[22;40m' 
17465955493>u colors:116> k=bg-gray
17465955493>u colors:117> bg[${k#bg-}]=$'\C-[[40m' 
17465955493>u colors:118> bg_bold[${k#bg-}]=$'\C-[[01;40m' 
17465955493>u colors:119> bg_no_bold[${k#bg-}]=$'\C-[[22;40m' 
17465955493>u colors:116> k=bg-cyan
17465955493>u colors:117> bg[${k#bg-}]=$'\C-[[46m' 
17465955493>u colors:118> bg_bold[${k#bg-}]=$'\C-[[01;46m' 
17465955493>u colors:119> bg_no_bold[${k#bg-}]=$'\C-[[22;46m' 
17465955493>u colors:116> k=bg-black
17465955493>u colors:117> bg[${k#bg-}]=$'\C-[[40m' 
17465955493>u colors:118> bg_bold[${k#bg-}]=$'\C-[[01;40m' 
17465955493>u colors:119> bg_no_bold[${k#bg-}]=$'\C-[[22;40m' 
17465955493>u colors:116> k=bg-green
17465955493>u colors:117> bg[${k#bg-}]=$'\C-[[42m' 
17465955493>u colors:118> bg_bold[${k#bg-}]=$'\C-[[01;42m' 
17465955493>u colors:119> bg_no_bold[${k#bg-}]=$'\C-[[22;42m' 
17465955493>u colors:116> k=bg-default
17465955493>u colors:117> bg[${k#bg-}]=$'\C-[[49m' 
17465955493>u colors:118> bg_bold[${k#bg-}]=$'\C-[[01;49m' 
17465955493>u colors:119> bg_no_bold[${k#bg-}]=$'\C-[[22;49m' 
17465955493>u /Users/peario/.config/zsh/.zshrc:43> [[ -s /Users/peario/.config/zsh/zstyle.zsh ]]
17465955493>u /Users/peario/.config/zsh/.zshrc:43> source /Users/peario/.config/zsh/zstyle.zsh
17465955493>u /Users/peario/.config/zsh/zstyle.zsh:6> zstyle ':completion:*' menu select
17465955493>u /Users/peario/.config/zsh/zstyle.zsh:10> zstyle ':completion:*' completer _oldlist _expand _complete _match _ignored _approximate
17465955493>u /Users/peario/.config/zsh/zstyle.zsh:14> zstyle ':completion:*' insert-tab pending
17465955493>u /Users/peario/.config/zsh/zstyle.zsh:17> zstyle ':completion:*' sort false
17465955493>u /Users/peario/.config/zsh/zstyle.zsh:18> zstyle ':completion:complete:*:options' sort false
17465955493>u /Users/peario/.config/zsh/zstyle.zsh:19> zstyle ':completion:*' matcher-list 'm:{[:lower:][:upper:]}={[:upper:][:lower:]}' 'm:{[:lower:][:upper:]}={[:upper:][:lower:]} l:|=* r:|=*' 'm:{[:lower:][:upper:]}={[:upper:][:lower:]} l:|=* r:|=*' 'm:{[:lower:][:upper:]}={[:upper:][:lower:]} l:|=* r:|=*'
17465955493>u /Users/peario/.config/zsh/zstyle.zsh:21> zstyle ':completion:*' select-prompt %SScrolling active: current selection at %p%s
17465955493>u /Users/peario/.config/zsh/zstyle.zsh:25> zstyle ':completion:*' rehash true
17465955493>u /Users/peario/.config/zsh/zstyle.zsh:28> zstyle ':completion:*:jobs' numbers true
17465955493>u /Users/peario/.config/zsh/zstyle.zsh:29> zstyle ':completion:*:jobs' verbose true
17465955493>u /Users/peario/.config/zsh/zstyle.zsh:32> zstyle ':completion:*:*:-subscript-:*' tag-order indexes parameters
17465955493>u /Users/peario/.config/zsh/zstyle.zsh:35> zstyle ':completion:*:functions' ignored-patterns '(_*|pre(cmd|exec))'
17465955493>u /Users/peario/.config/zsh/zstyle.zsh:38> zstyle ':completion:*' completer _oldlist _expand _complete _files _ignored
17465955493>u /Users/peario/.config/zsh/zstyle.zsh:41> zstyle ':completion:*' insert-tab false
17465955493>u /Users/peario/.config/zsh/zstyle.zsh:44> zstyle ':completion:*:approximate:' max-errors 'reply=( $((($#PREFIX+$#SUFFIX)/3 )) numeric )'
17465955493>u /Users/peario/.config/zsh/zstyle.zsh:47> zstyle ':completion:*:correct:*' insert-unambiguous true
17465955493>u /Users/peario/.config/zsh/zstyle.zsh:48> zstyle ':completion:*:corrections' format $'%{\C-[[0;31m%}%d (errors: %e)%{\C-[[0m%}'
17465955493>u /Users/peario/.config/zsh/zstyle.zsh:49> zstyle ':completion:*:correct:*' original true
17465955493>u /Users/peario/.config/zsh/zstyle.zsh:52> zstyle ':completion:*' list-dirs-first true
17465955493>u /Users/peario/.config/zsh/zstyle.zsh:54> zstyle ':completion:*' original true
17465955493>u /Users/peario/.config/zsh/zstyle.zsh:56> zstyle ':completion:*' squeeze-slashes true
17465955493>u /Users/peario/.config/zsh/zstyle.zsh:59> zstyle ':completion:*:expand:*' tag-order all-expansions
17465955493>u /Users/peario/.config/zsh/zstyle.zsh:62> zstyle ':completion:*' matcher-list 'm:{a-z}={A-Z}'
17465955493>u /Users/peario/.config/zsh/zstyle.zsh:65> zstyle ':completion:*:matches' group yes
17465955493>u /Users/peario/.config/zsh/zstyle.zsh:66> zstyle ':completion:*' group-name ''
17465955493>u /Users/peario/.config/zsh/zstyle.zsh:68> zstyle ':completion:*:messages' format %d
17465955493>u /Users/peario/.config/zsh/zstyle.zsh:69> zstyle ':completion:*:options' auto-description %d
17465955493>u /Users/peario/.config/zsh/zstyle.zsh:72> zstyle ':completion:*:options' description yes
17465955493>u /Users/peario/.config/zsh/zstyle.zsh:75> zstyle ':completion:*:processes' command 'ps -a -u $USER'
17465955493>u /Users/peario/.config/zsh/zstyle.zsh:78> zstyle ':completion::(^approximate*):*:functions' ignored-patterns '_*'
17465955493>u /Users/peario/.config/zsh/zstyle.zsh:81> zstyle ':completion:*:processes-names' command 'ps c -u ${USER} -o command | uniq'
17465955493>u /Users/peario/.config/zsh/zstyle.zsh:84> zstyle ':completion:*:manuals' separate-sections true
17465955493>u /Users/peario/.config/zsh/zstyle.zsh:85> zstyle ':completion:*:manuals.*' insert-sections true
17465955493>u /Users/peario/.config/zsh/zstyle.zsh:86> zstyle ':completion:*:man:*' menu yes select
17465955493>u /Users/peario/.config/zsh/zstyle.zsh:89> zstyle ':completion:*' special-dirs true
17465955493>u /Users/peario/.config/zsh/zstyle.zsh:90> zstyle ':completion:*' special-dirs ..
17465955493>u /Users/peario/.config/zsh/zstyle.zsh:94> zstyle ':completion:*' use-cache on
17465955493>u /Users/peario/.config/zsh/zstyle.zsh:95> zstyle ':completion:*' cache-path /Users/peario/.config/zsh/.zcompdump
17465955493>u /Users/peario/.config/zsh/zstyle.zsh:98> zstyle ':completion:*' path-completion false
17465955493>u /Users/peario/.config/zsh/zstyle.zsh:103> zstyle -e ':completion:*:(ssh|scp|sftp|rsh|rsync):hosts' hosts 'reply=(${=${${(f)"$(cat {/etc/ssh_,~/.ssh/known_}hosts(|2)(N) /dev/null)"}%%[# ]*}//,/ })'
17465955493>u /Users/peario/.config/zsh/.zshrc:46> [[ -s /Users/peario/.config/zsh/options.zsh ]]
17465955493>u /Users/peario/.config/zsh/.zshrc:46> source /Users/peario/.config/zsh/options.zsh
17465955493>u /Users/peario/.config/zsh/options.zsh:40> __set_zsh_options
17465955493>u __set_zsh_options:1> local options=( AUTO_CD AUTO_LIST AUTO_PARAM_SLASH AUTO_PUSHD APPEND_HISTORY ALWAYS_TO_END CORRECT EXTENDED_HISTORY HIST_FCNTL_LOCK HIST_REDUCE_BLANKS HIST_SAVE_NO_DUPS HIST_VERIFY INC_APPEND_HISTORY INTERACTIVE_COMMENTS MENU_COMPLETE NO_NOMATCH PUSHD_IGNORE_DUPS PUSHD_TO_HOME PUSHD_SILENT NOTIFY PROMPT_SUBST MULTIOS )
17465955493>u __set_zsh_options:28> option=AUTO_CD
17465955493>u __set_zsh_options:29> setopt AUTO_CD
17465955493>u __set_zsh_options:28> option=AUTO_LIST
17465955493>u __set_zsh_options:29> setopt AUTO_LIST
17465955493>u __set_zsh_options:28> option=AUTO_PARAM_SLASH
17465955493>u __set_zsh_options:29> setopt AUTO_PARAM_SLASH
17465955493>u __set_zsh_options:28> option=AUTO_PUSHD
17465955493>u __set_zsh_options:29> setopt AUTO_PUSHD
17465955493>u __set_zsh_options:28> option=APPEND_HISTORY
17465955493>u __set_zsh_options:29> setopt APPEND_HISTORY
17465955493>u __set_zsh_options:28> option=ALWAYS_TO_END
17465955493>u __set_zsh_options:29> setopt ALWAYS_TO_END
17465955493>u __set_zsh_options:28> option=CORRECT
17465955493>u __set_zsh_options:29> setopt CORRECT
17465955493>u __set_zsh_options:28> option=EXTENDED_HISTORY
17465955493>u __set_zsh_options:29> setopt EXTENDED_HISTORY
17465955493>u __set_zsh_options:28> option=HIST_FCNTL_LOCK
17465955493>u __set_zsh_options:29> setopt HIST_FCNTL_LOCK
17465955493>u __set_zsh_options:28> option=HIST_REDUCE_BLANKS
17465955493>u __set_zsh_options:29> setopt HIST_REDUCE_BLANKS
17465955493>u __set_zsh_options:28> option=HIST_SAVE_NO_DUPS
17465955493>u __set_zsh_options:29> setopt HIST_SAVE_NO_DUPS
17465955493>u __set_zsh_options:28> option=HIST_VERIFY
17465955493>u __set_zsh_options:29> setopt HIST_VERIFY
17465955493>u __set_zsh_options:28> option=INC_APPEND_HISTORY
17465955493>u __set_zsh_options:29> setopt INC_APPEND_HISTORY
17465955493>u __set_zsh_options:28> option=INTERACTIVE_COMMENTS
17465955493>u __set_zsh_options:29> setopt INTERACTIVE_COMMENTS
17465955493>u __set_zsh_options:28> option=MENU_COMPLETE
17465955493>u __set_zsh_options:29> setopt MENU_COMPLETE
17465955493>u __set_zsh_options:28> option=NO_NOMATCH
17465955493>u __set_zsh_options:29> setopt NO_NOMATCH
17465955493>u __set_zsh_options:28> option=PUSHD_IGNORE_DUPS
17465955493>u __set_zsh_options:29> setopt PUSHD_IGNORE_DUPS
17465955493>u __set_zsh_options:28> option=PUSHD_TO_HOME
17465955493>u __set_zsh_options:29> setopt PUSHD_TO_HOME
17465955493>u __set_zsh_options:28> option=PUSHD_SILENT
17465955493>u __set_zsh_options:29> setopt PUSHD_SILENT
17465955493>u __set_zsh_options:28> option=NOTIFY
17465955493>u __set_zsh_options:29> setopt NOTIFY
17465955493>u __set_zsh_options:28> option=PROMPT_SUBST
17465955493>u __set_zsh_options:29> setopt PROMPT_SUBST
17465955493>u __set_zsh_options:28> option=MULTIOS
17465955493>u __set_zsh_options:29> setopt MULTIOS
17465955493>u /Users/peario/.config/zsh/options.zsh:57> __unset_zsh_options
17465955493>u __unset_zsh_options:1> local options=( CORRECT_ALL HIST_BEEP SHARE_HISTORY )
17465955493>u __unset_zsh_options:7> option=CORRECT_ALL
17465955493>u __unset_zsh_options:8> unsetopt CORRECT_ALL
17465955493>u __unset_zsh_options:7> option=HIST_BEEP
17465955493>u __unset_zsh_options:8> unsetopt HIST_BEEP
17465955493>u __unset_zsh_options:7> option=SHARE_HISTORY
17465955493>u __unset_zsh_options:8> unsetopt SHARE_HISTORY
17465955493>u /Users/peario/.config/zsh/.zshrc:49> [[ -s /Users/peario/.config/zsh/misc.zsh ]]
17465955493>u /Users/peario/.config/zsh/.zshrc:49> source /Users/peario/.config/zsh/misc.zsh
17465955493>u /Users/peario/.config/zsh/misc.zsh:8> bindkey -e
17465955493>u /Users/peario/.config/zsh/misc.zsh:11> export TIMEFMT=$'real\t%E\nuser\t%U\nsys\t%S'
17465955493>u /Users/peario/.config/zsh/misc.zsh:14> case xterm-ghostty (xterm*)
17465955493>u /Users/peario/.config/zsh/.zshrc:54> zinit light romkatv/zsh-defer
17465955493>u zinit:1> local -A ICE ZINIT_ICE
17465955493>u zinit:2> ICE=( ) 
17465955493>u zinit:3> ZINIT_ICE=( ) 
17465955493>u zinit:4> ZINIT_ICES=( ) 
17465955493>u zinit:6> integer ___retval ___retval2 ___correct
17465955493>u zinit:7> local -a match mbegin mend
17465955493>u zinit:8> local MATCH cmd ___q='`' ___q2=\' IFS=$' \t\n\C-@'
17465955493>u zinit:8> integer MBEGIN MEND
17465955493>u zinit:11> match=( ) 
17465955493>u zinit:12> ((  !0  ))
17465955493>u zinit:13> local -a reply
17465955493>u zinit:13> local REPLY
17465955493>u zinit:16> [[ -o ksharrays ]]
17465955493>u zinit:18> local -A ___opt_map OPTS
17465955493>u zinit:19> ___opt_map=( -q 'opt_-q,--quiet:update:[Turn off almost-all messages from the {cmd}update{rst} operation {b-lhi}FOR the objects{rst} which don'\''t have any {b-lhi}new version{rst} available.] *:[Turn off any (or: almost-any) messages from the operation.]' --quiet opt_-q,--quiet -v 'opt_-v,--verbose:Turn on more messages from the operation.' --verbose opt_-v,--verbose -r 'opt_-r,--reset:Reset the repository before updating (or remove the files for single-file snippets and gh-r plugins).' --reset opt_-r,--reset -a 'opt_-a,--all:delete:[Delete {hi}all{rst} plugins and snippets.] update:[Update {b-lhi}all{rst} plugins and snippets.]' --all opt_-a,--all -c 'opt_-c,--clean:Delete {b-lhi}only{rst} the {b-lhi}currently-not loaded{rst} plugins and snippets.' --clean opt_-c,--clean -y 'opt_-y,--yes:Automatically confirm any yes/no prompts.' --yes opt_-y,--yes -f 'opt_-f,--force:Force new download of the snippet file.' --force opt_-f,--force -p 'opt_-p,--parallel:Turn on concurrent, multi-thread update (of all objects).' --parallel opt_-p,--parallel -s 'opt_-s,--snippets:snippets:[Update only snippets (i.e.: skip updating plugins).] times:[Show times in seconds instead of milliseconds.]' --snippets opt_-s,--snippets -L 'opt_-l,--plugins:Update only plugins (i.e.: skip updating snippets).' --plugins opt_-l,--plugins -h 'opt_-h,--help:Show this help message.' --help opt_-h,--help -u 'opt_-u,--urge:Cause all the hooks like{ehi}:{rst} {ice}atpull{apo}'\'\''{rst}, {ice}cp{apo}'\'\''{rst}, etc. to execute even when there aren'\''t any new commits {b}/{rst} any new version of the {b}{meta}gh-r{rst} file {b}/{rst} etc.{…} available for download {ehi}{lr}{rst} simulate a non-empty update.' --urge opt_-u,--urge -n 'opt_-n,--no-pager:Disable the use of the pager.' --no-pager opt_-n,--no-pager -m 'opt_-m,--moments:Show the {apo}*{b-lhi}moments{apo}*{rst} of object (i.e.: a plugin or snippet) loading time.' --moments opt_-m,--moments -b 'opt_-b,--bindkeys:Load in light mode, however do still track {cmd}bindkey{rst} calls (to allow remapping the keys bound).' --bindkeys opt_-b,--bindkeys -x 'opt_-x,--command:Load the snippet as a {cmd}command{rst}, i.e.: add it to {var}$PATH{rst} and set {b-lhi}+x{rst} on it.' --command opt_-x,--command cdclear '--help|--quiet|-h|-q' cdreplay '--help|--quiet|-h|-q' delete '--all|--clean|--help|--quiet|--yes|-a|-c|-h|-q|-y' env-whitelist '--help|--verbose|-h|-v' light '--help|-b|-h' snippet '--command|--force|--help|-f|-h|-x' times '--help|-h|-m|-s' unload '--help|--quiet|-h|-q' update '--all|--help|--no-pager|--parallel|--plugins|--quiet|--reset|--snippets|--urge|--verbose|-L|-a|-h|-n|-p|-q|-r|-s|-u|-v' version '' ) 
17465955493>u zinit:64> cmd=light 
17465955493>u zinit:65> [[ light == (times|unload|env-whitelist|update|snippet|load|light|cdreplay|cdclear) ]]
17465955493>u zinit:66> ((  0 || OPTS[opt_-h,--help]  ))
17465955493>u zinit:75> reply=( ) 
17465955493>u zinit:77> [[ -n light && light != (add-fpath|bindkeys|cclear|cd|cdclear|cdisable|cdlist|cdreplay|cenable|changes|compile|compiled|compinit|completions|create|creinstall|csearch|cuninstall|delete|debug|edit|env-whitelist|fpath|glance|help|--help|-h|ice|light|load|man|module|plugins|recall|recently|report|run|self-update|snippet|snippets|srv|status|stress|times|uncompile|unload|update|version|zstatus|) || light = (load|light|snippet) ]]
17465955493>u zinit:79> integer ___error
17465955493>u zinit:80> [[ light = (load|light|snippet) ]]
17465955493>u zinit:81> integer ___is_snippet
17465955493>u zinit:83> '(anon)' light romkatv/zsh-defer
17465955493>u (anon):1> setopt localoptions extendedglob
17465955493>u (anon):2> : light romkatv/zsh-defer
17465955493>u zinit:87> set -- light romkatv/zsh-defer
17465955493>u zinit:88> [[ light = light && -z '' ]]
17465955493>u zinit:88> ICE[light-mode]='' 
17465955493>u zinit:89> [[ light = snippet ]]
17465955493>u zinit:89> ___is_snippet=-1 
17465955493>u zinit:90> shift
17465955493>u zinit:92> ZINIT_ICES=( light-mode '' ) 
17465955493>u zinit:93> ICE=( ) ZINIT_ICE=( ) 
17465955493>u zinit:94> 1=@romkatv/zsh-defer 
17465955493>u zinit:95> ((  1 > 1  ))
17465955493>u zinit:96> [[ -z @romkatv/zsh-defer ]]
17465955493>u zinit:116> integer ___had_wait
17465955493>u zinit:117> local ___id ___ehid ___etid ___key
17465955493>u zinit:118> local -a ___arr
17465955493>u zinit:119> ZINIT[annex-exposed-processed-IDs]='' 
17465955493>u zinit:120> ((  1  ))
17465955493>u zinit:121> local -a ___ices
17465955493>u zinit:122> ___ices=( light-mode '' ) 
17465955493>u zinit:123> ZINIT_ICES=( ) 
17465955493>u zinit:124> ((  1  ))
17465955493>u zinit:125> .zinit-ice @romkatv/zsh-defer
17465955493>u .zinit-ice:1> setopt localoptions noksharrays extendedglob warncreateglobal typesetsilent noshortloops
17465955493>u .zinit-ice:2> integer retval
17465955493>u .zinit-ice:3> local bit exts=''
17465955493>u .zinit-ice:4> bit=@romkatv/zsh-defer
17465955493>u .zinit-ice:5> [[ @romkatv/zsh-defer = (#b)(--|)(\!bash|\!csh|\!ksh|\!sh|aliases|as|atclone|atdelete|atinit|atload|atpull|autoload|bash|binary|bindmap|blockf|bpick|build|cloneonly|cloneopts|cmake|compile|completions|configure|countdown|cp|csh|debug|depth|extract|from|git|has|id-as|if|install|is-snippet|ksh|light-mode|link|load|lucid|make|multisrc|mv|nocd|nocompile|nocompletions|notify|null|on-update-of|opts|pack|param|pick|proto|ps-on-unload|ps-on-update|pullopts|reset|reset-prompt|run-atpull|service|sh|silent|src|subscribe|subst|svn|teleid|trackbinds|trigger-load|unload|ver|verbose|wait|wrap)(*) ]]
17465955493>u .zinit-ice:5> break
17465955493>u .zinit-ice:8> [[ '' = program ]]
17465955493>u .zinit-ice:9> [[ -n '' ]]
17465955493>u .zinit-ice:10> [[ -n '' ]]
17465955493>u .zinit-ice:11> ((  0  ))
17465955493>u .zinit-ice:16> ((  0 || 0 || 0  ))
17465955493>u .zinit-ice:19> ((  0  ))
17465955493>u .zinit-ice:20> ((  0  ))
17465955493>u .zinit-ice:21> return retval
17465955493>u zinit:126> ___retval2=0 
17465955493>u zinit:127> local ___last_ice=''
17465955493>u zinit:128> shift ___retval2
17465955493>u zinit:129> [[ -n @romkatv/zsh-defer ]]
17465955493>u zinit:130> ICE=( light-mode '' ) 
17465955493>u zinit:131> ZINIT_ICE=( light-mode '' ) ZINIT_ICES=( ) 
17465955493>u zinit:132> integer ___msgs=0
17465955493>u zinit:133> ((  ___msgs  ))
17465955493>u zinit:136> ZINIT[annex-exposed-processed-IDs]+='' 
17465955493>u zinit:139> ___id=romkatv/zsh-defer 
17465955493>u zinit:140> ((  ___is_snippet == -1  ))
17465955493>u zinit:140> ___id=romkatv/zsh-defer 
17465955493>u zinit:144> ___ehid=romkatv/zsh-defer 
17465955493>u zinit:150> ___etid=romkatv/zsh-defer 
17465955493>u zinit:152> ((  0  ))
17465955493>u zinit:160> [[ '' = (auto|) && 0 == 1 ]]
17465955493>u zinit:162> integer ___is_snippet=-1
17465955493>u zinit:163> '(anon)' @romkatv/zsh-defer
17465955493>u (anon):1> setopt localoptions extendedglob
17465955493>u (anon):2> [[ -1 -ge 0 ]]
17465955493>u zinit:170> local ___type=plugin
17465955493>u zinit:171> reply=( ) 
17465955493>u zinit:211> integer ___action_load=0 ___turbo=0
17465955493>u zinit:212> [[ -n '' ]]
17465955493>u zinit:216> [[ -n '' || 0 == 1 ]]
17465955493>u zinit:228> ((  ! ___turbo  ))
17465955493>u zinit:229> ___action_load=1 
17465955493>u zinit:230> reply=( 1 ) 
17465955493>u zinit:235> [[ 1 -eq 1 && -n '' ]]
17465955493>u zinit:259> ((  0  ))
17465955493>u zinit:267> integer ___had_cloneonly=0
17465955493>u zinit:268> ICE[wait]='' 
17465955493>u zinit:269> ((  ___action_load || !ZINIT[HAVE_SCHEDULER]  ))
17465955493>u zinit:270> ((  ___turbo && ZINIT[HAVE_SCHEDULER]  ))
17465955493>u zinit:275> ((  ___is_snippet  ))
17465955493>u zinit:276> local ___opt=''
17465955493>u zinit:279> .zinit-load-object plugin romkatv/zsh-defer
17465955493>u .zinit-load-object:1> local ___type=plugin ___id=romkatv/zsh-defer
17465955493>u .zinit-load-object:2> local -a ___opt
17465955493>u .zinit-load-object:3> ___opt=( ) 
17465955493>u .zinit-load-object:5> [[ plugin == snippet ]]
17465955493>u .zinit-load-object:7> [[ plugin == plugin ]]
17465955493>u .zinit-load-object:8> .zinit-load romkatv/zsh-defer ''
17465955493>u .zinit-load:1> typeset -F 3 SECONDS=0
17465955493>u .zinit-load:2> local ___mode='' ___limit='' ___rst=0 ___retval=0 ___key
17465955493>u .zinit-load:3> .zinit-any-to-user-plugin romkatv/zsh-defer ''
17465955493>u .zinit-any-to-user-plugin:1> emulate -LR zsh -o xtrace
17465955493>u .zinit-any-to-user-plugin:2> setopt extendedglob typesetsilent noshortloops rcquotes warncreateglobal
17465955493>u .zinit-any-to-user-plugin:7> [[ -n '' ]]
17465955493>u .zinit-any-to-user-plugin:14> [[ romkatv/zsh-defer = /* ]]
17465955493>u .zinit-any-to-user-plugin:20> [[ romkatv/zsh-defer = %* ]]
17465955493>u .zinit-any-to-user-plugin:31> 1=romkatv/zsh-defer 
17465955493>u .zinit-any-to-user-plugin:32> [[ romkatv/zsh-defer = */* ]]
17465955493>u .zinit-any-to-user-plugin:33> reply=( romkatv zsh-defer ) 
17465955493>u .zinit-any-to-user-plugin:34> return 0
17465955493>u .zinit-load:4> local ___user=romkatv ___plugin=zsh-defer ___id_as=romkatv/zsh-defer
17465955493>u .zinit-load:5> local ___pdir_path=/Users/peario/.local/share/zinit/plugins/romkatv---zsh-defer
17465955493>u .zinit-load:6> local ___pdir_orig=/Users/peario/.local/share/zinit/plugins/romkatv---zsh-defer
17465955493>u .zinit-load:7> ZINIT[CUR_USR]=romkatv ZINIT[CUR_PLUGIN]=zsh-defer ZINIT[CUR_USPL2]=romkatv/zsh-defer 
17465955493>u .zinit-load:8> [[ -n '' ]]
17465955493>u .zinit-load:12> ICE[teleid]=romkatv/zsh-defer 
17465955493>u .zinit-load:15> .zinit-set-m-func set
17465955493>u .zinit-set-m-func:1> [[ set == set ]]
17465955493>u .zinit-set-m-func:2> ZINIT[___m_bkp]='' 
17465955493>u .zinit-set-m-func:3> setopt noaliases
17465955493>u .zinit-set-m-func:4> functions[m]=$'\tbuiltin emulate -LR zsh -o extendedglob ${=${options[xtrace]:#off}:+-o xtrace}\n\tlocal opt msg\n\t[[ $1 = -* ]] && {\n\t\tlocal opt=$1 \n\t\tshift\n\t}\n\tZINIT[__last-formatter-code]= \n\tmsg=${${(j: :)${@:#--}}//\\%/%%} \n\tif [[ -z $ZINIT[DEBUG] ]] && [[ "$msg" = (#s){dbg}* ]]\n\tthen\n\t\treturn\n\tfi\n\tmsg=${${msg//(#b)(([\\\\]|(%F))([\\{]([^\\}]##)[\\}])|([\\{]([^\\}]##)[\\}])([^\\%\\{\\\\]#))/${match[4]:+${${match[3]:-$ZINIT[col-${ZINIT[__last-formatter-code]}]}:#%F}}$match[3]$match[4]${${functions[.zinit-formatter-$match[7]]:+${$(.zinit-formatter-$match[7] "$match[8]"; builtin print -rn -- $REPLY):-←→}}:-$(.zinit-main-message-formatter "$match[6]" "$match[7]" "$match[8]"; \\\n  builtin print -rn -- "$REPLY"\n )${${ZINIT[__last-formatter-code]::=${${${match[7]:#(…|ndsh|mdsh|mmdsh|-…|lr)}:+$match[7]}:-${ZINIT[__last-formatter-code]}}}:+}}}//←→} \n\t[[ -z $msg ]] && return\n\tmsg=$msg$ZINIT[col-rst] \n\tbuiltin print -Pr ${opt:#--} -- $msg\n\tif [[ -n ${opt:#*n*} || -z $opt ]]\n\tthen\n\t\tprint -n $\'\\015\'\n\tfi' 
17465955493>u .zinit-set-m-func:5> setopt aliases
17465955493>u .zinit-load:17> local -a ___arr
17465955493>u .zinit-load:18> reply=( ) 
17465955493>u .zinit-load:29> [[ romkatv != % && ! -d /Users/peario/.local/share/zinit/plugins/romkatv---zsh-defer ]]
17465955493>u .zinit-load:59> ZINIT_SICE[$___id_as]='' 
17465955493>u .zinit-load:60> .zinit-pack-ice romkatv/zsh-defer
17465955493>u .zinit-pack-ice:1> ZINIT_SICE[$1${1:+${2:+/}}$2]+='wait '\'\'' teleid romkatv/zsh-defer light-mode '\'\'' ' 
17465955493>u .zinit-pack-ice:2> ZINIT_SICE[$1${1:+${2:+/}}$2]='wait '\'\'' teleid romkatv/zsh-defer light-mode '\'\'' ' 
17465955493>u .zinit-pack-ice:3> return 0
17465955493>u .zinit-load:62> ((  0  ))
17465955493>u .zinit-load:64> .zinit-register-plugin romkatv/zsh-defer '' romkatv/zsh-defer
17465955493>u .zinit-register-plugin:1> local uspl2=romkatv/zsh-defer mode='' teleid=romkatv/zsh-defer
17465955493>u .zinit-register-plugin:2> integer ret=0
17465955493>u .zinit-register-plugin:4> [[ -z '' ]]
17465955493>u .zinit-register-plugin:5> ZINIT_REGISTERED_PLUGINS+=( romkatv/zsh-defer ) 
17465955493>u .zinit-register-plugin:13> zsh_loaded_plugins+=( romkatv/zsh-defer ) 
17465955493>u .zinit-register-plugin:16> [[ '' == light ]]
17465955493>u .zinit-register-plugin:16> ZINIT[STATES__$uspl2]=2 
17465955493>u .zinit-register-plugin:18> ZINIT_REPORTS[$uspl2]='' ZINIT_CUR_BIND_MAP=( empty 1 ) 
17465955493>u .zinit-register-plugin:20> ZINIT[FUNCTIONS_BEFORE__$uspl2]='' ZINIT[FUNCTIONS_AFTER__$uspl2]='' 
17465955493>u .zinit-register-plugin:21> ZINIT[FUNCTIONS__$uspl2]='' 
17465955493>u .zinit-register-plugin:23> ZINIT[ZSTYLES__$uspl2]='' ZINIT[BINDKEYS__$uspl2]='' 
17465955493>u .zinit-register-plugin:24> ZINIT[ALIASES__$uspl2]='' 
17465955493>u .zinit-register-plugin:26> ZINIT[WIDGETS_SAVED__$uspl2]='' ZINIT[WIDGETS_DELETE__$uspl2]='' 
17465955493>u .zinit-register-plugin:28> ZINIT[OPTIONS__$uspl2]='' ZINIT[PATH__$uspl2]='' 
17465955493>u .zinit-register-plugin:29> ZINIT[OPTIONS_BEFORE__$uspl2]='' ZINIT[OPTIONS_AFTER__$uspl2]='' 
17465955493>u .zinit-register-plugin:30> ZINIT[FPATH__$uspl2]='' 
17465955493>u .zinit-register-plugin:32> return ret
17465955493>u .zinit-load:67> [[ -n '' ]]
17465955493>u .zinit-load:71> reply=( ) 
17465955493>u .zinit-load:78> [[ 0 = 1 ]]
17465955493>u .zinit-load:80> reply=( ) 
17465955493>u .zinit-load:87> .zinit-load-plugin romkatv zsh-defer romkatv/zsh-defer '' 0 ''
17465955493>u .zinit-load-plugin:1> local ___user=romkatv ___plugin=zsh-defer ___id_as=romkatv/zsh-defer ___mode='' ___rst=0 ___limit='' ___correct=0 ___retval=0
17465955493>u .zinit-load-plugin:3> local ___pbase=zsh-defer ___key
17465955493>u .zinit-load-plugin:6> set --
17465955493>u .zinit-load-plugin:7> [[ -o ksharrays ]]
17465955493>u .zinit-load-plugin:9> [[ -n '' ]]
17465955493>u .zinit-load-plugin:21> [[ -z '' ]]
17465955493>u .zinit-load-plugin:21> local ___builtin=builtin
17465955493>u .zinit-load-plugin:23> [[ '' = null || 0 -eq 1 || 0 -eq 1 ]]
17465955493>u .zinit-load-plugin:26> [[ -n '' ]]
17465955493>u .zinit-load-plugin:32> [[ '' = command ]]
17465955493>u .zinit-load-plugin:81> [[ '' = completion ]]
17465955493>u .zinit-load-plugin:84> [[ -n '' ]]
17465955493>u .zinit-load-plugin:86> [[ -e /Users/peario/.local/share/zinit/plugins/romkatv---zsh-defer/zsh-defer.plugin.zsh && '' -ne 0 ]]
17465955493>u .zinit-load-plugin:89> .zinit-find-other-matches /Users/peario/.local/share/zinit/plugins/romkatv---zsh-defer zsh-defer ''
17465955493>u .zinit-find-other-matches:1> local pdir_path=/Users/peario/.local/share/zinit/plugins/romkatv---zsh-defer pbase=zsh-defer limit=''
17465955493>u .zinit-find-other-matches:4> [[ '' == 1 ]]
17465955493>u .zinit-find-other-matches:6> [[ '' == 0 ]]
17465955493>u .zinit-find-other-matches:9> [[ -e /Users/peario/.local/share/zinit/plugins/romkatv---zsh-defer/init.zsh ]]
17465955493>u .zinit-find-other-matches:11> [[ -e /Users/peario/.local/share/zinit/plugins/romkatv---zsh-defer/zsh-defer.zsh-theme ]]
17465955493>u .zinit-find-other-matches:13> [[ -e /Users/peario/.local/share/zinit/plugins/romkatv---zsh-defer/zsh-defer.theme.zsh ]]
17465955493>u .zinit-find-other-matches:16> reply=( /Users/peario/.local/share/zinit/plugins/romkatv---zsh-defer/zsh-defer.plugin.zsh /Users/peario/.local/share/zinit/plugins/romkatv---zsh-defer/zsh-defer.plugin.zsh ) 
17465955493>u .zinit-find-other-matches:22> reply=( /Users/peario/.local/share/zinit/plugins/romkatv---zsh-defer/zsh-defer.plugin.zsh ) 
17465955493>u .zinit-find-other-matches:24> return 0
17465955493>u .zinit-load-plugin:95> local ___fname=zsh-defer.plugin.zsh
17465955493>u .zinit-load-plugin:96> ___pdir_path=/Users/peario/.local/share/zinit/plugins/romkatv---zsh-defer 
17465955493>u .zinit-load-plugin:98> .zinit-add-report romkatv/zsh-defer $'Source zsh-defer.plugin.zsh \C-[[38;5;227m(reporting enabled)\C-[[0m'
17465955493>u .zinit-add-report:2> [[ -n romkatv/zsh-defer ]]
17465955493>u .zinit-add-report:2> ((  0 && 0  ))
17465955493>u .zinit-add-report:2> ZINIT_REPORTS[$1]+=$'Source zsh-defer.plugin.zsh \C-[[38;5;227m(reporting enabled)\C-[[0m\n' 
17465955493>u .zinit-add-report:3> [[ 0 = 1 ]]
17465955493>u .zinit-add-report:4> return 0
17465955493>u .zinit-load-plugin:101> [[ '' != light(|-b) ]]
17465955493>u .zinit-load-plugin:101> .zinit-diff romkatv/zsh-defer begin
17465955493>u .zinit-diff:1> .zinit-diff-functions romkatv/zsh-defer begin
17465955493>u .zinit-diff-functions:1> local uspl2=romkatv/zsh-defer
17465955493>u .zinit-diff-functions:2> local cmd=begin
17465955493>u .zinit-diff-functions:4> [[ begin = begin ]]
17465955493>u .zinit-diff-functions:5> [[ -z '' ]]
17465955493>u .zinit-diff-functions:6> ZINIT[FUNCTIONS_BEFORE__$uspl2]='pmodload .zinit-compdef-replay .zinit-tmp-subst-on .zinit-diff .zinit-formatter-auto .zinit-any-to-user-plugin .zinit-formatter-bar-util +zinit-prehelp-usage-message :zinit-tmp-subst-zstyle zpcompinit .zinit-add-fpath .zinit-load-plugin +zinit-deploy-message edit-command-line :zinit-tmp-subst-bindkey .zinit-get-object-path @zinit-substitute @zinit-register-annex .zinit-set-m-func .zinit-diff-options .zinit-any-to-pid .zinit-compdef-clear :zinit-tmp-subst-zle @zsh-plugin-run-on-update zinit .zinit-run-task @zinit-register-hook .zinit-util-shands-path zicdclear is-at-least zi-browse-symbol .zinit-submit-turbo zicdreplay .zinit-formatter-pid .zinit-diff-functions @autoload @zinit-scheduler .zinit-load-ices __unset_zsh_options .zinit-main-message-formatter .zinit-find-other-matches +zinit-message @zsh-plugin-run-on-unload .zinit-load-object +zi-log zpcdreplay :zinit-reload-and-run .zinit-tmp-subst-off zicompdef zpcdclear .zinit-formatter-th-bar add-zsh-hook :zinit-tmp-subst-autoload .zinit-register-plugin .zinit-setup-params .zinit-formatter-url .zinit-run :zinit-tmp-subst-compdef .zinit-diff-parameter .zinit-pack-ice .zinit-diff-env __set_zsh_options .zinit-load-snippet .zinit-load .zinit-ice -zinit_scheduler_add_sh colors zicompinit .zinit-parse-opts zpcompdef zplugin .zinit-get-mtime-into precmd :zinit-tmp-subst-alias .zinit-add-report m .zinit-prepare-home .zinit-formatter-bar' 
17465955493>u .zinit-diff:2> .zinit-diff-options romkatv/zsh-defer begin
17465955493>u .zinit-diff-options:1> local IFS=' '
17465955493>u .zinit-diff-options:3> [[ begin = begin ]]
17465955493>u .zinit-diff-options:4> [[ -z '' ]]
17465955493>u .zinit-diff-options:5> ZINIT[OPTIONS_BEFORE__$1]='posixargzero off autolist on shortrepeat off printexitvalue off kshzerosubscript off histreduceblanks on chaselinks off extendedglob off localloops off histnostore off automenu on globcomplete off unset on listpacked off promptsubst on shwordsplit off pathdirs off kshtypeset off listtypes on warncreateglobal off promptbang off dotglob off braceexpand on listbeep on correctall off privileged off numericglobsort off histverify on trackall on histsubstpattern off globstarshort off cbases off rcquotes off posixaliases off histfindnodups off bashautolist off sharehistory off overstrike off kshautoload off incappendhistory on appendcreate off promptcr on mailwarn off pushdignoredups on interactive on ignoreeof off globsubst off rematchpcre off monitor on histsavebycopy on clobberempty off histbeep off debugbeforecmd on magicequalsubst off rmstarsilent off posixjobs off hashcmds on posixtraps off extendedhistory on notify on kshoptionprint off histexpiredupsfirst off glob on posixcd off braceccl off badpattern on longlistjobs off banghist on dvorak off alwaystoend on hashall on warnnestedvar off globalexport on ksharrays off correct on cdsilent off autonamedirs off histexpand on typesetsilent off rmstarwait off histnofunctions off autoparamslash on trapsasync off sunkeyboardhack off promptsp on histsavenodups on autocd on allexport off posixidentifiers off cshjunkiehistory off autopushd on completeinword off completealiases off aliases on autocontinue off appendhistory on aliasfuncdef off singlelinezle off hashlistall on ignoreclosebraces off recexact off localoptions off interactivecomments on errexit off cshjunkiequotes off markdirs off hashdirs on cdablevars off rcexpandparam off vi off printeightbit off multifuncdef on xtrace on login on cshjunkieloops off histappend on histignorespace off evallineno on shfileexpansion off rcs on functionargzero on errreturn off combiningchars on histignoredups off histfcntllock on beep on autoremoveslash on hup on globdots off checkrunningjobs on autoparamkeys on shnullcmd off multibyte on zle on promptpercent on flowcontrol on continueonerror off incappendhistorytime off autoresume off globassign off caseglob on shortloops on bsdecho off cprecedences off log on transientrprompt off verbose off localpatterns off ignorebraces off pipefail off equals on menucomplete on cshnullglob off casematch on promptvars on histallowclobber off bareglobqual on shinstdin off restricted off pushdminus off nullglob off chasedots off mailwarning off listambiguous on cshnullcmd off bashrematch off octalzeroes off forcefloat off exec on multios on emacs off nomatch off pathscript off localtraps off stdin off onecmd off kshglob off clobber on posixbuiltins off alwayslastprompt on pushdtohome on histignorealldups off hashexecutablesonly off pushdsilent on casepaths off shoptionletters off physical off sourcetrace off typesettounset off histlexwords off bgnice on globalrcs on posixstrings off checkjobs on shglob off singlecommand off listrowsfirst off' 
17465955493>u .zinit-diff:3> .zinit-diff-env romkatv/zsh-defer begin
17465955493>u .zinit-diff-env:1> typeset -a tmp
17465955493>u .zinit-diff-env:2> local IFS=' '
17465955493>u .zinit-diff-env:4> [[ begin = begin ]]
17465955493>u .zinit-diff-env:5> [[ -z '' ]]
17465955493>u .zinit-diff-env:6> tmp=( /Users/peario/.nix-profile/bin /nix/var/nix/profiles/default/bin /usr/local/bin /System/Cryptexes/App/usr/bin /usr/bin /bin /usr/sbin /sbin /var/run/com.apple.security.cryptexd/codex.system/bootstrap/usr/local/bin /var/run/com.apple.security.cryptexd/codex.system/bootstrap/usr/bin /var/run/com.apple.security.cryptexd/codex.system/bootstrap/usr/appleinternal/bin /Library/Apple/usr/bin /Library/TeX/texbin /Users/peario/.lua/bin /Users/peario/.local/state/fnm_multishells/17273_1746595542416/bin /opt/homebrew/opt/llvm@19/bin /Users/peario/.cargo/bin /Users/peario/.local/share/zinit/plugins/voidint---g /Users/peario/perl5/bin /opt/homebrew/bin /opt/homebrew/sbin /Users/peario/.local/share/zinit/polaris/bin /Users/peario/.nix-profile/bin /nix/var/nix/profiles/default/bin /Applications/Ghostty.app/Contents/MacOS /Users/peario/go/bin /usr/local/go/bin /Users/peario/.nimble/bin /Users/peario/.local/bin /Users/peario/.local/share/fnm /Users/peario/Library/pnpm /Users/peario/.bun/bin '/Users/peario/Library/Application\ Support/JetBrains/Toolbox/scripts' ) 
17465955493>u .zinit-diff-env:7> ZINIT[PATH_BEFORE__$1]='/Users/peario/.nix-profile/bin /nix/var/nix/profiles/default/bin /usr/local/bin /System/Cryptexes/App/usr/bin /usr/bin /bin /usr/sbin /sbin /var/run/com.apple.security.cryptexd/codex.system/bootstrap/usr/local/bin /var/run/com.apple.security.cryptexd/codex.system/bootstrap/usr/bin /var/run/com.apple.security.cryptexd/codex.system/bootstrap/usr/appleinternal/bin /Library/Apple/usr/bin /Library/TeX/texbin /Users/peario/.lua/bin /Users/peario/.local/state/fnm_multishells/17273_1746595542416/bin /opt/homebrew/opt/llvm@19/bin /Users/peario/.cargo/bin /Users/peario/.local/share/zinit/plugins/voidint---g /Users/peario/perl5/bin /opt/homebrew/bin /opt/homebrew/sbin /Users/peario/.local/share/zinit/polaris/bin /Users/peario/.nix-profile/bin /nix/var/nix/profiles/default/bin /Applications/Ghostty.app/Contents/MacOS /Users/peario/go/bin /usr/local/go/bin /Users/peario/.nimble/bin /Users/peario/.local/bin /Users/peario/.local/share/fnm /Users/peario/Library/pnpm /Users/peario/.bun/bin /Users/peario/Library/Application\ Support/JetBrains/Toolbox/scripts' 
17465955493>u .zinit-diff-env:9> [[ -z '' ]]
17465955493>u .zinit-diff-env:10> tmp=( /Users/peario/.local/share/zinit/completions /usr/local/share/zsh/site-functions /usr/share/zsh/site-functions /usr/share/zsh/5.9/functions ) 
17465955493>u .zinit-diff-env:11> ZINIT[FPATH_BEFORE__$1]='/Users/peario/.local/share/zinit/completions /usr/local/share/zsh/site-functions /usr/share/zsh/site-functions /usr/share/zsh/5.9/functions' 
17465955493>u .zinit-diff:4> .zinit-diff-parameter romkatv/zsh-defer begin
17465955493>u .zinit-diff-parameter:1> typeset -a tmp
17465955493>u .zinit-diff-parameter:3> [[ begin = begin ]]
17465955493>u .zinit-diff-parameter:4> [[ -z '' ]]
17465955493>u .zinit-diff-parameter:5> ZINIT[PARAMETERS_BEFORE__$1]='___q scalar-local ___limit scalar-local PKG_CONFIG_PATH scalar-export ___ices array-local RANDOM integer-special USERNAME scalar-special LOGNAME scalar-export COMMAND_MODE scalar-export ___had_cloneonly integer-local ! integer-readonly-special \# integer-readonly-special NULLCMD scalar-special \$ integer-readonly-special ZPFX scalar-export COLORTERM scalar-export watch undefined \* array-readonly-special ___is_snippet integer-local READNULLCMD scalar-special - scalar-readonly-special LUA_CPATH scalar-export EPOCHREALTIME float-readonly-hide-hideval-special 0 scalar-special ZINIT_REGISTERED_PLUGINS array-hideval dis_aliases association-hide-hideval-special TIMEFMT scalar-export terminfo association-readonly-hide-hideval-special dis_reswords array-readonly-hide-hideval-special ZINIT_HOME scalar fg_bold association-hideval bg_bold association-hideval \? integer-readonly-special PWD scalar-export @ array-readonly-special TERM_PROGRAM_VERSION scalar-export GID integer-special GHOSTTY_BIN_DIR scalar-export ___opt_map association-local saliases association-hide-hideval-special ___pdir_path scalar-local reply array-local ZDOTDIR scalar-export MEND integer-local LINENO integer-readonly-special FNM_COREPACK_ENABLED scalar-export _ scalar-special FNM_NODE_DIST_MIRROR scalar-export nameddirs association-hide-hideval-special FNM_RESOLVE_ENGINES scalar-export ___turbo integer-local ___arr array-local ZSH_VERSION scalar ___pbase scalar-local ___last_ice scalar-local TTY scalar PROFILE_STARTUP scalar-export ___q2 scalar-local PERL_MM_OPT scalar-export FNM_ARCH scalar-export HISTFILE scalar-export ZSH_PATCHLEVEL scalar PPID integer-readonly-special dis_builtins association-readonly-hide-hideval-special LISTMAX integer path array-tied-special ZINIT_SICE association-hideval module_path array-tied-special WORDCHARS scalar-special ZINIT association-hideval ARGC integer-readonly-special ZINIT_EXTS association-hideval ___ehid scalar-local ___builtin scalar-local CPPFLAGS scalar-export galiases association-hide-hideval-special GHOSTTY_SHELL_INTEGRATION_NO_SUDO scalar-export mailpath array-tied-special XDG_DATA_DIRS scalar-export ___plugin scalar-local parameters association-readonly-hide-hideval-special tmp array-local ZINIT_ICE association-local PERL_MB_OPT scalar-export TRY_BLOCK_ERROR integer-special ___opt array-local TRY_BLOCK_INTERRUPT integer-special ___had_wait integer-local functrace array-readonly-hide-hideval-special __ETC_PROFILE_NIX_SOURCED scalar TERM_PROGRAM scalar-export ZSH_EVAL_CONTEXT scalar-readonly-tied-special NDK_HOME scalar-export OPTS association-local SECURITYSESSIONID scalar-export ZSH_EXECUTION_STRING scalar options association-hide-hideval-special OPTARG scalar-special ZSH_SUBSHELL integer-readonly-special UID integer-special FUNCNEST integer-special epochtime array-readonly-hide-hideval-special reswords array-readonly-hide-hideval-special fg_no_bold association-hideval fignore array-tied-special WATCH undefined usergroups association-readonly-hide-hideval-special FIGNORE scalar-tied-special color association ___fname scalar-local ZINIT_1MAP association ICE association-local aliases association-hide-hideval-special XPC_FLAGS scalar-export userdirs association-readonly-hide-hideval-special TTYIDLE integer-readonly-special CPUTYPE scalar TMPPREFIX scalar GOROOT scalar-export ZINIT_SNIPPETS association-hideval psvar array-tied-special termcap association-readonly-hide-hideval-special TMPDIR scalar-export GOPATH scalar-export REPLY scalar-local LANG scalar-export-special JAVA_HOME scalar-export HISTSIZE integer-export-special bold_color scalar-hideval TERMINFO scalar-export-special LESSOPEN scalar-export PNPM_HOME scalar-export COLUMNS integer-special PQ_LIB_DIR scalar-export builtins association-readonly-hide-hideval-special ___id_as scalar-local EGID integer-special ___key scalar-local FNM_LOGLEVEL scalar-export LUA_PATH scalar-export ZINIT_RUN array-hideval bg association-hideval SHELL scalar-export dis_patchars array-readonly-hide-hideval-special PMSPEC scalar-export XPC_SERVICE_NAME scalar-export zle_bracketed_paste array LaunchInstanceID scalar-export ZINIT_ICES association-hideval jobdirs association-readonly-hide-hideval-special OPTIND integer-special reset_color scalar-hideval errnos array-readonly-hide-hideval-special FNM_VERSION_FILE_STRATEGY scalar-export ___mode scalar-local mbegin array-local MBEGIN integer-local IFS scalar-local-special FNM_MULTISHELL_PATH scalar-export mend array-local PROMPT2 scalar-special PROMPT3 scalar-special PROMPT4 scalar-special VENDOR scalar modules association-readonly-hide-hideval-special KEYBOARD_HACK scalar-special zsh_eval_context array-readonly-tied-special match array-local option scalar cmd scalar-local MAILPATH scalar-tied-special bg_no_bold association-hideval PERL5LIB scalar-export LDFLAGS scalar-export HOME scalar-export-special key association GHOSTTY_RESOURCES_DIR scalar-export fpath array-tied-special widgets undefined ANDROID_HOME scalar-export ___retval scalar-local NIX_SSL_CERT_FILE scalar-export ___pdir_orig scalar-local ZINIT_TMP scalar ___correct scalar-local sysparams association-readonly-hide-hideval-special KEYTIMEOUT integer SHLVL integer-export-special functions association-hide-hideval-special MACHTYPE scalar argv array-special HOMEBREW_REPOSITORY scalar-export commands association-hide-hideval-special FNM_DIR scalar-export ZINIT_EXTS2 association-hideval XDG_CONFIG_HOME scalar-export ___error integer-local BUN_INSTALL scalar-export dis_functions association-hide-hideval-special funcfiletrace array-readonly-hide-hideval-special history association-readonly-hide-hideval-special ZINIT_ZLE_HOOKS_LIST association-hideval PSVAR scalar-tied-special EUID integer-special ZINIT_TASKS array-hideval fg association-hideval HOMEBREW_PREFIX scalar-export ___type scalar-local HOMEBREW_CELLAR scalar-export CDPATH scalar-tied-special cdpath array-tied-special SECONDS float-local-special __CF_USER_TEXT_ENCODING scalar-export keymaps undefined zsh_loaded_plugins array LINES integer-special ___retval2 integer-local PATH scalar-tied-export-special PERL_LOCAL_LIB_ROOT scalar-export manpath array-tied-special LUA scalar-export XDG_DATA_HOME scalar-export MANPATH scalar-tied-export-special PROFILE_ALL scalar ZSH_ARGZERO scalar HISTCMD integer-readonly-special patchars array-readonly-hide-hideval-special NODE_COMPILE_CACHE scalar-export precmd_functions array signals array dirstack array-hide-hideval-special __CFBundleIdentifier scalar-export funcsourcetrace array-readonly-hide-hideval-special zsh_scheduled_events undefined ___id scalar-local OSTYPE scalar ___user scalar-local dis_saliases association-hide-hideval-special PS1 scalar-special histchars scalar-special PS2 scalar-special ZSH_NAME scalar PS3 scalar-special PS4 scalar-special SSH_AUTH_SOCK scalar-export NIX_PROFILES scalar-export ___etid scalar-local TERM scalar-export-special funcstack array-readonly-hide-hideval-special status integer-readonly-special ___rst scalar-local ZINIT_2MAP association ___action_load integer-local MODULE_PATH scalar-tied-special historywords array-readonly-hide-hideval-special OLDPWD scalar-export SAVEHIST integer-export-special INFOPATH scalar-export USER scalar-export MATCH scalar-local ZSH_CACHE_DIR scalar-export HISTCHARS scalar-special XDG_CACHE_HOME scalar-export dis_functions_source association-readonly-hide-hideval-special STARSHIP_SESSION_KEY scalar-export EPOCHSECONDS integer-readonly-hide-hideval-special FPATH scalar-tied-special ZINIT_COMPDEF_REPLAY array-hideval SPROMPT scalar-special XDG_STATE_HOME scalar-export ZINIT_REPORTS association-hideval STARSHIP_SHELL scalar-export functions_source association-readonly-hide-hideval-special ___msgs integer-local jobtexts association-readonly-hide-hideval-special colour association pipestatus array-special dis_galiases association-hide-hideval-special prompt scalar-special MAILCHECK integer PROMPT scalar-special HOST scalar jobstates association-readonly-hide-hideval-special ZINIT_CUR_BIND_MAP association-hideval' 
17465955493>u .zinit-load-plugin:103> .zinit-tmp-subst-on load
17465955493>u .zinit-tmp-subst-on:1> local mode=load
17465955493>u .zinit-tmp-subst-on:11> [[ inactive != inactive ]]
17465955493>u .zinit-tmp-subst-on:13> ZINIT[TMP_SUBST]=load 
17465955493>u .zinit-tmp-subst-on:19> unset 'ZINIT[bkp-autoload]' 'ZINIT[bkp-compdef]'
17465955493>u .zinit-tmp-subst-on:21> [[ load != compdef ]]
17465955493>u .zinit-tmp-subst-on:23> ((  0  ))
17465955493>u .zinit-tmp-subst-on:24> functions[autoload]=':zinit-tmp-subst-autoload "$@";' 
17465955493>u .zinit-tmp-subst-on:28> ((  0  ))
17465955493>u .zinit-tmp-subst-on:29> functions[compdef]=':zinit-tmp-subst-compdef "$@";' 
17465955493>u .zinit-tmp-subst-on:32> [[ -n '' ]]
17465955493>u .zinit-tmp-subst-on:41> [[ load = light || load = compdef ]]
17465955493>u .zinit-tmp-subst-on:44> unset 'ZINIT[bkp-bindkey]' 'ZINIT[bkp-zstyle]' 'ZINIT[bkp-alias]' 'ZINIT[bkp-zle]'
17465955493>u .zinit-tmp-subst-on:47> ((  0  ))
17465955493>u .zinit-tmp-subst-on:48> functions[bindkey]=':zinit-tmp-subst-bindkey "$@";' 
17465955493>u .zinit-tmp-subst-on:51> [[ load = light-b || load = light ]]
17465955493>u .zinit-tmp-subst-on:54> ((  0  ))
17465955493>u .zinit-tmp-subst-on:55> functions[zstyle]=':zinit-tmp-subst-zstyle "$@";' 
17465955493>u .zinit-tmp-subst-on:58> ((  0  ))
17465955493>u .zinit-tmp-subst-on:59> functions[alias]=':zinit-tmp-subst-alias "$@";' 
17465955493>u .zinit-tmp-subst-on:62> ((  0  ))
17465955493>u .zinit-tmp-subst-on:63> functions[zle]=':zinit-tmp-subst-zle "$@";' 
17465955493>u .zinit-tmp-subst-on:65> return 0
17465955493>u .zinit-load-plugin:106> ((  0  ))
17465955493>u .zinit-load-plugin:107> local ZERO=/Users/peario/.local/share/zinit/plugins/romkatv---zsh-defer/zsh-defer.plugin.zsh
17465955493>u .zinit-load-plugin:108> ((  0  ))
17465955493>u .zinit-load-plugin:108> setopt noaliases
17465955493>u .zinit-load-plugin:109> [[ '' = !* ]]
17465955493>u .zinit-load-plugin:110> ((  0  ))
17465955493>u .zinit-load-plugin:110> (( 1 ))
17465955493>u .zinit-load-plugin:110> [[ -n '' ]]
17465955493>u .zinit-load-plugin:110> (( 1 ))
17465955493>u .zinit-load-plugin:110> source /Users/peario/.local/share/zinit/plugins/romkatv---zsh-defer/zsh-defer.plugin.zsh
17465955493>u /Users/peario/.local/share/zinit/plugins/romkatv---zsh-defer/zsh-defer.plugin.zsh:16> local -a _zsh_defer_opts
17465955493>u /Users/peario/.local/share/zinit/plugins/romkatv---zsh-defer/zsh-defer.plugin.zsh:17> [[ ! -o aliases ]]
17465955493>u /Users/peario/.local/share/zinit/plugins/romkatv---zsh-defer/zsh-defer.plugin.zsh:18> [[ ! -o sh_glob ]]
17465955493>u /Users/peario/.local/share/zinit/plugins/romkatv---zsh-defer/zsh-defer.plugin.zsh:19> [[ ! -o no_brace_expand ]]
17465955493>u /Users/peario/.local/share/zinit/plugins/romkatv---zsh-defer/zsh-defer.plugin.zsh:20> setopt no_aliases no_sh_glob brace_expand
17465955493>u /Users/peario/.local/share/zinit/plugins/romkatv---zsh-defer/zsh-defer.plugin.zsh:22> typeset -ga _zsh_defer_tasks
17465955493>u /Users/peario/.local/share/zinit/plugins/romkatv---zsh-defer/zsh-defer.plugin.zsh:29> zle -N zsh-defer-reset-autosuggestions_
17465955493>u zle:1> :zinit-tmp-subst-zle -N zsh-defer-reset-autosuggestions_
17465955493>u :zinit-tmp-subst-zle:1> setopt localoptions noerrreturn noerrexit extendedglob warncreateglobal typesetsilent noshortloops unset
17465955493>u :zinit-tmp-subst-zle:3> .zinit-add-report romkatv/zsh-defer 'Zle -N zsh-defer-reset-autosuggestions_'
17465955493>u .zinit-add-report:2> [[ -n romkatv/zsh-defer ]]
17465955493>u .zinit-add-report:2> ((  0 && 0  ))
17465955493>u .zinit-add-report:2> ZINIT_REPORTS[$1]+=$'Zle -N zsh-defer-reset-autosuggestions_\n' 
17465955493>u .zinit-add-report:3> [[ 0 = 1 ]]
17465955493>u .zinit-add-report:4> return 0
17465955493>u :zinit-tmp-subst-zle:6> typeset -a pos
17465955493>u :zinit-tmp-subst-zle:7> pos=( -N zsh-defer-reset-autosuggestions_ ) 
17465955493>u :zinit-tmp-subst-zle:9> set -- -N zsh-defer-reset-autosuggestions_
17465955493>u :zinit-tmp-subst-zle:12> [[ -N = -N && 2 = 2 ]]
17465955493>u :zinit-tmp-subst-zle:14> [[ '' = 1 ]]
17465955493>u :zinit-tmp-subst-zle:22> ((  0  ))
17465955493>u :zinit-tmp-subst-zle:41> .zinit-add-report romkatv/zsh-defer 'Note: a new widget created via zle -N: `zsh-defer-reset-autosuggestions_'\'
17465955493>u .zinit-add-report:2> [[ -n romkatv/zsh-defer ]]
17465955493>u .zinit-add-report:2> ((  0 && 0  ))
17465955493>u .zinit-add-report:2> ZINIT_REPORTS[$1]+=$'Note: a new widget created via zle -N: `zsh-defer-reset-autosuggestions_\'\n' 
17465955493>u .zinit-add-report:3> [[ 0 = 1 ]]
17465955493>u .zinit-add-report:4> return 0
17465955493>u :zinit-tmp-subst-zle:42> local quoted=zsh-defer-reset-autosuggestions_
17465955493>u :zinit-tmp-subst-zle:43> quoted=zsh-defer-reset-autosuggestions_ 
17465955493>u :zinit-tmp-subst-zle:45> [[ -n romkatv/zsh-defer ]]
17465955493>u :zinit-tmp-subst-zle:45> ZINIT[WIDGETS_DELETE__${ZINIT[CUR_USPL2]}]+='zsh-defer-reset-autosuggestions_ ' 
17465955493>u :zinit-tmp-subst-zle:47> [[ 0 = 1 ]]
17465955493>u :zinit-tmp-subst-zle:52> zle -N zsh-defer-reset-autosuggestions_
17465955493>u :zinit-tmp-subst-zle:53> return 0
17465955493>u /Users/peario/.local/share/zinit/plugins/romkatv---zsh-defer/zsh-defer.plugin.zsh:61> zle -N _zsh-defer-resume
17465955493>u zle:1> :zinit-tmp-subst-zle -N _zsh-defer-resume
17465955493>u :zinit-tmp-subst-zle:1> setopt localoptions noerrreturn noerrexit extendedglob warncreateglobal typesetsilent noshortloops unset
17465955493>u :zinit-tmp-subst-zle:3> .zinit-add-report romkatv/zsh-defer 'Zle -N _zsh-defer-resume'
17465955493>u .zinit-add-report:2> [[ -n romkatv/zsh-defer ]]
17465955493>u .zinit-add-report:2> ((  0 && 0  ))
17465955493>u .zinit-add-report:2> ZINIT_REPORTS[$1]+=$'Zle -N _zsh-defer-resume\n' 
17465955493>u .zinit-add-report:3> [[ 0 = 1 ]]
17465955493>u .zinit-add-report:4> return 0
17465955493>u :zinit-tmp-subst-zle:6> typeset -a pos
17465955493>u :zinit-tmp-subst-zle:7> pos=( -N _zsh-defer-resume ) 
17465955493>u :zinit-tmp-subst-zle:9> set -- -N _zsh-defer-resume
17465955493>u :zinit-tmp-subst-zle:12> [[ -N = -N && 2 = 2 ]]
17465955493>u :zinit-tmp-subst-zle:14> [[ '' = 1 ]]
17465955493>u :zinit-tmp-subst-zle:22> ((  0  ))
17465955493>u :zinit-tmp-subst-zle:41> .zinit-add-report romkatv/zsh-defer 'Note: a new widget created via zle -N: `_zsh-defer-resume'\'
17465955493>u .zinit-add-report:2> [[ -n romkatv/zsh-defer ]]
17465955493>u .zinit-add-report:2> ((  0 && 0  ))
17465955493>u .zinit-add-report:2> ZINIT_REPORTS[$1]+=$'Note: a new widget created via zle -N: `_zsh-defer-resume\'\n' 
17465955493>u .zinit-add-report:3> [[ 0 = 1 ]]
17465955493>u .zinit-add-report:4> return 0
17465955493>u :zinit-tmp-subst-zle:42> local quoted=_zsh-defer-resume
17465955493>u :zinit-tmp-subst-zle:43> quoted=_zsh-defer-resume 
17465955493>u :zinit-tmp-subst-zle:45> [[ -n romkatv/zsh-defer ]]
17465955493>u :zinit-tmp-subst-zle:45> ZINIT[WIDGETS_DELETE__${ZINIT[CUR_USPL2]}]+='_zsh-defer-resume ' 
17465955493>u :zinit-tmp-subst-zle:47> [[ 0 = 1 ]]
17465955493>u :zinit-tmp-subst-zle:52> zle -N _zsh-defer-resume
17465955493>u :zinit-tmp-subst-zle:53> return 0
17465955493>u /Users/peario/.local/share/zinit/plugins/romkatv---zsh-defer/zsh-defer.plugin.zsh:186> ((  0  ))
17465955493>u /Users/peario/.local/share/zinit/plugins/romkatv---zsh-defer/zsh-defer.plugin.zsh:187> unset _zsh_defer_opts
17465955493>u .zinit-load-plugin:110> ((  ___retval += 0  ))
17465955493>u .zinit-load-plugin:111> [[ -n '' ]]
17465955493>u .zinit-load-plugin:112> [[ -n '' ]]
17465955493>u .zinit-load-plugin:115> reply=( ) 
17465955493>u .zinit-load-plugin:122> [[ -n '' ]]
17465955493>u .zinit-load-plugin:127> [[ '' = ! ]]
17465955493>u .zinit-load-plugin:128> ((  ZINIT[ALIASES_OPT]  ))
17465955493>u .zinit-load-plugin:128> setopt aliases
17465955493>u .zinit-load-plugin:129> ((  0  ))
17465955493>u .zinit-load-plugin:131> .zinit-tmp-subst-off load
17465955493>u .zinit-tmp-subst-off:1> setopt localoptions noerrreturn noerrexit extendedglob warncreateglobal typesetsilent noshortloops unset noaliases
17465955493>u .zinit-tmp-subst-off:3> local mode=load
17465955493>u .zinit-tmp-subst-off:7> [[ load = inactive || load != load ]]
17465955493>u .zinit-tmp-subst-off:9> ZINIT[TMP_SUBST]=inactive 
17465955493>u .zinit-tmp-subst-off:11> [[ load != compdef ]]
17465955493>u .zinit-tmp-subst-off:13> ((  0  ))
17465955493>u .zinit-tmp-subst-off:13> unfunction autoload
17465955493>u .zinit-tmp-subst-off:17> ((  0  ))
17465955493>u .zinit-tmp-subst-off:17> unfunction compdef
17465955493>u .zinit-tmp-subst-off:20> ((  0  ))
17465955493>u .zinit-tmp-subst-off:20> unfunction source
17465955493>u .zinit-tmp-subst-off:21> ((  0  ))
17465955493>u .zinit-tmp-subst-off:21> unfunction .
17465955493>u .zinit-tmp-subst-off:24> [[ load = light || load = compdef ]]
17465955493>u .zinit-tmp-subst-off:29> ((  0  ))
17465955493>u .zinit-tmp-subst-off:29> unfunction bindkey
17465955493>u .zinit-tmp-subst-off:32> [[ load = light-b || load = light ]]
17465955493>u .zinit-tmp-subst-off:35> ((  0  ))
17465955493>u .zinit-tmp-subst-off:35> unfunction zstyle
17465955493>u .zinit-tmp-subst-off:37> ((  0  ))
17465955493>u .zinit-tmp-subst-off:37> unfunction alias
17465955493>u .zinit-tmp-subst-off:39> ((  0  ))
17465955493>u .zinit-tmp-subst-off:39> unfunction zle
17465955493>u .zinit-tmp-subst-off:41> return 0
17465955493>u .zinit-load-plugin:133> [[ '' != light(|-b) ]]
17465955493>u .zinit-load-plugin:133> .zinit-diff romkatv/zsh-defer end
17465955493>u .zinit-diff:1> .zinit-diff-functions romkatv/zsh-defer end
17465955493>u .zinit-diff-functions:1> local uspl2=romkatv/zsh-defer
17465955493>u .zinit-diff-functions:2> local cmd=end
17465955493>u .zinit-diff-functions:4> [[ end = begin ]]
17465955493>u .zinit-diff-functions:8> ZINIT[FUNCTIONS_AFTER__$uspl2]+=' pmodload .zinit-compdef-replay .zinit-tmp-subst-on .zinit-diff .zinit-formatter-auto .zinit-any-to-user-plugin _zsh-defer-apply .zinit-formatter-bar-util +zinit-prehelp-usage-message :zinit-tmp-subst-zstyle zpcompinit .zinit-add-fpath .zinit-load-plugin +zinit-deploy-message edit-command-line :zinit-tmp-subst-bindkey .zinit-get-object-path @zinit-substitute @zinit-register-annex .zinit-set-m-func .zinit-diff-options .zinit-any-to-pid .zinit-compdef-clear :zinit-tmp-subst-zle @zsh-plugin-run-on-update zinit .zinit-run-task @zinit-register-hook .zinit-util-shands-path zicdclear is-at-least zi-browse-symbol .zinit-submit-turbo zicdreplay .zinit-formatter-pid .zinit-diff-functions @autoload @zinit-scheduler .zinit-load-ices __unset_zsh_options .zinit-main-message-formatter zsh-defer-reset-autosuggestions_ .zinit-find-other-matches +zinit-message @zsh-plugin-run-on-unload .zinit-load-object +zi-log zpcdreplay :zinit-reload-and-run .zinit-tmp-subst-off zicompdef zpcdclear .zinit-formatter-th-bar add-zsh-hook :zinit-tmp-subst-autoload .zinit-register-plugin .zinit-setup-params .zinit-formatter-url .zinit-run :zinit-tmp-subst-compdef .zinit-diff-parameter .zinit-pack-ice zsh-defer .zinit-diff-env __set_zsh_options .zinit-load-snippet .zinit-load .zinit-ice -zinit_scheduler_add_sh _zsh-defer-schedule colors _zsh-defer-resume zicompinit .zinit-parse-opts zpcompdef zplugin .zinit-get-mtime-into precmd :zinit-tmp-subst-alias .zinit-add-report m .zinit-prepare-home .zinit-formatter-bar' 
17465955493>u .zinit-diff:2> .zinit-diff-options romkatv/zsh-defer end
17465955493>u .zinit-diff-options:1> local IFS=' '
17465955493>u .zinit-diff-options:3> [[ end = begin ]]
17465955493>u .zinit-diff-options:7> ZINIT[OPTIONS_AFTER__$1]+=' posixargzero off autolist on shortrepeat off printexitvalue off kshzerosubscript off histreduceblanks on chaselinks off extendedglob off localloops off histnostore off automenu on globcomplete off unset on listpacked off promptsubst on shwordsplit off pathdirs off kshtypeset off listtypes on warncreateglobal off promptbang off dotglob off braceexpand on listbeep on correctall off privileged off numericglobsort off histverify on trackall on histsubstpattern off globstarshort off cbases off rcquotes off posixaliases off histfindnodups off bashautolist off sharehistory off overstrike off kshautoload off incappendhistory on appendcreate off promptcr on mailwarn off pushdignoredups on interactive on ignoreeof off globsubst off rematchpcre off monitor on histsavebycopy on clobberempty off histbeep off debugbeforecmd on magicequalsubst off rmstarsilent off posixjobs off hashcmds on posixtraps off extendedhistory on notify on kshoptionprint off histexpiredupsfirst off glob on posixcd off braceccl off badpattern on longlistjobs off banghist on dvorak off alwaystoend on hashall on warnnestedvar off globalexport on ksharrays off correct on cdsilent off autonamedirs off histexpand on typesetsilent off rmstarwait off histnofunctions off autoparamslash on trapsasync off sunkeyboardhack off promptsp on histsavenodups on autocd on allexport off posixidentifiers off cshjunkiehistory off autopushd on completeinword off completealiases off aliases on autocontinue off appendhistory on aliasfuncdef off singlelinezle off hashlistall on ignoreclosebraces off recexact off localoptions off interactivecomments on errexit off cshjunkiequotes off markdirs off hashdirs on cdablevars off rcexpandparam off vi off printeightbit off multifuncdef on xtrace on login on cshjunkieloops off histappend on histignorespace off evallineno on shfileexpansion off rcs on functionargzero on errreturn off combiningchars on histignoredups off histfcntllock on beep on autoremoveslash on hup on globdots off checkrunningjobs on autoparamkeys on shnullcmd off multibyte on zle on promptpercent on flowcontrol on continueonerror off incappendhistorytime off autoresume off globassign off caseglob on shortloops on bsdecho off cprecedences off log on transientrprompt off verbose off localpatterns off ignorebraces off pipefail off equals on menucomplete on cshnullglob off casematch on promptvars on histallowclobber off bareglobqual on shinstdin off restricted off pushdminus off nullglob off chasedots off mailwarning off listambiguous on cshnullcmd off bashrematch off octalzeroes off forcefloat off exec on multios on emacs off nomatch off pathscript off localtraps off stdin off onecmd off kshglob off clobber on posixbuiltins off alwayslastprompt on pushdtohome on histignorealldups off hashexecutablesonly off pushdsilent on casepaths off shoptionletters off physical off sourcetrace off typesettounset off histlexwords off bgnice on globalrcs on posixstrings off checkjobs on shglob off singlecommand off listrowsfirst off' 
17465955493>u .zinit-diff:3> .zinit-diff-env romkatv/zsh-defer end
17465955493>u .zinit-diff-env:1> typeset -a tmp
17465955493>u .zinit-diff-env:2> local IFS=' '
17465955493>u .zinit-diff-env:4> [[ end = begin ]]
17465955493>u .zinit-diff-env:14> tmp=( /Users/peario/.nix-profile/bin /nix/var/nix/profiles/default/bin /usr/local/bin /System/Cryptexes/App/usr/bin /usr/bin /bin /usr/sbin /sbin /var/run/com.apple.security.cryptexd/codex.system/bootstrap/usr/local/bin /var/run/com.apple.security.cryptexd/codex.system/bootstrap/usr/bin /var/run/com.apple.security.cryptexd/codex.system/bootstrap/usr/appleinternal/bin /Library/Apple/usr/bin /Library/TeX/texbin /Users/peario/.lua/bin /Users/peario/.local/state/fnm_multishells/17273_1746595542416/bin /opt/homebrew/opt/llvm@19/bin /Users/peario/.cargo/bin /Users/peario/.local/share/zinit/plugins/voidint---g /Users/peario/perl5/bin /opt/homebrew/bin /opt/homebrew/sbin /Users/peario/.local/share/zinit/polaris/bin /Users/peario/.nix-profile/bin /nix/var/nix/profiles/default/bin /Applications/Ghostty.app/Contents/MacOS /Users/peario/go/bin /usr/local/go/bin /Users/peario/.nimble/bin /Users/peario/.local/bin /Users/peario/.local/share/fnm /Users/peario/Library/pnpm /Users/peario/.bun/bin '/Users/peario/Library/Application\ Support/JetBrains/Toolbox/scripts' ) 
17465955493>u .zinit-diff-env:15> ZINIT[PATH_AFTER__$1]+=' /Users/peario/.nix-profile/bin /nix/var/nix/profiles/default/bin /usr/local/bin /System/Cryptexes/App/usr/bin /usr/bin /bin /usr/sbin /sbin /var/run/com.apple.security.cryptexd/codex.system/bootstrap/usr/local/bin /var/run/com.apple.security.cryptexd/codex.system/bootstrap/usr/bin /var/run/com.apple.security.cryptexd/codex.system/bootstrap/usr/appleinternal/bin /Library/Apple/usr/bin /Library/TeX/texbin /Users/peario/.lua/bin /Users/peario/.local/state/fnm_multishells/17273_1746595542416/bin /opt/homebrew/opt/llvm@19/bin /Users/peario/.cargo/bin /Users/peario/.local/share/zinit/plugins/voidint---g /Users/peario/perl5/bin /opt/homebrew/bin /opt/homebrew/sbin /Users/peario/.local/share/zinit/polaris/bin /Users/peario/.nix-profile/bin /nix/var/nix/profiles/default/bin /Applications/Ghostty.app/Contents/MacOS /Users/peario/go/bin /usr/local/go/bin /Users/peario/.nimble/bin /Users/peario/.local/bin /Users/peario/.local/share/fnm /Users/peario/Library/pnpm /Users/peario/.bun/bin /Users/peario/Library/Application\ Support/JetBrains/Toolbox/scripts' 
17465955493>u .zinit-diff-env:16> tmp=( /Users/peario/.local/share/zinit/completions /usr/local/share/zsh/site-functions /usr/share/zsh/site-functions /usr/share/zsh/5.9/functions ) 
17465955493>u .zinit-diff-env:17> ZINIT[FPATH_AFTER__$1]+=' /Users/peario/.local/share/zinit/completions /usr/local/share/zsh/site-functions /usr/share/zsh/site-functions /usr/share/zsh/5.9/functions' 
17465955493>u .zinit-diff:4> .zinit-diff-parameter romkatv/zsh-defer end
17465955493>u .zinit-diff-parameter:1> typeset -a tmp
17465955493>u .zinit-diff-parameter:3> [[ end = begin ]]
17465955493>u .zinit-diff-parameter:8> ZINIT[PARAMETERS_AFTER__$1]+=' ___q scalar-local ___limit scalar-local PKG_CONFIG_PATH scalar-export ___ices array-local RANDOM integer-special USERNAME scalar-special LOGNAME scalar-export COMMAND_MODE scalar-export ___had_cloneonly integer-local ! integer-readonly-special _zsh_defer_tasks array \# integer-readonly-special NULLCMD scalar-special \$ integer-readonly-special ZPFX scalar-export COLORTERM scalar-export watch undefined \* array-readonly-special ___is_snippet integer-local READNULLCMD scalar-special - scalar-readonly-special LUA_CPATH scalar-export EPOCHREALTIME float-readonly-hide-hideval-special 0 scalar-special ZINIT_REGISTERED_PLUGINS array-hideval dis_aliases association-hide-hideval-special TIMEFMT scalar-export terminfo association-readonly-hide-hideval-special dis_reswords array-readonly-hide-hideval-special ZINIT_HOME scalar fg_bold association-hideval bg_bold association-hideval \? integer-readonly-special PWD scalar-export @ array-readonly-special TERM_PROGRAM_VERSION scalar-export GID integer-special GHOSTTY_BIN_DIR scalar-export ___opt_map association-local saliases association-hide-hideval-special ___pdir_path scalar-local reply array-local ZDOTDIR scalar-export MEND integer-local LINENO integer-readonly-special FNM_COREPACK_ENABLED scalar-export _ scalar-special FNM_NODE_DIST_MIRROR scalar-export nameddirs association-hide-hideval-special FNM_RESOLVE_ENGINES scalar-export ___turbo integer-local ___arr array-local ZSH_VERSION scalar ___pbase scalar-local ___last_ice scalar-local TTY scalar PROFILE_STARTUP scalar-export ___q2 scalar-local PERL_MM_OPT scalar-export FNM_ARCH scalar-export HISTFILE scalar-export ZSH_PATCHLEVEL scalar PPID integer-readonly-special dis_builtins association-readonly-hide-hideval-special LISTMAX integer path array-tied-special ZINIT_SICE association-hideval module_path array-tied-special WORDCHARS scalar-special ZINIT association-hideval ARGC integer-readonly-special ZINIT_EXTS association-hideval ___ehid scalar-local ___builtin scalar-local CPPFLAGS scalar-export galiases association-hide-hideval-special GHOSTTY_SHELL_INTEGRATION_NO_SUDO scalar-export mailpath array-tied-special XDG_DATA_DIRS scalar-export ___plugin scalar-local parameters association-readonly-hide-hideval-special tmp array-local ZINIT_ICE association-local PERL_MB_OPT scalar-export TRY_BLOCK_ERROR integer-special ___opt array-local TRY_BLOCK_INTERRUPT integer-special ___had_wait integer-local functrace array-readonly-hide-hideval-special __ETC_PROFILE_NIX_SOURCED scalar TERM_PROGRAM scalar-export ZSH_EVAL_CONTEXT scalar-readonly-tied-special NDK_HOME scalar-export OPTS association-local SECURITYSESSIONID scalar-export ZSH_EXECUTION_STRING scalar options association-hide-hideval-special OPTARG scalar-special ZSH_SUBSHELL integer-readonly-special UID integer-special FUNCNEST integer-special epochtime array-readonly-hide-hideval-special reswords array-readonly-hide-hideval-special fg_no_bold association-hideval fignore array-tied-special WATCH undefined usergroups association-readonly-hide-hideval-special FIGNORE scalar-tied-special color association ___fname scalar-local ZINIT_1MAP association ICE association-local aliases association-hide-hideval-special XPC_FLAGS scalar-export userdirs association-readonly-hide-hideval-special TTYIDLE integer-readonly-special CPUTYPE scalar TMPPREFIX scalar GOROOT scalar-export ZINIT_SNIPPETS association-hideval psvar array-tied-special termcap association-readonly-hide-hideval-special TMPDIR scalar-export GOPATH scalar-export REPLY scalar-local LANG scalar-export-special JAVA_HOME scalar-export HISTSIZE integer-export-special bold_color scalar-hideval TERMINFO scalar-export-special LESSOPEN scalar-export PNPM_HOME scalar-export COLUMNS integer-special PQ_LIB_DIR scalar-export builtins association-readonly-hide-hideval-special ___id_as scalar-local EGID integer-special ___key scalar-local FNM_LOGLEVEL scalar-export LUA_PATH scalar-export ZINIT_RUN array-hideval bg association-hideval SHELL scalar-export dis_patchars array-readonly-hide-hideval-special PMSPEC scalar-export XPC_SERVICE_NAME scalar-export zle_bracketed_paste array LaunchInstanceID scalar-export ZINIT_ICES association-hideval jobdirs association-readonly-hide-hideval-special OPTIND integer-special reset_color scalar-hideval errnos array-readonly-hide-hideval-special FNM_VERSION_FILE_STRATEGY scalar-export ___mode scalar-local mbegin array-local MBEGIN integer-local IFS scalar-local-special FNM_MULTISHELL_PATH scalar-export mend array-local PROMPT2 scalar-special PROMPT3 scalar-special PROMPT4 scalar-special VENDOR scalar modules association-readonly-hide-hideval-special KEYBOARD_HACK scalar-special zsh_eval_context array-readonly-tied-special match array-local option scalar cmd scalar-local MAILPATH scalar-tied-special bg_no_bold association-hideval PERL5LIB scalar-export LDFLAGS scalar-export HOME scalar-export-special key association GHOSTTY_RESOURCES_DIR scalar-export widgets association-readonly-hide-hideval-special fpath array-tied-special ANDROID_HOME scalar-export ___retval scalar-local NIX_SSL_CERT_FILE scalar-export ___pdir_orig scalar-local ZINIT_TMP scalar ___correct scalar-local sysparams association-readonly-hide-hideval-special KEYTIMEOUT integer SHLVL integer-export-special functions association-hide-hideval-special MACHTYPE scalar argv array-special HOMEBREW_REPOSITORY scalar-export commands association-hide-hideval-special FNM_DIR scalar-export ZINIT_EXTS2 association-hideval XDG_CONFIG_HOME scalar-export ___error integer-local BUN_INSTALL scalar-export dis_functions association-hide-hideval-special funcfiletrace array-readonly-hide-hideval-special history association-readonly-hide-hideval-special ZINIT_ZLE_HOOKS_LIST association-hideval PSVAR scalar-tied-special EUID integer-special ZINIT_TASKS array-hideval fg association-hideval HOMEBREW_PREFIX scalar-export ___type scalar-local HOMEBREW_CELLAR scalar-export CDPATH scalar-tied-special cdpath array-tied-special SECONDS float-local-special __CF_USER_TEXT_ENCODING scalar-export keymaps undefined zsh_loaded_plugins array LINES integer-special ___retval2 integer-local PATH scalar-tied-export-special PERL_LOCAL_LIB_ROOT scalar-export manpath array-tied-special LUA scalar-export XDG_DATA_HOME scalar-export MANPATH scalar-tied-export-special PROFILE_ALL scalar ZSH_ARGZERO scalar HISTCMD integer-readonly-special patchars array-readonly-hide-hideval-special NODE_COMPILE_CACHE scalar-export precmd_functions array signals array dirstack array-hide-hideval-special __CFBundleIdentifier scalar-export funcsourcetrace array-readonly-hide-hideval-special zsh_scheduled_events undefined ___id scalar-local OSTYPE scalar ___user scalar-local dis_saliases association-hide-hideval-special PS1 scalar-special histchars scalar-special PS2 scalar-special ZSH_NAME scalar PS3 scalar-special PS4 scalar-special SSH_AUTH_SOCK scalar-export ZERO scalar-local NIX_PROFILES scalar-export ___etid scalar-local TERM scalar-export-special funcstack array-readonly-hide-hideval-special status integer-readonly-special ___rst scalar-local ZINIT_2MAP association ___action_load integer-local MODULE_PATH scalar-tied-special historywords array-readonly-hide-hideval-special OLDPWD scalar-export SAVEHIST integer-export-special INFOPATH scalar-export USER scalar-export MATCH scalar-local ZSH_CACHE_DIR scalar-export HISTCHARS scalar-special XDG_CACHE_HOME scalar-export dis_functions_source association-readonly-hide-hideval-special STARSHIP_SESSION_KEY scalar-export EPOCHSECONDS integer-readonly-hide-hideval-special FPATH scalar-tied-special ZINIT_COMPDEF_REPLAY array-hideval SPROMPT scalar-special XDG_STATE_HOME scalar-export ZINIT_REPORTS association-hideval STARSHIP_SHELL scalar-export functions_source association-readonly-hide-hideval-special ___msgs integer-local jobtexts association-readonly-hide-hideval-special colour association pipestatus array-special dis_galiases association-hide-hideval-special prompt scalar-special MAILCHECK integer PROMPT scalar-special HOST scalar jobstates association-readonly-hide-hideval-special ZINIT_CUR_BIND_MAP association-hideval' 
17465955493>u .zinit-load-plugin:136> [[ 0 = 1 ]]
17465955493>u .zinit-load-plugin:138> reply=( ) 
17465955493>u .zinit-load-plugin:144> ((  ___rst  ))
17465955493>u .zinit-load-plugin:146> return ___retval
17465955493>u .zinit-load:88> ___retval=0 
17465955493>u .zinit-load:89> ((  0 == 1  ))
17465955493>u .zinit-load:90> ((  0 == 1  ))
17465955493>u .zinit-load:93> .zinit-set-m-func unset
17465955493>u .zinit-set-m-func:1> [[ unset == set ]]
17465955493>u .zinit-set-m-func:6> [[ unset == unset ]]
17465955493>u .zinit-set-m-func:7> [[ -n '' ]]
17465955493>u .zinit-set-m-func:12> unset 'functions[m]'
17465955493>u .zinit-load:96> ZINIT[CUR_USR]='' ZINIT[CUR_PLUGIN]='' ZINIT[CUR_USPL2]='' 
17465955493>u .zinit-load:98> ZINIT[TIME_INDEX]=2 
17465955493>u .zinit-load:99> ZINIT[TIME_${ZINIT[TIME_INDEX]}_${___id_as//\//---}]=0.006 
17465955493>u .zinit-load:100> ZINIT[AT_TIME_${ZINIT[TIME_INDEX]}_${___id_as//\//---}]=1746595549.7120358944 
17465955493>u .zinit-load:101> return ___retval
17465955493>u .zinit-load-object:10> ___retval+=0 
17465955493>u .zinit-load-object:12> return __retval
17465955493>u zinit:280> integer ___last_retval=0
17465955493>u zinit:281> ___retval+=___last_retval 
17465955493>u zinit:283> ((  ___turbo && !___had_cloneonly && ZINIT[HAVE_SCHEDULER]  ))
17465955493>u zinit:288> ((  ___turbo && ZINIT[HAVE_SCHEDULER] && 0 == ___last_retval  ))
17465955493>u zinit:305> ((  1  ))
17465955493>u zinit:305> shift
17465955493>u zinit:306> ___is_snippet=0 
17465955493>u zinit:124> ((  0  ))
17465955493>u zinit:312> ((  ___error  ))
17465955493>u zinit:325> ((  ! 0  ))
17465955493>u zinit:326> return ___retval
17465955493>u /Users/peario/.config/zsh/.zshrc:57> zinit snippet OMZ::plugins/command-not-found/command-not-found.plugin.zsh
17465955493>u zinit:1> local -A ICE ZINIT_ICE
17465955493>u zinit:2> ICE=( ) 
17465955493>u zinit:3> ZINIT_ICE=( ) 
17465955493>u zinit:4> ZINIT_ICES=( ) 
17465955493>u zinit:6> integer ___retval ___retval2 ___correct
17465955493>u zinit:7> local -a match mbegin mend
17465955493>u zinit:8> local MATCH cmd ___q='`' ___q2=\' IFS=$' \t\n\C-@'
17465955493>u zinit:8> integer MBEGIN MEND
17465955493>u zinit:11> match=( ) 
17465955493>u zinit:12> ((  !0  ))
17465955493>u zinit:13> local -a reply
17465955493>u zinit:13> local REPLY
17465955493>u zinit:16> [[ -o ksharrays ]]
17465955493>u zinit:18> local -A ___opt_map OPTS
17465955493>u zinit:19> ___opt_map=( -q 'opt_-q,--quiet:update:[Turn off almost-all messages from the {cmd}update{rst} operation {b-lhi}FOR the objects{rst} which don'\''t have any {b-lhi}new version{rst} available.] *:[Turn off any (or: almost-any) messages from the operation.]' --quiet opt_-q,--quiet -v 'opt_-v,--verbose:Turn on more messages from the operation.' --verbose opt_-v,--verbose -r 'opt_-r,--reset:Reset the repository before updating (or remove the files for single-file snippets and gh-r plugins).' --reset opt_-r,--reset -a 'opt_-a,--all:delete:[Delete {hi}all{rst} plugins and snippets.] update:[Update {b-lhi}all{rst} plugins and snippets.]' --all opt_-a,--all -c 'opt_-c,--clean:Delete {b-lhi}only{rst} the {b-lhi}currently-not loaded{rst} plugins and snippets.' --clean opt_-c,--clean -y 'opt_-y,--yes:Automatically confirm any yes/no prompts.' --yes opt_-y,--yes -f 'opt_-f,--force:Force new download of the snippet file.' --force opt_-f,--force -p 'opt_-p,--parallel:Turn on concurrent, multi-thread update (of all objects).' --parallel opt_-p,--parallel -s 'opt_-s,--snippets:snippets:[Update only snippets (i.e.: skip updating plugins).] times:[Show times in seconds instead of milliseconds.]' --snippets opt_-s,--snippets -L 'opt_-l,--plugins:Update only plugins (i.e.: skip updating snippets).' --plugins opt_-l,--plugins -h 'opt_-h,--help:Show this help message.' --help opt_-h,--help -u 'opt_-u,--urge:Cause all the hooks like{ehi}:{rst} {ice}atpull{apo}'\'\''{rst}, {ice}cp{apo}'\'\''{rst}, etc. to execute even when there aren'\''t any new commits {b}/{rst} any new version of the {b}{meta}gh-r{rst} file {b}/{rst} etc.{…} available for download {ehi}{lr}{rst} simulate a non-empty update.' --urge opt_-u,--urge -n 'opt_-n,--no-pager:Disable the use of the pager.' --no-pager opt_-n,--no-pager -m 'opt_-m,--moments:Show the {apo}*{b-lhi}moments{apo}*{rst} of object (i.e.: a plugin or snippet) loading time.' --moments opt_-m,--moments -b 'opt_-b,--bindkeys:Load in light mode, however do still track {cmd}bindkey{rst} calls (to allow remapping the keys bound).' --bindkeys opt_-b,--bindkeys -x 'opt_-x,--command:Load the snippet as a {cmd}command{rst}, i.e.: add it to {var}$PATH{rst} and set {b-lhi}+x{rst} on it.' --command opt_-x,--command cdclear '--help|--quiet|-h|-q' cdreplay '--help|--quiet|-h|-q' delete '--all|--clean|--help|--quiet|--yes|-a|-c|-h|-q|-y' env-whitelist '--help|--verbose|-h|-v' light '--help|-b|-h' snippet '--command|--force|--help|-f|-h|-x' times '--help|-h|-m|-s' unload '--help|--quiet|-h|-q' update '--all|--help|--no-pager|--parallel|--plugins|--quiet|--reset|--snippets|--urge|--verbose|-L|-a|-h|-n|-p|-q|-r|-s|-u|-v' version '' ) 
17465955493>u zinit:64> cmd=snippet 
17465955493>u zinit:65> [[ snippet == (times|unload|env-whitelist|update|snippet|load|light|cdreplay|cdclear) ]]
17465955493>u zinit:66> ((  0 || OPTS[opt_-h,--help]  ))
17465955493>u zinit:75> reply=( ) 
17465955493>u zinit:77> [[ -n snippet && snippet != (add-fpath|bindkeys|cclear|cd|cdclear|cdisable|cdlist|cdreplay|cenable|changes|compile|compiled|compinit|completions|create|creinstall|csearch|cuninstall|delete|debug|edit|env-whitelist|fpath|glance|help|--help|-h|ice|light|load|man|module|plugins|recall|recently|report|run|self-update|snippet|snippets|srv|status|stress|times|uncompile|unload|update|version|zstatus|) || snippet = (load|light|snippet) ]]
17465955493>u zinit:79> integer ___error
17465955493>u zinit:80> [[ snippet = (load|light|snippet) ]]
17465955493>u zinit:81> integer ___is_snippet
17465955493>u zinit:83> '(anon)' snippet OMZ::plugins/command-not-found/command-not-found.plugin.zsh
17465955493>u (anon):1> setopt localoptions extendedglob
17465955493>u (anon):2> : snippet OMZ::plugins/command-not-found/command-not-found.plugin.zsh
17465955493>u zinit:87> set -- snippet OMZ::plugins/command-not-found/command-not-found.plugin.zsh
17465955493>u zinit:88> [[ snippet = light ]]
17465955493>u zinit:89> [[ snippet = snippet ]]
17465955493>u zinit:89> ICE[is-snippet]='' 
17465955493>u zinit:90> shift
17465955493>u zinit:92> ZINIT_ICES=( is-snippet '' ) 
17465955493>u zinit:93> ICE=( ) ZINIT_ICE=( ) 
17465955493>u zinit:94> 1=@OMZ::plugins/command-not-found/command-not-found.plugin.zsh 
17465955493>u zinit:95> ((  1 > 1  ))
17465955493>u zinit:96> [[ -z @OMZ::plugins/command-not-found/command-not-found.plugin.zsh ]]
17465955493>u zinit:116> integer ___had_wait
17465955493>u zinit:117> local ___id ___ehid ___etid ___key
17465955493>u zinit:118> local -a ___arr
17465955493>u zinit:119> ZINIT[annex-exposed-processed-IDs]='' 
17465955493>u zinit:120> ((  1  ))
17465955493>u zinit:121> local -a ___ices
17465955493>u zinit:122> ___ices=( is-snippet '' ) 
17465955493>u zinit:123> ZINIT_ICES=( ) 
17465955493>u zinit:124> ((  1  ))
17465955493>u zinit:125> .zinit-ice @OMZ::plugins/command-not-found/command-not-found.plugin.zsh
17465955493>u .zinit-ice:1> setopt localoptions noksharrays extendedglob warncreateglobal typesetsilent noshortloops
17465955493>u .zinit-ice:2> integer retval
17465955493>u .zinit-ice:3> local bit exts=''
17465955493>u .zinit-ice:4> bit=@OMZ::plugins/command-not-found/command-not-found.plugin.zsh
17465955493>u .zinit-ice:5> [[ @OMZ::plugins/command-not-found/command-not-found.plugin.zsh = (#b)(--|)(\!bash|\!csh|\!ksh|\!sh|aliases|as|atclone|atdelete|atinit|atload|atpull|autoload|bash|binary|bindmap|blockf|bpick|build|cloneonly|cloneopts|cmake|compile|completions|configure|countdown|cp|csh|debug|depth|extract|from|git|has|id-as|if|install|is-snippet|ksh|light-mode|link|load|lucid|make|multisrc|mv|nocd|nocompile|nocompletions|notify|null|on-update-of|opts|pack|param|pick|proto|ps-on-unload|ps-on-update|pullopts|reset|reset-prompt|run-atpull|service|sh|silent|src|subscribe|subst|svn|teleid|trackbinds|trigger-load|unload|ver|verbose|wait|wrap)(*) ]]
17465955493>u .zinit-ice:5> break
17465955493>u .zinit-ice:8> [[ '' = program ]]
17465955493>u .zinit-ice:9> [[ -n '' ]]
17465955493>u .zinit-ice:10> [[ -n '' ]]
17465955493>u .zinit-ice:11> ((  0  ))
17465955493>u .zinit-ice:16> ((  0 || 0 || 0  ))
17465955493>u .zinit-ice:19> ((  0  ))
17465955493>u .zinit-ice:20> ((  0  ))
17465955493>u .zinit-ice:21> return retval
17465955493>u zinit:126> ___retval2=0 
17465955493>u zinit:127> local ___last_ice=''
17465955493>u zinit:128> shift ___retval2
17465955493>u zinit:129> [[ -n @OMZ::plugins/command-not-found/command-not-found.plugin.zsh ]]
17465955493>u zinit:130> ICE=( is-snippet '' ) 
17465955493>u zinit:131> ZINIT_ICE=( is-snippet '' ) ZINIT_ICES=( ) 
17465955493>u zinit:132> integer ___msgs=0
17465955493>u zinit:133> ((  ___msgs  ))
17465955493>u zinit:136> ZINIT[annex-exposed-processed-IDs]+='' 
17465955493>u zinit:139> ___id=OMZ::plugins/command-not-found/command-not-found.plugin.zsh 
17465955493>u zinit:140> ((  ___is_snippet == -1  ))
17465955493>u zinit:144> ___ehid=OMZ::plugins/command-not-found/command-not-found.plugin.zsh 
17465955493>u zinit:150> ___etid=OMZ::plugins/command-not-found/command-not-found.plugin.zsh 
17465955493>u zinit:152> ((  0  ))
17465955493>u zinit:160> [[ '' = (auto|) && 0 == 1 ]]
17465955493>u zinit:162> integer ___is_snippet=0
17465955493>u zinit:163> '(anon)' @OMZ::plugins/command-not-found/command-not-found.plugin.zsh
17465955493>u (anon):1> setopt localoptions extendedglob
17465955493>u (anon):2> [[ 0 -ge 0 && -n 1 ]]
17465955493>u (anon):3> ___is_snippet=1 
17465955493>u zinit:170> local ___type=snippet
17465955493>u zinit:171> reply=( ) 
17465955493>u zinit:211> integer ___action_load=0 ___turbo=0
17465955493>u zinit:212> [[ -n '' ]]
17465955493>u zinit:216> [[ -n '' || 0 == 1 ]]
17465955493>u zinit:228> ((  ! ___turbo  ))
17465955493>u zinit:229> ___action_load=1 
17465955493>u zinit:230> reply=( 1 ) 
17465955493>u zinit:235> [[ 1 -eq 1 && -n '' ]]
17465955493>u zinit:259> ((  0  ))
17465955493>u zinit:267> integer ___had_cloneonly=0
17465955493>u zinit:268> ICE[wait]='' 
17465955493>u zinit:269> ((  ___action_load || !ZINIT[HAVE_SCHEDULER]  ))
17465955493>u zinit:270> ((  ___turbo && ZINIT[HAVE_SCHEDULER]  ))
17465955493>u zinit:275> ((  ___is_snippet  ))
17465955493>u zinit:276> local ___opt=''
17465955493>u zinit:279> .zinit-load-object snippet OMZ::plugins/command-not-found/command-not-found.plugin.zsh
17465955493>u .zinit-load-object:1> local ___type=snippet ___id=OMZ::plugins/command-not-found/command-not-found.plugin.zsh
17465955493>u .zinit-load-object:2> local -a ___opt
17465955493>u .zinit-load-object:3> ___opt=( ) 
17465955493>u .zinit-load-object:5> [[ snippet == snippet ]]
17465955493>u .zinit-load-object:6> .zinit-load-snippet OMZ::plugins/command-not-found/command-not-found.plugin.zsh
17465955493>u .zinit-load-snippet:1> typeset -F 3 SECONDS=0
17465955493>u .zinit-load-snippet:2> local -a opts
17465955493>u .zinit-load-snippet:3> zparseopts -E -D -a opts f -command
17465955493>u .zinit-load-snippet:4> local url=OMZ::plugins/command-not-found/command-not-found.plugin.zsh limit=''
17465955493>u .zinit-load-snippet:5> [[ -n '' ]]
17465955493>u .zinit-load-snippet:8> set --
17465955493>u .zinit-load-snippet:9> integer correct retval exists
17465955493>u .zinit-load-snippet:10> [[ -o ksharrays ]]
17465955493>u .zinit-load-snippet:12> [[ -n '' ]]
17465955493>u .zinit-load-snippet:24> url=OMZ::plugins/command-not-found/command-not-found.plugin.zsh 
17465955493>u .zinit-load-snippet:25> ICE[teleid]=OMZ::plugins/command-not-found/command-not-found.plugin.zsh 
17465955493>u .zinit-load-snippet:26> [[ '' = null || 0 -eq 1 || 0 -eq 1 ]]
17465955493>u .zinit-load-snippet:29> local local_dir dirname filename save_url=OMZ::plugins/command-not-found/command-not-found.plugin.zsh
17465955493>u .zinit-load-snippet:32> eval 'url="OMZ::plugins/command-not-found/command-not-found.plugin.zsh"'
17465955493>u (eval):1> url=OMZ::plugins/command-not-found/command-not-found.plugin.zsh 
17465955493>u .zinit-load-snippet:34> local id_as=OMZ::plugins/command-not-found/command-not-found.plugin.zsh
17465955493>u .zinit-load-snippet:36> .zinit-set-m-func set
17465955493>u .zinit-set-m-func:1> [[ set == set ]]
17465955493>u .zinit-set-m-func:2> ZINIT[___m_bkp]='' 
17465955493>u .zinit-set-m-func:3> setopt noaliases
17465955493>u .zinit-set-m-func:4> functions[m]=$'\tbuiltin emulate -LR zsh -o extendedglob ${=${options[xtrace]:#off}:+-o xtrace}\n\tlocal opt msg\n\t[[ $1 = -* ]] && {\n\t\tlocal opt=$1 \n\t\tshift\n\t}\n\tZINIT[__last-formatter-code]= \n\tmsg=${${(j: :)${@:#--}}//\\%/%%} \n\tif [[ -z $ZINIT[DEBUG] ]] && [[ "$msg" = (#s){dbg}* ]]\n\tthen\n\t\treturn\n\tfi\n\tmsg=${${msg//(#b)(([\\\\]|(%F))([\\{]([^\\}]##)[\\}])|([\\{]([^\\}]##)[\\}])([^\\%\\{\\\\]#))/${match[4]:+${${match[3]:-$ZINIT[col-${ZINIT[__last-formatter-code]}]}:#%F}}$match[3]$match[4]${${functions[.zinit-formatter-$match[7]]:+${$(.zinit-formatter-$match[7] "$match[8]"; builtin print -rn -- $REPLY):-←→}}:-$(.zinit-main-message-formatter "$match[6]" "$match[7]" "$match[8]"; \\\n  builtin print -rn -- "$REPLY"\n )${${ZINIT[__last-formatter-code]::=${${${match[7]:#(…|ndsh|mdsh|mmdsh|-…|lr)}:+$match[7]}:-${ZINIT[__last-formatter-code]}}}:+}}}//←→} \n\t[[ -z $msg ]] && return\n\tmsg=$msg$ZINIT[col-rst] \n\tbuiltin print -Pr ${opt:#--} -- $msg\n\tif [[ -n ${opt:#*n*} || -z $opt ]]\n\tthen\n\t\tprint -n $\'\\015\'\n\tfi' 
17465955493>u .zinit-set-m-func:5> setopt aliases
17465955493>u .zinit-load-snippet:39> [[ -n '' ]]
17465955493>u .zinit-load-snippet:43> .zinit-pack-ice OMZ::plugins/command-not-found/command-not-found.plugin.zsh ''
17465955493>u .zinit-pack-ice:1> ZINIT_SICE[$1${1:+${2:+/}}$2]+='wait '\'\'' teleid OMZ::plugins/command-not-found/command-not-found.plugin.zsh is-snippet '\'\'' ' 
17465955493>u .zinit-pack-ice:2> ZINIT_SICE[$1${1:+${2:+/}}$2]='wait '\'\'' teleid OMZ::plugins/command-not-found/command-not-found.plugin.zsh is-snippet '\'\'' ' 
17465955493>u .zinit-pack-ice:3> return 0
17465955493>u .zinit-load-snippet:46> [[ OMZ::plugins/command-not-found/command-not-found.plugin.zsh = *(OMZL::|OMZP::|OMZ::|OMZT::|robbyrussell*oh-my-zsh|ohmyzsh/ohmyzsh)* ]]
17465955493>u .zinit-load-snippet:46> local ZSH=/Users/peario/.local/share/zinit/snippets
17465955493>u .zinit-load-snippet:50> .zinit-get-object-path snippet OMZ::plugins/command-not-found/command-not-found.plugin.zsh
17465955493>u .zinit-get-object-path:1> local type=snippet id_as=OMZ::plugins/command-not-found/command-not-found.plugin.zsh local_dir dirname
17465955493>u .zinit-get-object-path:2> integer exists
17465955493>u .zinit-get-object-path:4> id_as=OMZ::plugins/command-not-found/command-not-found.plugin.zsh 
17465955493>u .zinit-get-object-path:7> id_as=OMZ::plugins/command-not-found/command-not-found.plugin.zsh 
17465955493>u .zinit-get-object-path:9> type=snippet
17465955493>u .zinit-get-object-path:10> [[ snippet == snippet ]]
17465955493>u .zinit-get-object-path:11> dirname=command-not-found.plugin.zsh 
17465955493>u .zinit-get-object-path:12> local_dir=OMZ::plugins/command-not-found 
17465955493>u .zinit-get-object-path:13> [[ OMZ::plugins/command-not-found = . ]]
17465955493>u .zinit-get-object-path:13> local_dir=OMZ::plugins--command-not-found 
17465955493>u .zinit-get-object-path:14> local_dir=/Users/peario/.local/share/zinit/snippets/OMZ::plugins--command-not-found 
17465955493>u .zinit-get-object-path:21> [[ -e /Users/peario/.local/share/zinit/snippets/OMZ::plugins--command-not-found/command-not-found.plugin.zsh/._zinit ]]
17465955493>u .zinit-get-object-path:22> exists=1 
17465955493>u .zinit-get-object-path:24> ((  exists  ))
17465955493>u .zinit-get-object-path:24> break
17465955493>u .zinit-get-object-path:27> reply=( /Users/peario/.local/share/zinit/snippets/OMZ::plugins--command-not-found command-not-found.plugin.zsh 1 ) 
17465955493>u .zinit-get-object-path:28> REPLY=/Users/peario/.local/share/zinit/snippets/OMZ::plugins--command-not-found/command-not-found.plugin.zsh 
17465955493>u .zinit-get-object-path:30> return 0
17465955493>u .zinit-load-snippet:51> filename=command-not-found.plugin.zsh dirname=command-not-found.plugin.zsh 
17465955493>u .zinit-load-snippet:52> local_dir=/Users/peario/.local/share/zinit/snippets/OMZ::plugins--command-not-found exists=1 
17465955493>u .zinit-load-snippet:54> local -a arr
17465955493>u .zinit-load-snippet:55> local key
17465955493>u .zinit-load-snippet:56> reply=( ) 
17465955493>u .zinit-load-snippet:68> [[ -n '' || 1 -eq 0 ]]
17465955493>u .zinit-load-snippet:74> ((  0 || retval  ))
17465955493>u .zinit-load-snippet:76> ZINIT_SNIPPETS[$id_as]='OMZ::plugins/command-not-found/command-not-found.plugin.zsh <single file>' 
17465955493>u .zinit-load-snippet:78> ZINIT[CUR_USPL2]=OMZ::plugins/command-not-found/command-not-found.plugin.zsh ZINIT_REPORTS[$id_as]='' 
17465955493>u .zinit-load-snippet:80> reply=( ) 
17465955493>u .zinit-load-snippet:87> ((  0  ))
17465955493>u .zinit-load-snippet:89> reply=( ) 
17465955493>u .zinit-load-snippet:96> local -a list
17465955493>u .zinit-load-snippet:97> local ZERO
17465955493>u .zinit-load-snippet:99> [[ -z '' && -z '' ]]
17465955493>u .zinit-load-snippet:101> [[ inactive = inactive ]]
17465955493>u .zinit-load-snippet:103> ((  0  ))
17465955493>u .zinit-load-snippet:103> unset 'ZINIT[bkp-compdef]'
17465955493>u .zinit-load-snippet:104> functions[compdef]=':zinit-tmp-subst-compdef "$@";' 
17465955493>u .zinit-load-snippet:105> ZINIT[TMP_SUBST]=1 
17465955493>u .zinit-load-snippet:111> [[ -d /Users/peario/.local/share/zinit/snippets/OMZ::plugins--command-not-found/command-not-found.plugin.zsh/functions ]]
17465955493>u .zinit-load-snippet:120> ((  0 == 0  ))
17465955493>u .zinit-load-snippet:121> [[ 0 = 0 ]]
17465955493>u .zinit-load-snippet:121> list=( /Users/peario/.local/share/zinit/snippets/OMZ::plugins--command-not-found/command-not-found.plugin.zsh/command-not-found.plugin.zsh ) 
17465955493>u .zinit-load-snippet:122> [[ -n '' ]]
17465955493>u .zinit-load-snippet:132> [[ -f /Users/peario/.local/share/zinit/snippets/OMZ::plugins--command-not-found/command-not-found.plugin.zsh/command-not-found.plugin.zsh ]]
17465955493>u .zinit-load-snippet:133> ZERO=/Users/peario/.local/share/zinit/snippets/OMZ::plugins--command-not-found/command-not-found.plugin.zsh/command-not-found.plugin.zsh 
17465955493>u .zinit-load-snippet:134> ((  0  ))
17465955493>u .zinit-load-snippet:134> (( 1 ))
17465955493>u .zinit-load-snippet:134> [[ -n '' ]]
17465955493>u .zinit-load-snippet:134> (( 1 ))
17465955493>u .zinit-load-snippet:134> source /Users/peario/.local/share/zinit/snippets/OMZ::plugins--command-not-found/command-not-found.plugin.zsh/command-not-found.plugin.zsh
17465955493>u /Users/peario/.local/share/zinit/snippets/OMZ::plugins--command-not-found/command-not-found.plugin.zsh/command-not-found.plugin.zsh:3> file=/usr/share/doc/pkgfile/command-not-found.zsh
17465955493>u /Users/peario/.local/share/zinit/snippets/OMZ::plugins--command-not-found/command-not-found.plugin.zsh/command-not-found.plugin.zsh:11> [[ -r /usr/share/doc/pkgfile/command-not-found.zsh ]]
17465955493>u /Users/peario/.local/share/zinit/snippets/OMZ::plugins--command-not-found/command-not-found.plugin.zsh/command-not-found.plugin.zsh:3> file=/opt/homebrew/Library/Taps/homebrew/homebrew-command-not-found/handler.sh
17465955493>u /Users/peario/.local/share/zinit/snippets/OMZ::plugins--command-not-found/command-not-found.plugin.zsh/command-not-found.plugin.zsh:11> [[ -r /opt/homebrew/Library/Taps/homebrew/homebrew-command-not-found/handler.sh ]]
17465955493>u /Users/peario/.local/share/zinit/snippets/OMZ::plugins--command-not-found/command-not-found.plugin.zsh/command-not-found.plugin.zsh:3> file=/usr/local/Homebrew/Library/Taps/homebrew/homebrew-command-not-found/handler.sh
17465955493>u /Users/peario/.local/share/zinit/snippets/OMZ::plugins--command-not-found/command-not-found.plugin.zsh/command-not-found.plugin.zsh:11> [[ -r /usr/local/Homebrew/Library/Taps/homebrew/homebrew-command-not-found/handler.sh ]]
17465955493>u /Users/peario/.local/share/zinit/snippets/OMZ::plugins--command-not-found/command-not-found.plugin.zsh/command-not-found.plugin.zsh:3> file=/home/linuxbrew/.linuxbrew/Homebrew/Library/Taps/homebrew/homebrew-command-not-found/handler.sh
17465955493>u /Users/peario/.local/share/zinit/snippets/OMZ::plugins--command-not-found/command-not-found.plugin.zsh/command-not-found.plugin.zsh:11> [[ -r /home/linuxbrew/.linuxbrew/Homebrew/Library/Taps/homebrew/homebrew-command-not-found/handler.sh ]]
17465955493>u /Users/peario/.local/share/zinit/snippets/OMZ::plugins--command-not-found/command-not-found.plugin.zsh/command-not-found.plugin.zsh:17> unset file
17465955493>u /Users/peario/.local/share/zinit/snippets/OMZ::plugins--command-not-found/command-not-found.plugin.zsh/command-not-found.plugin.zsh:23> [[ -x /usr/lib/command-not-found || -x /usr/share/command-not-found/command-not-found ]]
17465955493>u /Users/peario/.local/share/zinit/snippets/OMZ::plugins--command-not-found/command-not-found.plugin.zsh/command-not-found.plugin.zsh:39> [[ -x /usr/libexec/pk-command-not-found ]]
17465955493>u /Users/peario/.local/share/zinit/snippets/OMZ::plugins--command-not-found/command-not-found.plugin.zsh/command-not-found.plugin.zsh:52> [[ -x /run/current-system/sw/bin/command-not-found ]]
17465955493>u /Users/peario/.local/share/zinit/snippets/OMZ::plugins--command-not-found/command-not-found.plugin.zsh/command-not-found.plugin.zsh:59> [[ -x /data/data/com.termux/files/usr/libexec/termux/command-not-found ]]
17465955493>u /Users/peario/.local/share/zinit/snippets/OMZ::plugins--command-not-found/command-not-found.plugin.zsh/command-not-found.plugin.zsh:66> [[ -x /usr/bin/command-not-found ]]
17465955493>u .zinit-load-snippet:134> ((  retval += 0  ))
17465955493>u .zinit-load-snippet:135> ((  0 == retval  ))
17465955493>u .zinit-load-snippet:135> [[ OMZ::plugins/command-not-found/command-not-found.plugin.zsh = PZT::* || OMZ::plugins/command-not-found/command-not-found.plugin.zsh = https://github.com/sorin-ionescu/prezto/* ]]
17465955493>u .zinit-load-snippet:138> [[ -n '' ]]
17465955493>u .zinit-load-snippet:139> [[ -n '' ]]
17465955493>u .zinit-load-snippet:142> reply=( ) 
17465955493>u .zinit-load-snippet:149> [[ -n '' ]]
17465955493>u .zinit-load-snippet:154> [[ '' = ! ]]
17465955493>u .zinit-load-snippet:156> ((  -- ZINIT[TMP_SUBST] == 0  ))
17465955493>u .zinit-load-snippet:156> ZINIT[TMP_SUBST]=inactive 
17465955493>u .zinit-load-snippet:156> setopt noaliases
17465955493>u .zinit-load-snippet:156> ((  0  ))
17465955493>u .zinit-load-snippet:156> unfunction compdef
17465955493>u .zinit-load-snippet:156> ((  ZINIT[ALIASES_OPT]  ))
17465955493>u .zinit-load-snippet:156> setopt aliases
17465955493>u .zinit-load-snippet:217> ((  0  ))
17465955493>u .zinit-load-snippet:219> reply=( ) 
17465955493>u .zinit-load-snippet:225> ((  0 == 1  ))
17465955493>u .zinit-load-snippet:226> ((  0 == 1  ))
17465955493>u .zinit-load-snippet:228> ZINIT[CUR_USPL2]='' 
17465955493>u .zinit-load-snippet:229> ZINIT[TIME_INDEX]=3 
17465955493>u .zinit-load-snippet:230> ZINIT[TIME_${ZINIT[TIME_INDEX]}_${id_as}]=0.022 
17465955493>u .zinit-load-snippet:231> ZINIT[AT_TIME_${ZINIT[TIME_INDEX]}_${id_as}]=1746595549.7358980179 
17465955493>u .zinit-load-snippet:233> .zinit-set-m-func unset
17465955493>u .zinit-set-m-func:1> [[ unset == set ]]
17465955493>u .zinit-set-m-func:6> [[ unset == unset ]]
17465955493>u .zinit-set-m-func:7> [[ -n '' ]]
17465955493>u .zinit-set-m-func:12> unset 'functions[m]'
17465955493>u .zinit-load-snippet:234> return retval
17465955493>u .zinit-load-object:10> ___retval+=0 
17465955493>u .zinit-load-object:12> return __retval
17465955493>u zinit:280> integer ___last_retval=0
17465955493>u zinit:281> ___retval+=___last_retval 
17465955493>u zinit:283> ((  ___turbo && !___had_cloneonly && ZINIT[HAVE_SCHEDULER]  ))
17465955493>u zinit:288> ((  ___turbo && ZINIT[HAVE_SCHEDULER] && 0 == ___last_retval  ))
17465955493>u zinit:305> ((  1  ))
17465955493>u zinit:305> shift
17465955493>u zinit:306> ___is_snippet=0 
17465955493>u zinit:124> ((  0  ))
17465955493>u zinit:312> ((  ___error  ))
17465955493>u zinit:325> ((  ! 0  ))
17465955493>u zinit:326> return ___retval
17465955493>u /Users/peario/.config/zsh/.zshrc:66> ZSH_AUTOSUGGEST_USE_ASYNC=true 
17465955493>u /Users/peario/.config/zsh/.zshrc:67> ZSH_AUTOSUGGEST_MANUAL_REBIND=1 
17465955493>u /Users/peario/.config/zsh/.zshrc:68> ZSH_AUTOSUGGEST_HISTORY_IGNORE=$'*\n*' 
17465955493>u /Users/peario/.config/zsh/.zshrc:70> zinit wait lucid light-mode for zdharma-continuum/fast-syntax-highlighting atload:_zsh_autosuggest_start zsh-users/zsh-autosuggestions blockf 'atpull:zinit creinstall -q .' zsh-users/zsh-completions
17465955493>u zinit:1> local -A ICE ZINIT_ICE
17465955493>u zinit:2> ICE=( ) 
17465955493>u zinit:3> ZINIT_ICE=( ) 
17465955493>u zinit:4> ZINIT_ICES=( ) 
17465955493>u zinit:6> integer ___retval ___retval2 ___correct
17465955493>u zinit:7> local -a match mbegin mend
17465955493>u zinit:8> local MATCH cmd ___q='`' ___q2=\' IFS=$' \t\n\C-@'
17465955493>u zinit:8> integer MBEGIN MEND
17465955493>u zinit:11> match=( ) 
17465955493>u zinit:12> ((  !0  ))
17465955493>u zinit:13> local -a reply
17465955493>u zinit:13> local REPLY
17465955493>u zinit:16> [[ -o ksharrays ]]
17465955493>u zinit:18> local -A ___opt_map OPTS
17465955493>u zinit:19> ___opt_map=( -q 'opt_-q,--quiet:update:[Turn off almost-all messages from the {cmd}update{rst} operation {b-lhi}FOR the objects{rst} which don'\''t have any {b-lhi}new version{rst} available.] *:[Turn off any (or: almost-any) messages from the operation.]' --quiet opt_-q,--quiet -v 'opt_-v,--verbose:Turn on more messages from the operation.' --verbose opt_-v,--verbose -r 'opt_-r,--reset:Reset the repository before updating (or remove the files for single-file snippets and gh-r plugins).' --reset opt_-r,--reset -a 'opt_-a,--all:delete:[Delete {hi}all{rst} plugins and snippets.] update:[Update {b-lhi}all{rst} plugins and snippets.]' --all opt_-a,--all -c 'opt_-c,--clean:Delete {b-lhi}only{rst} the {b-lhi}currently-not loaded{rst} plugins and snippets.' --clean opt_-c,--clean -y 'opt_-y,--yes:Automatically confirm any yes/no prompts.' --yes opt_-y,--yes -f 'opt_-f,--force:Force new download of the snippet file.' --force opt_-f,--force -p 'opt_-p,--parallel:Turn on concurrent, multi-thread update (of all objects).' --parallel opt_-p,--parallel -s 'opt_-s,--snippets:snippets:[Update only snippets (i.e.: skip updating plugins).] times:[Show times in seconds instead of milliseconds.]' --snippets opt_-s,--snippets -L 'opt_-l,--plugins:Update only plugins (i.e.: skip updating snippets).' --plugins opt_-l,--plugins -h 'opt_-h,--help:Show this help message.' --help opt_-h,--help -u 'opt_-u,--urge:Cause all the hooks like{ehi}:{rst} {ice}atpull{apo}'\'\''{rst}, {ice}cp{apo}'\'\''{rst}, etc. to execute even when there aren'\''t any new commits {b}/{rst} any new version of the {b}{meta}gh-r{rst} file {b}/{rst} etc.{…} available for download {ehi}{lr}{rst} simulate a non-empty update.' --urge opt_-u,--urge -n 'opt_-n,--no-pager:Disable the use of the pager.' --no-pager opt_-n,--no-pager -m 'opt_-m,--moments:Show the {apo}*{b-lhi}moments{apo}*{rst} of object (i.e.: a plugin or snippet) loading time.' --moments opt_-m,--moments -b 'opt_-b,--bindkeys:Load in light mode, however do still track {cmd}bindkey{rst} calls (to allow remapping the keys bound).' --bindkeys opt_-b,--bindkeys -x 'opt_-x,--command:Load the snippet as a {cmd}command{rst}, i.e.: add it to {var}$PATH{rst} and set {b-lhi}+x{rst} on it.' --command opt_-x,--command cdclear '--help|--quiet|-h|-q' cdreplay '--help|--quiet|-h|-q' delete '--all|--clean|--help|--quiet|--yes|-a|-c|-h|-q|-y' env-whitelist '--help|--verbose|-h|-v' light '--help|-b|-h' snippet '--command|--force|--help|-f|-h|-x' times '--help|-h|-m|-s' unload '--help|--quiet|-h|-q' update '--all|--help|--no-pager|--parallel|--plugins|--quiet|--reset|--snippets|--urge|--verbose|-L|-a|-h|-n|-p|-q|-r|-s|-u|-v' version '' ) 
17465955493>u zinit:64> cmd=wait 
17465955493>u zinit:65> [[ wait == (times|unload|env-whitelist|update|snippet|load|light|cdreplay|cdclear) ]]
17465955493>u zinit:75> reply=( ) 
17465955493>u zinit:77> [[ -n wait && wait != (add-fpath|bindkeys|cclear|cd|cdclear|cdisable|cdlist|cdreplay|cenable|changes|compile|compiled|compinit|completions|create|creinstall|csearch|cuninstall|delete|debug|edit|env-whitelist|fpath|glance|help|--help|-h|ice|light|load|man|module|plugins|recall|recently|report|run|self-update|snippet|snippets|srv|status|stress|times|uncompile|unload|update|version|zstatus|) ]]
17465955493>u zinit:79> integer ___error
17465955493>u zinit:80> [[ wait = (load|light|snippet) ]]
17465955493>u zinit:101> .zinit-ice wait lucid light-mode for zdharma-continuum/fast-syntax-highlighting atload:_zsh_autosuggest_start zsh-users/zsh-autosuggestions blockf 'atpull:zinit creinstall -q .' zsh-users/zsh-completions
17465955493>u .zinit-ice:1> setopt localoptions noksharrays extendedglob warncreateglobal typesetsilent noshortloops
17465955493>u .zinit-ice:2> integer retval
17465955493>u .zinit-ice:3> local bit exts=''
17465955493>u .zinit-ice:4> bit=wait
17465955493>u .zinit-ice:5> [[ wait = (#b)(--|)(\!bash|\!csh|\!ksh|\!sh|aliases|as|atclone|atdelete|atinit|atload|atpull|autoload|bash|binary|bindmap|blockf|bpick|build|cloneonly|cloneopts|cmake|compile|completions|configure|countdown|cp|csh|debug|depth|extract|from|git|has|id-as|if|install|is-snippet|ksh|light-mode|link|load|lucid|make|multisrc|mv|nocd|nocompile|nocompletions|notify|null|on-update-of|opts|pack|param|pick|proto|ps-on-unload|ps-on-update|pullopts|reset|reset-prompt|run-atpull|service|sh|silent|src|subscribe|subst|svn|teleid|trackbinds|trigger-load|unload|ver|verbose|wait|wrap)(*) ]]
17465955493>u .zinit-ice:5> ZINIT_ICES[${match[2]}]+='' 
17465955493>u .zinit-ice:6> retval+=1 
17465955493>u .zinit-ice:4> bit=lucid
17465955493>u .zinit-ice:5> [[ lucid = (#b)(--|)(\!bash|\!csh|\!ksh|\!sh|aliases|as|atclone|atdelete|atinit|atload|atpull|autoload|bash|binary|bindmap|blockf|bpick|build|cloneonly|cloneopts|cmake|compile|completions|configure|countdown|cp|csh|debug|depth|extract|from|git|has|id-as|if|install|is-snippet|ksh|light-mode|link|load|lucid|make|multisrc|mv|nocd|nocompile|nocompletions|notify|null|on-update-of|opts|pack|param|pick|proto|ps-on-unload|ps-on-update|pullopts|reset|reset-prompt|run-atpull|service|sh|silent|src|subscribe|subst|svn|teleid|trackbinds|trigger-load|unload|ver|verbose|wait|wrap)(*) ]]
17465955493>u .zinit-ice:5> ZINIT_ICES[${match[2]}]+='' 
17465955493>u .zinit-ice:6> retval+=1 
17465955493>u .zinit-ice:4> bit=light-mode
17465955493>u .zinit-ice:5> [[ light-mode = (#b)(--|)(\!bash|\!csh|\!ksh|\!sh|aliases|as|atclone|atdelete|atinit|atload|atpull|autoload|bash|binary|bindmap|blockf|bpick|build|cloneonly|cloneopts|cmake|compile|completions|configure|countdown|cp|csh|debug|depth|extract|from|git|has|id-as|if|install|is-snippet|ksh|light-mode|link|load|lucid|make|multisrc|mv|nocd|nocompile|nocompletions|notify|null|on-update-of|opts|pack|param|pick|proto|ps-on-unload|ps-on-update|pullopts|reset|reset-prompt|run-atpull|service|sh|silent|src|subscribe|subst|svn|teleid|trackbinds|trigger-load|unload|ver|verbose|wait|wrap)(*) ]]
17465955493>u .zinit-ice:5> ZINIT_ICES[${match[2]}]+='' 
17465955493>u .zinit-ice:6> retval+=1 
17465955493>u .zinit-ice:4> bit=for
17465955493>u .zinit-ice:5> [[ for = (#b)(--|)(\!bash|\!csh|\!ksh|\!sh|aliases|as|atclone|atdelete|atinit|atload|atpull|autoload|bash|binary|bindmap|blockf|bpick|build|cloneonly|cloneopts|cmake|compile|completions|configure|countdown|cp|csh|debug|depth|extract|from|git|has|id-as|if|install|is-snippet|ksh|light-mode|link|load|lucid|make|multisrc|mv|nocd|nocompile|nocompletions|notify|null|on-update-of|opts|pack|param|pick|proto|ps-on-unload|ps-on-update|pullopts|reset|reset-prompt|run-atpull|service|sh|silent|src|subscribe|subst|svn|teleid|trackbinds|trigger-load|unload|ver|verbose|wait|wrap)(*) ]]
17465955493>u .zinit-ice:5> break
17465955493>u .zinit-ice:8> [[ '' = program ]]
17465955493>u .zinit-ice:9> [[ -n '' ]]
17465955493>u .zinit-ice:10> [[ -n '' ]]
17465955493>u .zinit-ice:11> ((  0  ))
17465955493>u .zinit-ice:16> ((  0 || 0 || 0  ))
17465955493>u .zinit-ice:19> ((  0  ))
17465955493>u .zinit-ice:20> ((  0  ))
17465955493>u .zinit-ice:21> return retval
17465955493>u zinit:102> ___retval2=3 
17465955493>u zinit:103> local ___last_ice=light-mode
17465955493>u zinit:104> shift ___retval2
17465955493>u zinit:105> [[ 7 -gt 0 && for != for ]]
17465955493>u zinit:110> ((  7 == 0  ))
17465955493>u zinit:113> shift
17465955493>u zinit:116> integer ___had_wait
17465955493>u zinit:117> local ___id ___ehid ___etid ___key
17465955493>u zinit:118> local -a ___arr
17465955493>u zinit:119> ZINIT[annex-exposed-processed-IDs]='' 
17465955493>u zinit:120> ((  6  ))
17465955493>u zinit:121> local -a ___ices
17465955493>u zinit:122> ___ices=( lucid '' wait '' light-mode '' ) 
17465955493>u zinit:123> ZINIT_ICES=( ) 
17465955493>u zinit:124> ((  6  ))
17465955493>u zinit:125> .zinit-ice zdharma-continuum/fast-syntax-highlighting atload:_zsh_autosuggest_start zsh-users/zsh-autosuggestions blockf 'atpull:zinit creinstall -q .' zsh-users/zsh-completions
17465955493>u .zinit-ice:1> setopt localoptions noksharrays extendedglob warncreateglobal typesetsilent noshortloops
17465955493>u .zinit-ice:2> integer retval
17465955493>u .zinit-ice:3> local bit exts=''
17465955493>u .zinit-ice:4> bit=zdharma-continuum/fast-syntax-highlighting
17465955493>u .zinit-ice:5> [[ zdharma-continuum/fast-syntax-highlighting = (#b)(--|)(\!bash|\!csh|\!ksh|\!sh|aliases|as|atclone|atdelete|atinit|atload|atpull|autoload|bash|binary|bindmap|blockf|bpick|build|cloneonly|cloneopts|cmake|compile|completions|configure|countdown|cp|csh|debug|depth|extract|from|git|has|id-as|if|install|is-snippet|ksh|light-mode|link|load|lucid|make|multisrc|mv|nocd|nocompile|nocompletions|notify|null|on-update-of|opts|pack|param|pick|proto|ps-on-unload|ps-on-update|pullopts|reset|reset-prompt|run-atpull|service|sh|silent|src|subscribe|subst|svn|teleid|trackbinds|trigger-load|unload|ver|verbose|wait|wrap)(*) ]]
17465955493>u .zinit-ice:5> break
17465955493>u .zinit-ice:8> [[ '' = program ]]
17465955493>u .zinit-ice:9> [[ -n '' ]]
17465955493>u .zinit-ice:10> [[ -n '' ]]
17465955493>u .zinit-ice:11> ((  0  ))
17465955493>u .zinit-ice:16> ((  0 || 0 || 0  ))
17465955493>u .zinit-ice:19> ((  0  ))
17465955493>u .zinit-ice:20> ((  0  ))
17465955493>u .zinit-ice:21> return retval
17465955493>u zinit:126> ___retval2=0 
17465955493>u zinit:127> local ___last_ice=''
17465955493>u zinit:128> shift ___retval2
17465955493>u zinit:129> [[ -n zdharma-continuum/fast-syntax-highlighting ]]
17465955493>u zinit:130> ICE=( lucid '' wait '' light-mode '' ) 
17465955493>u zinit:131> ZINIT_ICE=( lucid '' wait '' light-mode '' ) ZINIT_ICES=( ) 
17465955493>u zinit:132> integer ___msgs=0
17465955493>u zinit:133> ((  ___msgs  ))
17465955493>u zinit:136> ZINIT[annex-exposed-processed-IDs]+='' 
17465955493>u zinit:139> ___id=zdharma-continuum/fast-syntax-highlighting 
17465955493>u zinit:140> ((  ___is_snippet == -1  ))
17465955493>u zinit:144> ___ehid=zdharma-continuum/fast-syntax-highlighting 
17465955493>u zinit:150> ___etid=zdharma-continuum/fast-syntax-highlighting 
17465955493>u zinit:152> ((  0  ))
17465955493>u zinit:160> [[ '' = (auto|) && 0 == 1 ]]
17465955493>u zinit:162> integer ___is_snippet=0
17465955493>u zinit:163> '(anon)' zdharma-continuum/fast-syntax-highlighting atload:_zsh_autosuggest_start zsh-users/zsh-autosuggestions blockf 'atpull:zinit creinstall -q .' zsh-users/zsh-completions
17465955493>u (anon):1> setopt localoptions extendedglob
17465955493>u (anon):2> [[ 0 -ge 0 && -n '' || zdharma-continuum/fast-syntax-highlighting = ((#i)(http(s|)|ftp(s|)):/|(OMZL::|PZTM::|OMZP::|PZT::|OMZ::|OMZT::))* ]]
17465955493>u zinit:170> local ___type=plugin
17465955493>u zinit:171> reply=( ) 
17465955493>u zinit:211> integer ___action_load=0 ___turbo=0
17465955493>u zinit:212> [[ -n 1 ]]
17465955493>u zinit:213> ___turbo=1 
17465955493>u zinit:216> [[ -n '' || 1 == 1 && '' = (!|)(<->(a|b|c|)|) ]]
17465955493>u zinit:219> ((  !ZINIT[OPTIMIZE_OUT_DISK_ACCESSES]
                     ))
17465955493>u zinit:221> ((  ___is_snippet > 0  ))
17465955493>u zinit:224> .zinit-get-object-path plugin zdharma-continuum/fast-syntax-highlighting
17465955493>u .zinit-get-object-path:1> local type=plugin id_as=zdharma-continuum/fast-syntax-highlighting local_dir dirname
17465955493>u .zinit-get-object-path:2> integer exists
17465955493>u .zinit-get-object-path:4> id_as=zdharma-continuum/fast-syntax-highlighting 
17465955493>u .zinit-get-object-path:7> id_as=zdharma-continuum/fast-syntax-highlighting 
17465955493>u .zinit-get-object-path:9> type=plugin
17465955493>u .zinit-get-object-path:10> [[ plugin == snippet ]]
17465955493>u .zinit-get-object-path:16> .zinit-any-to-user-plugin zdharma-continuum/fast-syntax-highlighting
17465955493>u .zinit-any-to-user-plugin:1> emulate -LR zsh -o xtrace
17465955493>u .zinit-any-to-user-plugin:2> setopt extendedglob typesetsilent noshortloops rcquotes warncreateglobal
17465955493>u .zinit-any-to-user-plugin:7> [[ -n '' ]]
17465955493>u .zinit-any-to-user-plugin:14> [[ zdharma-continuum/fast-syntax-highlighting = /* ]]
17465955493>u .zinit-any-to-user-plugin:20> [[ zdharma-continuum/fast-syntax-highlighting = %* ]]
17465955493>u .zinit-any-to-user-plugin:31> 1=zdharma-continuum/fast-syntax-highlighting 
17465955493>u .zinit-any-to-user-plugin:32> [[ zdharma-continuum/fast-syntax-highlighting = */* ]]
17465955493>u .zinit-any-to-user-plugin:33> reply=( zdharma-continuum fast-syntax-highlighting ) 
17465955493>u .zinit-any-to-user-plugin:34> return 0
17465955493>u .zinit-get-object-path:17> local_dir=/Users/peario/.local/share/zinit/plugins/zdharma-continuum---fast-syntax-highlighting 
17465955493>u .zinit-get-object-path:18> [[ zdharma-continuum/fast-syntax-highlighting == _local/* ]]
17465955493>u .zinit-get-object-path:19> dirname='' 
17465955493>u .zinit-get-object-path:21> [[ -e /Users/peario/.local/share/zinit/plugins/zdharma-continuum---fast-syntax-highlighting/._zinit ]]
17465955493>u .zinit-get-object-path:22> exists=1 
17465955493>u .zinit-get-object-path:24> ((  exists  ))
17465955493>u .zinit-get-object-path:24> break
17465955493>u .zinit-get-object-path:27> reply=( /Users/peario/.local/share/zinit/plugins/zdharma-continuum---fast-syntax-highlighting '' 1 ) 
17465955493>u .zinit-get-object-path:28> REPLY=/Users/peario/.local/share/zinit/plugins/zdharma-continuum---fast-syntax-highlighting 
17465955493>u .zinit-get-object-path:30> return 0
17465955493>u zinit:226> ((  0  ))
17465955493>u zinit:227> local ___object_path=/Users/peario/.local/share/zinit/plugins/zdharma-continuum---fast-syntax-highlighting
17465955493>u zinit:235> [[ 1 -eq 1 && -n '' ]]
17465955493>u zinit:259> ((  0  ))
17465955493>u zinit:267> integer ___had_cloneonly=0
17465955493>u zinit:268> ICE[wait]=0 
17465955493>u zinit:269> ((  ___action_load || !ZINIT[HAVE_SCHEDULER]  ))
17465955493>u zinit:288> ((  ___turbo && ZINIT[HAVE_SCHEDULER] && 0 == ___last_retval  ))
17465955493>u zinit:289> ICE[wait]=0 
17465955493>u zinit:290> ((  ___is_snippet > 0  ))
17465955493>u zinit:295> ZINIT_SICE[$___ehid]='' 
17465955493>u zinit:296> .zinit-submit-turbo p light zdharma-continuum/fast-syntax-highlighting ''
17465955493>u .zinit-submit-turbo:1> local tpe=p mode=light opt_uspl2=zdharma-continuum/fast-syntax-highlighting opt_plugin=''
17465955493>u .zinit-submit-turbo:3> ICE[wait]=0 
17465955493>u .zinit-submit-turbo:4> ZINIT[WAIT_IDX]=1 
17465955493>u .zinit-submit-turbo:5> ZINIT[WAIT_ICE_${ZINIT[WAIT_IDX]}]='lucid '\'\'' wait 0 light-mode '\'\' 
17465955493>u .zinit-submit-turbo:6> ZINIT[fts-${ICE[subscribe]}]='' 
17465955493>u .zinit-submit-turbo:8> [[ p = s* ]]
17465955493>u .zinit-submit-turbo:10> local id=zdharma-continuum/fast-syntax-highlighting
17465955493>u .zinit-submit-turbo:12> [[ 0 = (!|.|)<-> ]]
17465955493>u .zinit-submit-turbo:13> ZINIT_TASKS+=( '1746595549+0+1 p 1 light zdharma-continuum/fast-syntax-highlighting ' ) 
17465955493>u zinit:300> ___retval+=0 
17465955493>u zinit:305> ((  6  ))
17465955493>u zinit:305> shift
17465955493>u zinit:306> ___is_snippet=0 
17465955493>u zinit:124> ((  5  ))
17465955493>u zinit:125> .zinit-ice atload:_zsh_autosuggest_start zsh-users/zsh-autosuggestions blockf 'atpull:zinit creinstall -q .' zsh-users/zsh-completions
17465955493>u .zinit-ice:1> setopt localoptions noksharrays extendedglob warncreateglobal typesetsilent noshortloops
17465955493>u .zinit-ice:2> integer retval
17465955493>u .zinit-ice:3> local bit exts=''
17465955493>u .zinit-ice:4> bit=atload:_zsh_autosuggest_start
17465955493>u .zinit-ice:5> [[ atload:_zsh_autosuggest_start = (#b)(--|)(\!bash|\!csh|\!ksh|\!sh|aliases|as|atclone|atdelete|atinit|atload|atpull|autoload|bash|binary|bindmap|blockf|bpick|build|cloneonly|cloneopts|cmake|compile|completions|configure|countdown|cp|csh|debug|depth|extract|from|git|has|id-as|if|install|is-snippet|ksh|light-mode|link|load|lucid|make|multisrc|mv|nocd|nocompile|nocompletions|notify|null|on-update-of|opts|pack|param|pick|proto|ps-on-unload|ps-on-update|pullopts|reset|reset-prompt|run-atpull|service|sh|silent|src|subscribe|subst|svn|teleid|trackbinds|trigger-load|unload|ver|verbose|wait|wrap)(*) ]]
17465955493>u .zinit-ice:5> ZINIT_ICES[${match[2]}]+=_zsh_autosuggest_start 
17465955493>u .zinit-ice:6> retval+=1 
17465955493>u .zinit-ice:4> bit=zsh-users/zsh-autosuggestions
17465955493>u .zinit-ice:5> [[ zsh-users/zsh-autosuggestions = (#b)(--|)(\!bash|\!csh|\!ksh|\!sh|aliases|as|atclone|atdelete|atinit|atload|atpull|autoload|bash|binary|bindmap|blockf|bpick|build|cloneonly|cloneopts|cmake|compile|completions|configure|countdown|cp|csh|debug|depth|extract|from|git|has|id-as|if|install|is-snippet|ksh|light-mode|link|load|lucid|make|multisrc|mv|nocd|nocompile|nocompletions|notify|null|on-update-of|opts|pack|param|pick|proto|ps-on-unload|ps-on-update|pullopts|reset|reset-prompt|run-atpull|service|sh|silent|src|subscribe|subst|svn|teleid|trackbinds|trigger-load|unload|ver|verbose|wait|wrap)(*) ]]
17465955493>u .zinit-ice:5> break
17465955493>u .zinit-ice:8> [[ '' = program ]]
17465955493>u .zinit-ice:9> [[ -n '' ]]
17465955493>u .zinit-ice:10> [[ -n '' ]]
17465955493>u .zinit-ice:11> ((  0  ))
17465955493>u .zinit-ice:16> ((  0 || 0 || 0  ))
17465955493>u .zinit-ice:19> ((  0  ))
17465955493>u .zinit-ice:20> ((  0  ))
17465955493>u .zinit-ice:21> return retval
17465955493>u zinit:126> ___retval2=1 
17465955493>u zinit:127> local ___last_ice=atload:_zsh_autosuggest_start
17465955493>u zinit:128> shift ___retval2
17465955493>u zinit:129> [[ -n zsh-users/zsh-autosuggestions ]]
17465955493>u zinit:130> ICE=( lucid '' wait '' light-mode '' atload _zsh_autosuggest_start ) 
17465955493>u zinit:131> ZINIT_ICE=( lucid '' wait '' light-mode '' atload _zsh_autosuggest_start ) ZINIT_ICES=( ) 
17465955493>u zinit:132> integer ___msgs=0
17465955493>u zinit:133> ((  ___msgs  ))
17465955493>u zinit:136> ZINIT[annex-exposed-processed-IDs]+=' zdharma-continuum/fast-syntax-highlighting' 
17465955493>u zinit:139> ___id=zsh-users/zsh-autosuggestions 
17465955493>u zinit:140> ((  ___is_snippet == -1  ))
17465955493>u zinit:144> ___ehid=zsh-users/zsh-autosuggestions 
17465955493>u zinit:150> ___etid=zsh-users/zsh-autosuggestions 
17465955493>u zinit:152> ((  0  ))
17465955493>u zinit:160> [[ '' = (auto|) && 0 == 1 ]]
17465955493>u zinit:162> integer ___is_snippet=0
17465955493>u zinit:163> '(anon)' zsh-users/zsh-autosuggestions blockf 'atpull:zinit creinstall -q .' zsh-users/zsh-completions
17465955493>u (anon):1> setopt localoptions extendedglob
17465955493>u (anon):2> [[ 0 -ge 0 && -n '' || zsh-users/zsh-autosuggestions = ((#i)(http(s|)|ftp(s|)):/|(OMZL::|PZTM::|OMZP::|PZT::|OMZ::|OMZT::))* ]]
17465955493>u zinit:170> local ___type=plugin
17465955493>u zinit:171> reply=( ) 
17465955493>u zinit:211> integer ___action_load=0 ___turbo=0
17465955493>u zinit:212> [[ -n 1 ]]
17465955493>u zinit:213> ___turbo=1 
17465955493>u zinit:216> [[ -n '' || 1 == 1 && '' = (!|)(<->(a|b|c|)|) ]]
17465955493>u zinit:219> ((  !ZINIT[OPTIMIZE_OUT_DISK_ACCESSES]
                     ))
17465955493>u zinit:221> ((  ___is_snippet > 0  ))
17465955493>u zinit:224> .zinit-get-object-path plugin zsh-users/zsh-autosuggestions
17465955493>u .zinit-get-object-path:1> local type=plugin id_as=zsh-users/zsh-autosuggestions local_dir dirname
17465955493>u .zinit-get-object-path:2> integer exists
17465955493>u .zinit-get-object-path:4> id_as=zsh-users/zsh-autosuggestions 
17465955493>u .zinit-get-object-path:7> id_as=zsh-users/zsh-autosuggestions 
17465955493>u .zinit-get-object-path:9> type=plugin
17465955493>u .zinit-get-object-path:10> [[ plugin == snippet ]]
17465955493>u .zinit-get-object-path:16> .zinit-any-to-user-plugin zsh-users/zsh-autosuggestions
17465955493>u .zinit-any-to-user-plugin:1> emulate -LR zsh -o xtrace
17465955493>u .zinit-any-to-user-plugin:2> setopt extendedglob typesetsilent noshortloops rcquotes warncreateglobal
17465955493>u .zinit-any-to-user-plugin:7> [[ -n '' ]]
17465955493>u .zinit-any-to-user-plugin:14> [[ zsh-users/zsh-autosuggestions = /* ]]
17465955493>u .zinit-any-to-user-plugin:20> [[ zsh-users/zsh-autosuggestions = %* ]]
17465955493>u .zinit-any-to-user-plugin:31> 1=zsh-users/zsh-autosuggestions 
17465955493>u .zinit-any-to-user-plugin:32> [[ zsh-users/zsh-autosuggestions = */* ]]
17465955493>u .zinit-any-to-user-plugin:33> reply=( zsh-users zsh-autosuggestions ) 
17465955493>u .zinit-any-to-user-plugin:34> return 0
17465955493>u .zinit-get-object-path:17> local_dir=/Users/peario/.local/share/zinit/plugins/zsh-users---zsh-autosuggestions 
17465955493>u .zinit-get-object-path:18> [[ zsh-users/zsh-autosuggestions == _local/* ]]
17465955493>u .zinit-get-object-path:19> dirname='' 
17465955493>u .zinit-get-object-path:21> [[ -e /Users/peario/.local/share/zinit/plugins/zsh-users---zsh-autosuggestions/._zinit ]]
17465955493>u .zinit-get-object-path:22> exists=1 
17465955493>u .zinit-get-object-path:24> ((  exists  ))
17465955493>u .zinit-get-object-path:24> break
17465955493>u .zinit-get-object-path:27> reply=( /Users/peario/.local/share/zinit/plugins/zsh-users---zsh-autosuggestions '' 1 ) 
17465955493>u .zinit-get-object-path:28> REPLY=/Users/peario/.local/share/zinit/plugins/zsh-users---zsh-autosuggestions 
17465955493>u .zinit-get-object-path:30> return 0
17465955493>u zinit:226> ((  0  ))
17465955493>u zinit:227> local ___object_path=/Users/peario/.local/share/zinit/plugins/zsh-users---zsh-autosuggestions
17465955493>u zinit:235> [[ 1 -eq 1 && -n '' ]]
17465955493>u zinit:259> ((  0  ))
17465955493>u zinit:267> integer ___had_cloneonly=0
17465955493>u zinit:268> ICE[wait]=0 
17465955493>u zinit:269> ((  ___action_load || !ZINIT[HAVE_SCHEDULER]  ))
17465955493>u zinit:288> ((  ___turbo && ZINIT[HAVE_SCHEDULER] && 0 == ___last_retval  ))
17465955493>u zinit:289> ICE[wait]=0 
17465955493>u zinit:290> ((  ___is_snippet > 0  ))
17465955493>u zinit:295> ZINIT_SICE[$___ehid]='' 
17465955493>u zinit:296> .zinit-submit-turbo p light zsh-users/zsh-autosuggestions ''
17465955493>u .zinit-submit-turbo:1> local tpe=p mode=light opt_uspl2=zsh-users/zsh-autosuggestions opt_plugin=''
17465955493>u .zinit-submit-turbo:3> ICE[wait]=0 
17465955493>u .zinit-submit-turbo:4> ZINIT[WAIT_IDX]=2 
17465955493>u .zinit-submit-turbo:5> ZINIT[WAIT_ICE_${ZINIT[WAIT_IDX]}]='lucid '\'\'' wait 0 light-mode '\'\'' atload _zsh_autosuggest_start' 
17465955493>u .zinit-submit-turbo:6> ZINIT[fts-${ICE[subscribe]}]='' 
17465955493>u .zinit-submit-turbo:8> [[ p = s* ]]
17465955493>u .zinit-submit-turbo:10> local id=zsh-users/zsh-autosuggestions
17465955493>u .zinit-submit-turbo:12> [[ 0 = (!|.|)<-> ]]
17465955493>u .zinit-submit-turbo:13> ZINIT_TASKS+=( '1746595549+0+1 p 2 light zsh-users/zsh-autosuggestions ' ) 
17465955493>u zinit:300> ___retval+=0 
17465955493>u zinit:305> ((  4  ))
17465955493>u zinit:305> shift
17465955493>u zinit:306> ___is_snippet=0 
17465955493>u zinit:124> ((  3  ))
17465955493>u zinit:125> .zinit-ice blockf 'atpull:zinit creinstall -q .' zsh-users/zsh-completions
17465955493>u .zinit-ice:1> setopt localoptions noksharrays extendedglob warncreateglobal typesetsilent noshortloops
17465955493>u .zinit-ice:2> integer retval
17465955493>u .zinit-ice:3> local bit exts=''
17465955493>u .zinit-ice:4> bit=blockf
17465955493>u .zinit-ice:5> [[ blockf = (#b)(--|)(\!bash|\!csh|\!ksh|\!sh|aliases|as|atclone|atdelete|atinit|atload|atpull|autoload|bash|binary|bindmap|blockf|bpick|build|cloneonly|cloneopts|cmake|compile|completions|configure|countdown|cp|csh|debug|depth|extract|from|git|has|id-as|if|install|is-snippet|ksh|light-mode|link|load|lucid|make|multisrc|mv|nocd|nocompile|nocompletions|notify|null|on-update-of|opts|pack|param|pick|proto|ps-on-unload|ps-on-update|pullopts|reset|reset-prompt|run-atpull|service|sh|silent|src|subscribe|subst|svn|teleid|trackbinds|trigger-load|unload|ver|verbose|wait|wrap)(*) ]]
17465955493>u .zinit-ice:5> ZINIT_ICES[${match[2]}]+='' 
17465955493>u .zinit-ice:6> retval+=1 
17465955493>u .zinit-ice:4> bit=atpull:zinit creinstall -q .
17465955493>u .zinit-ice:5> [[ 'atpull:zinit creinstall -q .' = (#b)(--|)(\!bash|\!csh|\!ksh|\!sh|aliases|as|atclone|atdelete|atinit|atload|atpull|autoload|bash|binary|bindmap|blockf|bpick|build|cloneonly|cloneopts|cmake|compile|completions|configure|countdown|cp|csh|debug|depth|extract|from|git|has|id-as|if|install|is-snippet|ksh|light-mode|link|load|lucid|make|multisrc|mv|nocd|nocompile|nocompletions|notify|null|on-update-of|opts|pack|param|pick|proto|ps-on-unload|ps-on-update|pullopts|reset|reset-prompt|run-atpull|service|sh|silent|src|subscribe|subst|svn|teleid|trackbinds|trigger-load|unload|ver|verbose|wait|wrap)(*) ]]
17465955493>u .zinit-ice:5> ZINIT_ICES[${match[2]}]+='zinit creinstall -q .' 
17465955493>u .zinit-ice:6> retval+=1 
17465955493>u .zinit-ice:4> bit=zsh-users/zsh-completions
17465955493>u .zinit-ice:5> [[ zsh-users/zsh-completions = (#b)(--|)(\!bash|\!csh|\!ksh|\!sh|aliases|as|atclone|atdelete|atinit|atload|atpull|autoload|bash|binary|bindmap|blockf|bpick|build|cloneonly|cloneopts|cmake|compile|completions|configure|countdown|cp|csh|debug|depth|extract|from|git|has|id-as|if|install|is-snippet|ksh|light-mode|link|load|lucid|make|multisrc|mv|nocd|nocompile|nocompletions|notify|null|on-update-of|opts|pack|param|pick|proto|ps-on-unload|ps-on-update|pullopts|reset|reset-prompt|run-atpull|service|sh|silent|src|subscribe|subst|svn|teleid|trackbinds|trigger-load|unload|ver|verbose|wait|wrap)(*) ]]
17465955493>u .zinit-ice:5> break
17465955493>u .zinit-ice:8> [[ '' = program ]]
17465955493>u .zinit-ice:9> [[ -n '' ]]
17465955493>u .zinit-ice:10> [[ -n '' ]]
17465955493>u .zinit-ice:11> ((  0  ))
17465955493>u .zinit-ice:16> ((  0 || 0 || 0  ))
17465955493>u .zinit-ice:19> ((  0  ))
17465955493>u .zinit-ice:20> ((  0  ))
17465955493>u .zinit-ice:21> return retval
17465955493>u zinit:126> ___retval2=2 
17465955493>u zinit:127> local ___last_ice='atpull:zinit creinstall -q .'
17465955493>u zinit:128> shift ___retval2
17465955493>u zinit:129> [[ -n zsh-users/zsh-completions ]]
17465955493>u zinit:130> ICE=( lucid '' wait '' light-mode '' atpull 'zinit creinstall -q .' blockf '' ) 
17465955493>u zinit:131> ZINIT_ICE=( lucid '' wait '' atpull 'zinit creinstall -q .' light-mode '' blockf '' ) ZINIT_ICES=( ) 
17465955493>u zinit:132> integer ___msgs=0
17465955493>u zinit:133> ((  ___msgs  ))
17465955493>u zinit:136> ZINIT[annex-exposed-processed-IDs]+=' zsh-users/zsh-autosuggestions' 
17465955493>u zinit:139> ___id=zsh-users/zsh-completions 
17465955493>u zinit:140> ((  ___is_snippet == -1  ))
17465955493>u zinit:144> ___ehid=zsh-users/zsh-completions 
17465955493>u zinit:150> ___etid=zsh-users/zsh-completions 
17465955493>u zinit:152> ((  0  ))
17465955493>u zinit:160> [[ '' = (auto|) && 0 == 1 ]]
17465955493>u zinit:162> integer ___is_snippet=0
17465955493>u zinit:163> '(anon)' zsh-users/zsh-completions
17465955493>u (anon):1> setopt localoptions extendedglob
17465955493>u (anon):2> [[ 0 -ge 0 && -n '' || zsh-users/zsh-completions = ((#i)(http(s|)|ftp(s|)):/|(OMZL::|PZTM::|OMZP::|PZT::|OMZ::|OMZT::))* ]]
17465955493>u zinit:170> local ___type=plugin
17465955493>u zinit:171> reply=( ) 
17465955493>u zinit:211> integer ___action_load=0 ___turbo=0
17465955493>u zinit:212> [[ -n 1 ]]
17465955493>u zinit:213> ___turbo=1 
17465955493>u zinit:216> [[ -n '' || 1 == 1 && '' = (!|)(<->(a|b|c|)|) ]]
17465955493>u zinit:219> ((  !ZINIT[OPTIMIZE_OUT_DISK_ACCESSES]
                     ))
17465955493>u zinit:221> ((  ___is_snippet > 0  ))
17465955493>u zinit:224> .zinit-get-object-path plugin zsh-users/zsh-completions
17465955493>u .zinit-get-object-path:1> local type=plugin id_as=zsh-users/zsh-completions local_dir dirname
17465955493>u .zinit-get-object-path:2> integer exists
17465955493>u .zinit-get-object-path:4> id_as=zsh-users/zsh-completions 
17465955493>u .zinit-get-object-path:7> id_as=zsh-users/zsh-completions 
17465955493>u .zinit-get-object-path:9> type=plugin
17465955493>u .zinit-get-object-path:10> [[ plugin == snippet ]]
17465955493>u .zinit-get-object-path:16> .zinit-any-to-user-plugin zsh-users/zsh-completions
17465955493>u .zinit-any-to-user-plugin:1> emulate -LR zsh -o xtrace
17465955493>u .zinit-any-to-user-plugin:2> setopt extendedglob typesetsilent noshortloops rcquotes warncreateglobal
17465955493>u .zinit-any-to-user-plugin:7> [[ -n '' ]]
17465955493>u .zinit-any-to-user-plugin:14> [[ zsh-users/zsh-completions = /* ]]
17465955493>u .zinit-any-to-user-plugin:20> [[ zsh-users/zsh-completions = %* ]]
17465955493>u .zinit-any-to-user-plugin:31> 1=zsh-users/zsh-completions 
17465955493>u .zinit-any-to-user-plugin:32> [[ zsh-users/zsh-completions = */* ]]
17465955493>u .zinit-any-to-user-plugin:33> reply=( zsh-users zsh-completions ) 
17465955493>u .zinit-any-to-user-plugin:34> return 0
17465955493>u .zinit-get-object-path:17> local_dir=/Users/peario/.local/share/zinit/plugins/zsh-users---zsh-completions 
17465955493>u .zinit-get-object-path:18> [[ zsh-users/zsh-completions == _local/* ]]
17465955493>u .zinit-get-object-path:19> dirname='' 
17465955493>u .zinit-get-object-path:21> [[ -e /Users/peario/.local/share/zinit/plugins/zsh-users---zsh-completions/._zinit ]]
17465955493>u .zinit-get-object-path:22> exists=1 
17465955493>u .zinit-get-object-path:24> ((  exists  ))
17465955493>u .zinit-get-object-path:24> break
17465955493>u .zinit-get-object-path:27> reply=( /Users/peario/.local/share/zinit/plugins/zsh-users---zsh-completions '' 1 ) 
17465955493>u .zinit-get-object-path:28> REPLY=/Users/peario/.local/share/zinit/plugins/zsh-users---zsh-completions 
17465955493>u .zinit-get-object-path:30> return 0
17465955493>u zinit:226> ((  0  ))
17465955493>u zinit:227> local ___object_path=/Users/peario/.local/share/zinit/plugins/zsh-users---zsh-completions
17465955493>u zinit:235> [[ 1 -eq 1 && -n '' ]]
17465955493>u zinit:259> ((  0  ))
17465955493>u zinit:267> integer ___had_cloneonly=0
17465955493>u zinit:268> ICE[wait]=0 
17465955493>u zinit:269> ((  ___action_load || !ZINIT[HAVE_SCHEDULER]  ))
17465955493>u zinit:288> ((  ___turbo && ZINIT[HAVE_SCHEDULER] && 0 == ___last_retval  ))
17465955493>u zinit:289> ICE[wait]=0 
17465955493>u zinit:290> ((  ___is_snippet > 0  ))
17465955493>u zinit:295> ZINIT_SICE[$___ehid]='' 
17465955493>u zinit:296> .zinit-submit-turbo p light zsh-users/zsh-completions ''
17465955493>u .zinit-submit-turbo:1> local tpe=p mode=light opt_uspl2=zsh-users/zsh-completions opt_plugin=''
17465955493>u .zinit-submit-turbo:3> ICE[wait]=0 
17465955493>u .zinit-submit-turbo:4> ZINIT[WAIT_IDX]=3 
17465955493>u .zinit-submit-turbo:5> ZINIT[WAIT_ICE_${ZINIT[WAIT_IDX]}]='lucid '\'\'' wait 0 atpull zinit\ creinstall\ -q\ . light-mode '\'\'' blockf '\'\' 
17465955493>u .zinit-submit-turbo:6> ZINIT[fts-${ICE[subscribe]}]='' 
17465955493>u .zinit-submit-turbo:8> [[ p = s* ]]
17465955493>u .zinit-submit-turbo:10> local id=zsh-users/zsh-completions
17465955493>u .zinit-submit-turbo:12> [[ 0 = (!|.|)<-> ]]
17465955493>u .zinit-submit-turbo:13> ZINIT_TASKS+=( '1746595549+0+1 p 3 light zsh-users/zsh-completions ' ) 
17465955493>u zinit:300> ___retval+=0 
17465955493>u zinit:305> ((  1  ))
17465955493>u zinit:305> shift
17465955493>u zinit:306> ___is_snippet=0 
17465955493>u zinit:124> ((  0  ))
17465955493>u zinit:312> ((  ___error  ))
17465955493>u zinit:325> ((  ! 0  ))
17465955493>u zinit:326> return ___retval
17465955493>u /Users/peario/.config/zsh/.zshrc:76> zinit ice wait lucid light zsh-users/zsh-history-substring-search
17465955493>u zinit:1> local -A ICE ZINIT_ICE
17465955493>u zinit:2> ICE=( ) 
17465955493>u zinit:3> ZINIT_ICE=( ) 
17465955493>u zinit:4> ZINIT_ICES=( ) 
17465955493>u zinit:6> integer ___retval ___retval2 ___correct
17465955493>u zinit:7> local -a match mbegin mend
17465955493>u zinit:8> local MATCH cmd ___q='`' ___q2=\' IFS=$' \t\n\C-@'
17465955493>u zinit:8> integer MBEGIN MEND
17465955493>u zinit:11> match=( ) 
17465955493>u zinit:12> ((  !0  ))
17465955493>u zinit:13> local -a reply
17465955493>u zinit:13> local REPLY
17465955493>u zinit:16> [[ -o ksharrays ]]
17465955493>u zinit:18> local -A ___opt_map OPTS
17465955493>u zinit:19> ___opt_map=( -q 'opt_-q,--quiet:update:[Turn off almost-all messages from the {cmd}update{rst} operation {b-lhi}FOR the objects{rst} which don'\''t have any {b-lhi}new version{rst} available.] *:[Turn off any (or: almost-any) messages from the operation.]' --quiet opt_-q,--quiet -v 'opt_-v,--verbose:Turn on more messages from the operation.' --verbose opt_-v,--verbose -r 'opt_-r,--reset:Reset the repository before updating (or remove the files for single-file snippets and gh-r plugins).' --reset opt_-r,--reset -a 'opt_-a,--all:delete:[Delete {hi}all{rst} plugins and snippets.] update:[Update {b-lhi}all{rst} plugins and snippets.]' --all opt_-a,--all -c 'opt_-c,--clean:Delete {b-lhi}only{rst} the {b-lhi}currently-not loaded{rst} plugins and snippets.' --clean opt_-c,--clean -y 'opt_-y,--yes:Automatically confirm any yes/no prompts.' --yes opt_-y,--yes -f 'opt_-f,--force:Force new download of the snippet file.' --force opt_-f,--force -p 'opt_-p,--parallel:Turn on concurrent, multi-thread update (of all objects).' --parallel opt_-p,--parallel -s 'opt_-s,--snippets:snippets:[Update only snippets (i.e.: skip updating plugins).] times:[Show times in seconds instead of milliseconds.]' --snippets opt_-s,--snippets -L 'opt_-l,--plugins:Update only plugins (i.e.: skip updating snippets).' --plugins opt_-l,--plugins -h 'opt_-h,--help:Show this help message.' --help opt_-h,--help -u 'opt_-u,--urge:Cause all the hooks like{ehi}:{rst} {ice}atpull{apo}'\'\''{rst}, {ice}cp{apo}'\'\''{rst}, etc. to execute even when there aren'\''t any new commits {b}/{rst} any new version of the {b}{meta}gh-r{rst} file {b}/{rst} etc.{…} available for download {ehi}{lr}{rst} simulate a non-empty update.' --urge opt_-u,--urge -n 'opt_-n,--no-pager:Disable the use of the pager.' --no-pager opt_-n,--no-pager -m 'opt_-m,--moments:Show the {apo}*{b-lhi}moments{apo}*{rst} of object (i.e.: a plugin or snippet) loading time.' --moments opt_-m,--moments -b 'opt_-b,--bindkeys:Load in light mode, however do still track {cmd}bindkey{rst} calls (to allow remapping the keys bound).' --bindkeys opt_-b,--bindkeys -x 'opt_-x,--command:Load the snippet as a {cmd}command{rst}, i.e.: add it to {var}$PATH{rst} and set {b-lhi}+x{rst} on it.' --command opt_-x,--command cdclear '--help|--quiet|-h|-q' cdreplay '--help|--quiet|-h|-q' delete '--all|--clean|--help|--quiet|--yes|-a|-c|-h|-q|-y' env-whitelist '--help|--verbose|-h|-v' light '--help|-b|-h' snippet '--command|--force|--help|-f|-h|-x' times '--help|-h|-m|-s' unload '--help|--quiet|-h|-q' update '--all|--help|--no-pager|--parallel|--plugins|--quiet|--reset|--snippets|--urge|--verbose|-L|-a|-h|-n|-p|-q|-r|-s|-u|-v' version '' ) 
17465955493>u zinit:64> cmd=ice 
17465955493>u zinit:65> [[ ice == (times|unload|env-whitelist|update|snippet|load|light|cdreplay|cdclear) ]]
17465955493>u zinit:75> reply=( ) 
17465955493>u zinit:77> [[ -n ice && ice != (add-fpath|bindkeys|cclear|cd|cdclear|cdisable|cdlist|cdreplay|cenable|changes|compile|compiled|compinit|completions|create|creinstall|csearch|cuninstall|delete|debug|edit|env-whitelist|fpath|glance|help|--help|-h|ice|light|load|man|module|plugins|recall|recently|report|run|self-update|snippet|snippets|srv|status|stress|times|uncompile|unload|update|version|zstatus|) || ice = (load|light|snippet) ]]
17465955493>u zinit:330> case ice (ice)
17465955493>u zinit:332> shift
17465955493>u zinit:333> .zinit-ice wait lucid light zsh-users/zsh-history-substring-search
17465955493>u .zinit-ice:1> setopt localoptions noksharrays extendedglob warncreateglobal typesetsilent noshortloops
17465955493>u .zinit-ice:2> integer retval
17465955493>u .zinit-ice:3> local bit exts=''
17465955493>u .zinit-ice:4> bit=wait
17465955493>u .zinit-ice:5> [[ wait = (#b)(--|)(\!bash|\!csh|\!ksh|\!sh|aliases|as|atclone|atdelete|atinit|atload|atpull|autoload|bash|binary|bindmap|blockf|bpick|build|cloneonly|cloneopts|cmake|compile|completions|configure|countdown|cp|csh|debug|depth|extract|from|git|has|id-as|if|install|is-snippet|ksh|light-mode|link|load|lucid|make|multisrc|mv|nocd|nocompile|nocompletions|notify|null|on-update-of|opts|pack|param|pick|proto|ps-on-unload|ps-on-update|pullopts|reset|reset-prompt|run-atpull|service|sh|silent|src|subscribe|subst|svn|teleid|trackbinds|trigger-load|unload|ver|verbose|wait|wrap)(*) ]]
17465955493>u .zinit-ice:5> ZINIT_ICES[${match[2]}]+='' 
17465955493>u .zinit-ice:6> retval+=1 
17465955493>u .zinit-ice:4> bit=lucid
17465955493>u .zinit-ice:5> [[ lucid = (#b)(--|)(\!bash|\!csh|\!ksh|\!sh|aliases|as|atclone|atdelete|atinit|atload|atpull|autoload|bash|binary|bindmap|blockf|bpick|build|cloneonly|cloneopts|cmake|compile|completions|configure|countdown|cp|csh|debug|depth|extract|from|git|has|id-as|if|install|is-snippet|ksh|light-mode|link|load|lucid|make|multisrc|mv|nocd|nocompile|nocompletions|notify|null|on-update-of|opts|pack|param|pick|proto|ps-on-unload|ps-on-update|pullopts|reset|reset-prompt|run-atpull|service|sh|silent|src|subscribe|subst|svn|teleid|trackbinds|trigger-load|unload|ver|verbose|wait|wrap)(*) ]]
17465955493>u .zinit-ice:5> ZINIT_ICES[${match[2]}]+='' 
17465955493>u .zinit-ice:6> retval+=1 
17465955493>u .zinit-ice:4> bit=light
17465955493>u .zinit-ice:5> [[ light = (#b)(--|)(\!bash|\!csh|\!ksh|\!sh|aliases|as|atclone|atdelete|atinit|atload|atpull|autoload|bash|binary|bindmap|blockf|bpick|build|cloneonly|cloneopts|cmake|compile|completions|configure|countdown|cp|csh|debug|depth|extract|from|git|has|id-as|if|install|is-snippet|ksh|light-mode|link|load|lucid|make|multisrc|mv|nocd|nocompile|nocompletions|notify|null|on-update-of|opts|pack|param|pick|proto|ps-on-unload|ps-on-update|pullopts|reset|reset-prompt|run-atpull|service|sh|silent|src|subscribe|subst|svn|teleid|trackbinds|trigger-load|unload|ver|verbose|wait|wrap)(*) ]]
17465955493>u .zinit-ice:5> break
17465955493>u .zinit-ice:8> [[ '' = program ]]
17465955493>u .zinit-ice:9> [[ -n '' ]]
17465955493>u .zinit-ice:10> [[ -n '' ]]
17465955493>u .zinit-ice:11> ((  0  ))
17465955493>u .zinit-ice:16> ((  0 || 0 || 0  ))
17465955493>u .zinit-ice:19> ((  0  ))
17465955493>u .zinit-ice:20> ((  0  ))
17465955493>u .zinit-ice:21> return retval
17465955493>u zinit:590> return ___retval
17465955493>u /Users/peario/.config/zsh/.zshrc:79> autoload -Uz compinit
17465955493>u /Users/peario/.config/zsh/.zshrc:81> [[ -n '/Users/peario/.config/zsh/.zcompdump(#qN.mh+24)' ]]
17465955493>u /Users/peario/.config/zsh/.zshrc:82> compinit
17465955493>u compinit:74> emulate -L zsh
17465955493>u compinit:75> setopt extendedglob
17465955493>u compinit:77> typeset _i_dumpfile _i_files _i_line _i_done _i_dir _i_autodump=1
17465955493>u compinit:78> typeset _i_tag _i_file _i_addfiles _i_fail=ask _i_check=yes _i_name _i_why
17465955493>u compinit:80> [[ 0 -gt 0 ]]
17465955493>u compinit:116> typeset -gHA _comps _services _patcomps _postpatcomps
17465955493>u compinit:121> typeset -gHA _compautos
17465955493>u compinit:126> typeset -gHA _lastcomp
17465955493>u compinit:129> [[ -n '' ]]
17465955493>u compinit:133> typeset -g _comp_dumpfile=/Users/peario/.config/zsh/.zcompdump
17465955493>u compinit:138> typeset -gHa _comp_options
17465955493>u compinit:139> _comp_options=( bareglobqual extendedglob glob multibyte multifuncdef nullglob rcexpandparam unset NO_allexport NO_aliases NO_cshnullglob NO_cshjunkiequotes NO_errexit NO_errreturn NO_globassign NO_globsubst NO_histsubstpattern NO_ignorebraces NO_ignoreclosebraces NO_kshglob NO_ksharrays NO_kshtypeset NO_markdirs NO_octalzeroes NO_posixbuiltins NO_posixidentifiers NO_shwordsplit NO_shglob NO_typesettounset NO_warnnestedvar NO_warncreateglobal ) 
17465955493>u compinit:179> typeset -gH _comp_setup=$'local -A _comp_caller_options;\n             _comp_caller_options=(${(kv)options[@]});\n             setopt localoptions localtraps localpatterns ${_comp_options[@]};\n             local IFS=$\' \\t\\r\\n\\0\';\n             builtin enable -p \\| \\~ \\( \\? \\* \\[ \\< \\^ \\# 2>&-;\n             exec </dev/null;\n             trap - ZERR;\n             local -a reply;\n             local REPLY;\n             local REPORTTIME;\n             unset REPORTTIME'
17465955493>u compinit:194> typeset -ga compprefuncs comppostfuncs
17465955493>u compinit:195> compprefuncs=( ) 
17465955493>u compinit:196> comppostfuncs=( ) 
17465955493>u compinit:200> : compinit /Users/peario/.config/zsh/.zshrc
17465955493>u compinit:449> typeset _i_wdirs _i_wfiles
17465955493>u compinit:451> _i_wdirs=( ) 
17465955493>u compinit:452> _i_wfiles=( ) 
17465955493>u compinit:454> autoload -RUz compaudit
17465955493>u compinit:455> [[ -n yes ]]
17465955493>u compinit:456> typeset _i_q
17465955493>u compinit:457> eval compaudit
17465955493>u (eval):1> compaudit
17465955493>u compaudit:176> compaudit
17465955493>u compaudit:13> emulate -L zsh
17465955493>u compaudit:14> setopt extendedglob
17465955493>u compaudit:16> [[ -n '' ]]
17465955493>u compaudit:27> ((  0  ))
17465955493>u compaudit:29> ((  4 == 0  ))
17465955493>u compaudit:33> set -- /Users/peario/.local/share/zinit/completions /usr/local/share/zsh/site-functions /usr/share/zsh/site-functions /usr/share/zsh/5.9/functions
17465955493>u compaudit:40> ((  1  ))
17465955493>u compaudit:46> fpath=( /Users/peario/.local/share/zinit/completions /usr/local/share/zsh/site-functions /usr/share/zsh/site-functions /usr/share/zsh/5.9/functions ) 
17465955493>u compaudit:51> ((  0  ))
17465955493>u compaudit:52> local _compdir=/usr/share/zsh/5.9/functions
17465955493>u compaudit:53> [[ -z /usr/share/zsh/5.9/functions ]]
17465955493>u compaudit:57> _i_wdirs=( ) 
17465955493>u compaudit:58> _i_wfiles=( ) 
17465955493>u compaudit:60> _i_files=( /Users/peario/.local/share/zinit/completions/_afew /Users/peario/.local/share/zinit/completions/_age /Users/peario/.local/share/zinit/completions/_android /Users/peario/.local/share/zinit/completions/_archlinux-java /Users/peario/.local/share/zinit/completions/_artisan /Users/peario/.local/share/zinit/completions/_atach /Users/peario/.local/share/zinit/completions/_avdmanager /Users/peario/.local/share/zinit/completions/_bitcoin-cli /Users/peario/.local/share/zinit/completions/_bower /Users/peario/.local/share/zinit/completions/_bundle /Users/peario/.local/share/zinit/completions/_cap /Users/peario/.local/share/zinit/completions/_cask /Users/peario/.local/share/zinit/completions/_ccache /Users/peario/.local/share/zinit/completions/_cf /Users/peario/.local/share/zinit/completions/_chatblade /Users/peario/.local/share/zinit/completions/_choc /Users/peario/.local/share/zinit/completions/_chromium /Users/peario/.local/share/zinit/completions/_clang-check /Users/peario/.local/share/zinit/completions/_clang-format /Users/peario/.local/share/zinit/completions/_clang-tidy /Users/peario/.local/share/zinit/completions/_cmake /Users/peario/.local/share/zinit/completions/_coffee /Users/peario/.local/share/zinit/completions/_conan /Users/peario/.local/share/zinit/completions/_concourse /Users/peario/.local/share/zinit/completions/_console /Users/peario/.local/share/zinit/completions/_cppcheck /Users/peario/.local/share/zinit/completions/_dad /Users/peario/.local/share/zinit/completions/_dart /Users/peario/.local/share/zinit/completions/_dget /Users/peario/.local/share/zinit/completions/_dhcpcd /Users/peario/.local/share/zinit/completions/_diana /Users/peario/.local/share/zinit/completions/_direnv /Users/peario/.local/share/zinit/completions/_do-release-upgrade /Users/peario/.local/share/zinit/completions/_docpad /Users/peario/.local/share/zinit/completions/_drush /Users/peario/.local/share/zinit/completions/_ecdsautil /Users/peario/.local/share/zinit/completions/_emacs /Users/peario/.local/share/zinit/completions/_emacsclient /Users/peario/.local/share/zinit/completions/_emulator /Users/peario/.local/share/zinit/completions/_envdir /Users/peario/.local/share/zinit/completions/_exportfs /Users/peario/.local/share/zinit/completions/_fab /Users/peario/.local/share/zinit/completions/_fail2ban-client /Users/peario/.local/share/zinit/completions/_fast-theme /Users/peario/.local/share/zinit/completions/_ffind /Users/peario/.local/share/zinit/completions/_fleetctl /Users/peario/.local/share/zinit/completions/_flutter /Users/peario/.local/share/zinit/completions/_fwupdmgr /Users/peario/.local/share/zinit/completions/_gas /Users/peario/.local/share/zinit/completions/_ghc /Users/peario/.local/share/zinit/completions/_gist /Users/peario/.local/share/zinit/completions/_git-flow /Users/peario/.local/share/zinit/completions/_git-pulls /Users/peario/.local/share/zinit/completions/_git-revise /Users/peario/.local/share/zinit/completions/_git-wtf /Users/peario/.local/share/zinit/completions/_glances /Users/peario/.local/share/zinit/completions/_golang /Users/peario/.local/share/zinit/completions/_google /Users/peario/.local/share/zinit/completions/_gpgconf /Users/peario/.local/share/zinit/completions/_grpcurl /Users/peario/.local/share/zinit/completions/_gtk-launch /Users/peario/.local/share/zinit/completions/_hello /Users/peario/.local/share/zinit/completions/_hledger /Users/peario/.local/share/zinit/completions/_homestead /Users/peario/.local/share/zinit/completions/_httpie /Users/peario/.local/share/zinit/completions/_ibus /Users/peario/.local/share/zinit/completions/_include-what-you-use /Users/peario/.local/share/zinit/completions/_inxi /Users/peario/.local/share/zinit/completions/_jest /Users/peario/.local/share/zinit/completions/_jmeter /Users/peario/.local/share/zinit/completions/_jmeter-plugins /Users/peario/.local/share/zinit/completions/_jonas /Users/peario/.local/share/zinit/completions/_jrnl /Users/peario/.local/share/zinit/completions/_kak /Users/peario/.local/share/zinit/completions/_kitchen /Users/peario/.local/share/zinit/completions/_knife /Users/peario/.local/share/zinit/completions/_l3build /Users/peario/.local/share/zinit/completions/_language_codes /Users/peario/.local/share/zinit/completions/_lilypond /Users/peario/.local/share/zinit/completions/_lscpu /Users/peario/.local/share/zinit/completions/_lunchy /Users/peario/.local/share/zinit/completions/_mc /Users/peario/.local/share/zinit/completions/_middleman /Users/peario/.local/share/zinit/completions/_mina /Users/peario/.local/share/zinit/completions/_mix /Users/peario/.local/share/zinit/completions/_mkcert /Users/peario/.local/share/zinit/completions/_mssh /Users/peario/.local/share/zinit/completions/_mussh /Users/peario/.local/share/zinit/completions/_mvn /Users/peario/.local/share/zinit/completions/_nano /Users/peario/.local/share/zinit/completions/_nanoc /Users/peario/.local/share/zinit/completions/_neo /Users/peario/.local/share/zinit/completions/_neofetch /Users/peario/.local/share/zinit/completions/_networkQuality /Users/peario/.local/share/zinit/completions/_nftables /Users/peario/.local/share/zinit/completions/_node /Users/peario/.local/share/zinit/completions/_nvm /Users/peario/.local/share/zinit/completions/_openssl /Users/peario/.local/share/zinit/completions/_openvpn3 /Users/peario/.local/share/zinit/completions/_optirun /Users/peario/.local/share/zinit/completions/_patool /Users/peario/.local/share/zinit/completions/_periscope /Users/peario/.local/share/zinit/completions/_pgsql_utils /Users/peario/.local/share/zinit/completions/_phing /Users/peario/.local/share/zinit/completions/_pixz /Users/peario/.local/share/zinit/completions/_pkcon /Users/peario/.local/share/zinit/completions/_play /Users/peario/.local/share/zinit/completions/_pm2 /Users/peario/.local/share/zinit/completions/_port /Users/peario/.local/share/zinit/completions/_pre-commit /Users/peario/.local/share/zinit/completions/_protoc /Users/peario/.local/share/zinit/completions/_pygmentize /Users/peario/.local/share/zinit/completions/_qmk /Users/peario/.local/share/zinit/completions/_rails /Users/peario/.local/share/zinit/completions/_ralio /Users/peario/.local/share/zinit/completions/_rdfind /Users/peario/.local/share/zinit/completions/_redis-cli /Users/peario/.local/share/zinit/completions/_rfkill /Users/peario/.local/share/zinit/completions/_rkt /Users/peario/.local/share/zinit/completions/_rmlint /Users/peario/.local/share/zinit/completions/_rslsync /Users/peario/.local/share/zinit/completions/_rspec /Users/peario/.local/share/zinit/completions/_rsvm /Users/peario/.local/share/zinit/completions/_rubocop /Users/peario/.local/share/zinit/completions/_sbt /Users/peario/.local/share/zinit/completions/_scala /Users/peario/.local/share/zinit/completions/_screencapture /Users/peario/.local/share/zinit/completions/_scrub /Users/peario/.local/share/zinit/completions/_sdd /Users/peario/.local/share/zinit/completions/_sdkmanager /Users/peario/.local/share/zinit/completions/_setcap /Users/peario/.local/share/zinit/completions/_sfdx /Users/peario/.local/share/zinit/completions/_shallow-backup /Users/peario/.local/share/zinit/completions/_shellcheck /Users/peario/.local/share/zinit/completions/_showoff /Users/peario/.local/share/zinit/completions/_srm /Users/peario/.local/share/zinit/completions/_stack /Users/peario/.local/share/zinit/completions/_subliminal /Users/peario/.local/share/zinit/completions/_supervisorctl /Users/peario/.local/share/zinit/completions/_supervisord /Users/peario/.local/share/zinit/completions/_svm /Users/peario/.local/share/zinit/completions/_teamocil /Users/peario/.local/share/zinit/completions/_thor /Users/peario/.local/share/zinit/completions/_tmuxinator /Users/peario/.local/share/zinit/completions/_tmuxp /Users/peario/.local/share/zinit/completions/_tox /Users/peario/.local/share/zinit/completions/_ts-node /Users/peario/.local/share/zinit/completions/_tsc /Users/peario/.local/share/zinit/completions/_udisksctl /Users/peario/.local/share/zinit/completions/_ufw /Users/peario/.local/share/zinit/completions/_uuidgen /Users/peario/.local/share/zinit/completions/_virtualbox /Users/peario/.local/share/zinit/completions/_vnstat /Users/peario/.local/share/zinit/completions/_wemux /Users/peario/.local/share/zinit/completions/_wg-quick /Users/peario/.local/share/zinit/completions/_xsel /Users/peario/.local/share/zinit/completions/_yarn /Users/peario/.local/share/zinit/completions/_yfm /Users/peario/.local/share/zinit/completions/_zcash-cli /Users/peario/.local/share/zinit/completions/_zinit /usr/local/share/zsh/site-functions/_mullvad /usr/share/zsh/5.9/functions/__arguments /usr/share/zsh/5.9/functions/_a2ps /usr/share/zsh/5.9/functions/_a2utils /usr/share/zsh/5.9/functions/_aap /usr/share/zsh/5.9/functions/_abcde /usr/share/zsh/5.9/functions/_absolute_command_paths /usr/share/zsh/5.9/functions/_ack /usr/share/zsh/5.9/functions/_acpi /usr/share/zsh/5.9/functions/_acpitool /usr/share/zsh/5.9/functions/_acroread /usr/share/zsh/5.9/functions/_adb /usr/share/zsh/5.9/functions/_add-zle-hook-widget /usr/share/zsh/5.9/functions/_add-zsh-hook /usr/share/zsh/5.9/functions/_alias /usr/share/zsh/5.9/functions/_aliases /usr/share/zsh/5.9/functions/_all_labels /usr/share/zsh/5.9/functions/_all_matches /usr/share/zsh/5.9/functions/_alsa-utils /usr/share/zsh/5.9/functions/_alternative /usr/share/zsh/5.9/functions/_analyseplugin /usr/share/zsh/5.9/functions/_ansible /usr/share/zsh/5.9/functions/_ant /usr/share/zsh/5.9/functions/_antiword /usr/share/zsh/5.9/functions/_apachectl /usr/share/zsh/5.9/functions/_apm /usr/share/zsh/5.9/functions/_approximate /usr/share/zsh/5.9/functions/_apt /usr/share/zsh/5.9/functions/_apt-file /usr/share/zsh/5.9/functions/_apt-move /usr/share/zsh/5.9/functions/_apt-show-versions /usr/share/zsh/5.9/functions/_aptitude /usr/share/zsh/5.9/functions/_arch_archives /usr/share/zsh/5.9/functions/_arch_namespace /usr/share/zsh/5.9/functions/_arg_compile /usr/share/zsh/5.9/functions/_arguments /usr/share/zsh/5.9/functions/_arp /usr/share/zsh/5.9/functions/_arping /usr/share/zsh/5.9/functions/_arrays /usr/share/zsh/5.9/functions/_asciidoctor /usr/share/zsh/5.9/functions/_asciinema /usr/share/zsh/5.9/functions/_assign /usr/share/zsh/5.9/functions/_at /usr/share/zsh/5.9/functions/_attr /usr/share/zsh/5.9/functions/_augeas /usr/share/zsh/5.9/functions/_auto-apt /usr/share/zsh/5.9/functions/_autocd /usr/share/zsh/5.9/functions/_avahi /usr/share/zsh/5.9/functions/_awk /usr/share/zsh/5.9/functions/_axi-cache /usr/share/zsh/5.9/functions/_base64 /usr/share/zsh/5.9/functions/_basename /usr/share/zsh/5.9/functions/_basenc /usr/share/zsh/5.9/functions/_bash /usr/share/zsh/5.9/functions/_bash_completions /usr/share/zsh/5.9/functions/_baudrates /usr/share/zsh/5.9/functions/_baz /usr/share/zsh/5.9/functions/_be_name /usr/share/zsh/5.9/functions/_beadm /usr/share/zsh/5.9/functions/_beep /usr/share/zsh/5.9/functions/_bibtex /usr/share/zsh/5.9/functions/_bind_addresses /usr/share/zsh/5.9/functions/_bindkey /usr/share/zsh/5.9/functions/_bison /usr/share/zsh/5.9/functions/_bittorrent /usr/share/zsh/5.9/functions/_bogofilter /usr/share/zsh/5.9/functions/_bpf_filters /usr/share/zsh/5.9/functions/_bpython /usr/share/zsh/5.9/functions/_brace_parameter /usr/share/zsh/5.9/functions/_brctl /usr/share/zsh/5.9/functions/_bsd_disks /usr/share/zsh/5.9/functions/_bsd_pkg /usr/share/zsh/5.9/functions/_bsdconfig /usr/share/zsh/5.9/functions/_bsdinstall /usr/share/zsh/5.9/functions/_btrfs /usr/share/zsh/5.9/functions/_bts /usr/share/zsh/5.9/functions/_bug /usr/share/zsh/5.9/functions/_builtin /usr/share/zsh/5.9/functions/_bzip2 /usr/share/zsh/5.9/functions/_bzr /usr/share/zsh/5.9/functions/_cabal /usr/share/zsh/5.9/functions/_cache_invalid /usr/share/zsh/5.9/functions/_caffeinate /usr/share/zsh/5.9/functions/_cal /usr/share/zsh/5.9/functions/_calendar /usr/share/zsh/5.9/functions/_call_function /usr/share/zsh/5.9/functions/_call_program /usr/share/zsh/5.9/functions/_canonical_paths /usr/share/zsh/5.9/functions/_capabilities /usr/share/zsh/5.9/functions/_cat /usr/share/zsh/5.9/functions/_ccal /usr/share/zsh/5.9/functions/_cd /usr/share/zsh/5.9/functions/_cdbs-edit-patch /usr/share/zsh/5.9/functions/_cdcd /usr/share/zsh/5.9/functions/_cdr /usr/share/zsh/5.9/functions/_cdrdao /usr/share/zsh/5.9/functions/_cdrecord /usr/share/zsh/5.9/functions/_chattr /usr/share/zsh/5.9/functions/_chcon /usr/share/zsh/5.9/functions/_chflags /usr/share/zsh/5.9/functions/_chkconfig /usr/share/zsh/5.9/functions/_chmod /usr/share/zsh/5.9/functions/_choom /usr/share/zsh/5.9/functions/_chown /usr/share/zsh/5.9/functions/_chroot /usr/share/zsh/5.9/functions/_chrt /usr/share/zsh/5.9/functions/_chsh /usr/share/zsh/5.9/functions/_cksum /usr/share/zsh/5.9/functions/_clay /usr/share/zsh/5.9/functions/_cmdambivalent /usr/share/zsh/5.9/functions/_cmdstring /usr/share/zsh/5.9/functions/_cmp /usr/share/zsh/5.9/functions/_code /usr/share/zsh/5.9/functions/_column /usr/share/zsh/5.9/functions/_combination /usr/share/zsh/5.9/functions/_comm /usr/share/zsh/5.9/functions/_command /usr/share/zsh/5.9/functions/_command_names /usr/share/zsh/5.9/functions/_comp_locale /usr/share/zsh/5.9/functions/_compadd /usr/share/zsh/5.9/functions/_compdef /usr/share/zsh/5.9/functions/_complete /usr/share/zsh/5.9/functions/_complete_debug /usr/share/zsh/5.9/functions/_complete_help /usr/share/zsh/5.9/functions/_complete_help_generic /usr/share/zsh/5.9/functions/_complete_tag /usr/share/zsh/5.9/functions/_completers /usr/share/zsh/5.9/functions/_composer /usr/share/zsh/5.9/functions/_compress /usr/share/zsh/5.9/functions/_condition /usr/share/zsh/5.9/functions/_configure /usr/share/zsh/5.9/functions/_coreadm /usr/share/zsh/5.9/functions/_correct /usr/share/zsh/5.9/functions/_correct_filename /usr/share/zsh/5.9/functions/_correct_word /usr/share/zsh/5.9/functions/_cowsay /usr/share/zsh/5.9/functions/_cp /usr/share/zsh/5.9/functions/_cpio /usr/share/zsh/5.9/functions/_cplay /usr/share/zsh/5.9/functions/_cpupower /usr/share/zsh/5.9/functions/_crontab /usr/share/zsh/5.9/functions/_cryptsetup /usr/share/zsh/5.9/functions/_cscope /usr/share/zsh/5.9/functions/_csplit /usr/share/zsh/5.9/functions/_cssh /usr/share/zsh/5.9/functions/_csup /usr/share/zsh/5.9/functions/_ctags /usr/share/zsh/5.9/functions/_ctags_tags /usr/share/zsh/5.9/functions/_cu /usr/share/zsh/5.9/functions/_curl /usr/share/zsh/5.9/functions/_cut /usr/share/zsh/5.9/functions/_cvs /usr/share/zsh/5.9/functions/_cvsup /usr/share/zsh/5.9/functions/_cygcheck /usr/share/zsh/5.9/functions/_cygpath /usr/share/zsh/5.9/functions/_cygrunsrv /usr/share/zsh/5.9/functions/_cygserver /usr/share/zsh/5.9/functions/_cygstart /usr/share/zsh/5.9/functions/_dak /usr/share/zsh/5.9/functions/_darcs /usr/share/zsh/5.9/functions/_date /usr/share/zsh/5.9/functions/_date_formats /usr/share/zsh/5.9/functions/_dates /usr/share/zsh/5.9/functions/_dbus /usr/share/zsh/5.9/functions/_dchroot /usr/share/zsh/5.9/functions/_dchroot-dsa /usr/share/zsh/5.9/functions/_dconf /usr/share/zsh/5.9/functions/_dcop /usr/share/zsh/5.9/functions/_dcut /usr/share/zsh/5.9/functions/_dd /usr/share/zsh/5.9/functions/_deb_architectures /usr/share/zsh/5.9/functions/_deb_codenames /usr/share/zsh/5.9/functions/_deb_files /usr/share/zsh/5.9/functions/_deb_packages /usr/share/zsh/5.9/functions/_debbugs_bugnumber /usr/share/zsh/5.9/functions/_debchange /usr/share/zsh/5.9/functions/_debcheckout /usr/share/zsh/5.9/functions/_debdiff /usr/share/zsh/5.9/functions/_debfoster /usr/share/zsh/5.9/functions/_deborphan /usr/share/zsh/5.9/functions/_debsign /usr/share/zsh/5.9/functions/_debsnap /usr/share/zsh/5.9/functions/_debuild /usr/share/zsh/5.9/functions/_default /usr/share/zsh/5.9/functions/_defaults /usr/share/zsh/5.9/functions/_delimiters /usr/share/zsh/5.9/functions/_describe /usr/share/zsh/5.9/functions/_description /usr/share/zsh/5.9/functions/_devtodo /usr/share/zsh/5.9/functions/_df /usr/share/zsh/5.9/functions/_dhclient /usr/share/zsh/5.9/functions/_dhcpinfo /usr/share/zsh/5.9/functions/_dict /usr/share/zsh/5.9/functions/_dict_words /usr/share/zsh/5.9/functions/_diff /usr/share/zsh/5.9/functions/_diff_options /usr/share/zsh/5.9/functions/_diff3 /usr/share/zsh/5.9/functions/_diffstat /usr/share/zsh/5.9/functions/_dig /usr/share/zsh/5.9/functions/_dir_list /usr/share/zsh/5.9/functions/_directories /usr/share/zsh/5.9/functions/_directory_stack /usr/share/zsh/5.9/functions/_dirs /usr/share/zsh/5.9/functions/_disable /usr/share/zsh/5.9/functions/_dispatch /usr/share/zsh/5.9/functions/_django /usr/share/zsh/5.9/functions/_dkms /usr/share/zsh/5.9/functions/_dladm /usr/share/zsh/5.9/functions/_dlocate /usr/share/zsh/5.9/functions/_dmesg /usr/share/zsh/5.9/functions/_dmidecode /usr/share/zsh/5.9/functions/_dnf /usr/share/zsh/5.9/functions/_dns_types /usr/share/zsh/5.9/functions/_doas /usr/share/zsh/5.9/functions/_domains /usr/share/zsh/5.9/functions/_dos2unix /usr/share/zsh/5.9/functions/_dpatch-edit-patch /usr/share/zsh/5.9/functions/_dpkg /usr/share/zsh/5.9/functions/_dpkg_source /usr/share/zsh/5.9/functions/_dpkg-buildpackage /usr/share/zsh/5.9/functions/_dpkg-cross /usr/share/zsh/5.9/functions/_dpkg-repack /usr/share/zsh/5.9/functions/_dput /usr/share/zsh/5.9/functions/_drill /usr/share/zsh/5.9/functions/_dropbox /usr/share/zsh/5.9/functions/_dscverify /usr/share/zsh/5.9/functions/_dsh /usr/share/zsh/5.9/functions/_dtrace /usr/share/zsh/5.9/functions/_dtruss /usr/share/zsh/5.9/functions/_du /usr/share/zsh/5.9/functions/_dumpadm /usr/share/zsh/5.9/functions/_dumper /usr/share/zsh/5.9/functions/_dupload /usr/share/zsh/5.9/functions/_dvi /usr/share/zsh/5.9/functions/_dynamic_directory_name /usr/share/zsh/5.9/functions/_e2label /usr/share/zsh/5.9/functions/_ecasound /usr/share/zsh/5.9/functions/_echotc /usr/share/zsh/5.9/functions/_echoti /usr/share/zsh/5.9/functions/_ed /usr/share/zsh/5.9/functions/_elfdump /usr/share/zsh/5.9/functions/_elinks /usr/share/zsh/5.9/functions/_email_addresses /usr/share/zsh/5.9/functions/_emulate /usr/share/zsh/5.9/functions/_enable /usr/share/zsh/5.9/functions/_enscript /usr/share/zsh/5.9/functions/_entr /usr/share/zsh/5.9/functions/_env /usr/share/zsh/5.9/functions/_eog /usr/share/zsh/5.9/functions/_equal /usr/share/zsh/5.9/functions/_espeak /usr/share/zsh/5.9/functions/_etags /usr/share/zsh/5.9/functions/_ethtool /usr/share/zsh/5.9/functions/_evince /usr/share/zsh/5.9/functions/_exec /usr/share/zsh/5.9/functions/_expand /usr/share/zsh/5.9/functions/_expand_alias /usr/share/zsh/5.9/functions/_expand_word /usr/share/zsh/5.9/functions/_extensions /usr/share/zsh/5.9/functions/_external_pwds /usr/share/zsh/5.9/functions/_fakeroot /usr/share/zsh/5.9/functions/_fbsd_architectures /usr/share/zsh/5.9/functions/_fbsd_device_types /usr/share/zsh/5.9/functions/_fc /usr/share/zsh/5.9/functions/_feh /usr/share/zsh/5.9/functions/_fetch /usr/share/zsh/5.9/functions/_fetchmail /usr/share/zsh/5.9/functions/_ffmpeg /usr/share/zsh/5.9/functions/_figlet /usr/share/zsh/5.9/functions/_file_descriptors /usr/share/zsh/5.9/functions/_file_flags /usr/share/zsh/5.9/functions/_file_modes /usr/share/zsh/5.9/functions/_file_systems /usr/share/zsh/5.9/functions/_files /usr/share/zsh/5.9/functions/_find /usr/share/zsh/5.9/functions/_find_net_interfaces /usr/share/zsh/5.9/functions/_findmnt /usr/share/zsh/5.9/functions/_finger /usr/share/zsh/5.9/functions/_fink /usr/share/zsh/5.9/functions/_first /usr/share/zsh/5.9/functions/_flac /usr/share/zsh/5.9/functions/_flex /usr/share/zsh/5.9/functions/_floppy /usr/share/zsh/5.9/functions/_flowadm /usr/share/zsh/5.9/functions/_fmadm /usr/share/zsh/5.9/functions/_fmt /usr/share/zsh/5.9/functions/_fold /usr/share/zsh/5.9/functions/_fortune /usr/share/zsh/5.9/functions/_free /usr/share/zsh/5.9/functions/_freebsd-update /usr/share/zsh/5.9/functions/_fs_usage /usr/share/zsh/5.9/functions/_fsh /usr/share/zsh/5.9/functions/_fstat /usr/share/zsh/5.9/functions/_functions /usr/share/zsh/5.9/functions/_fuse_arguments /usr/share/zsh/5.9/functions/_fuse_values /usr/share/zsh/5.9/functions/_fuser /usr/share/zsh/5.9/functions/_fusermount /usr/share/zsh/5.9/functions/_fw_update /usr/share/zsh/5.9/functions/_gcc /usr/share/zsh/5.9/functions/_gcore /usr/share/zsh/5.9/functions/_gdb /usr/share/zsh/5.9/functions/_geany /usr/share/zsh/5.9/functions/_gem /usr/share/zsh/5.9/functions/_generic /usr/share/zsh/5.9/functions/_genisoimage /usr/share/zsh/5.9/functions/_getclip /usr/share/zsh/5.9/functions/_getconf /usr/share/zsh/5.9/functions/_getent /usr/share/zsh/5.9/functions/_getfacl /usr/share/zsh/5.9/functions/_getmail /usr/share/zsh/5.9/functions/_getopt /usr/share/zsh/5.9/functions/_ghostscript /usr/share/zsh/5.9/functions/_git /usr/share/zsh/5.9/functions/_git-buildpackage /usr/share/zsh/5.9/functions/_global /usr/share/zsh/5.9/functions/_global_tags /usr/share/zsh/5.9/functions/_globflags /usr/share/zsh/5.9/functions/_globqual_delims /usr/share/zsh/5.9/functions/_globquals /usr/share/zsh/5.9/functions/_gnome-gv /usr/share/zsh/5.9/functions/_gnu_generic /usr/share/zsh/5.9/functions/_gnupod /usr/share/zsh/5.9/functions/_gnutls /usr/share/zsh/5.9/functions/_go /usr/share/zsh/5.9/functions/_gpasswd /usr/share/zsh/5.9/functions/_gpg /usr/share/zsh/5.9/functions/_gphoto2 /usr/share/zsh/5.9/functions/_gprof /usr/share/zsh/5.9/functions/_gqview /usr/share/zsh/5.9/functions/_gradle /usr/share/zsh/5.9/functions/_graphicsmagick /usr/share/zsh/5.9/functions/_grep /usr/share/zsh/5.9/functions/_grep-excuses /usr/share/zsh/5.9/functions/_groff /usr/share/zsh/5.9/functions/_groups /usr/share/zsh/5.9/functions/_growisofs /usr/share/zsh/5.9/functions/_gsettings /usr/share/zsh/5.9/functions/_gstat /usr/share/zsh/5.9/functions/_guard /usr/share/zsh/5.9/functions/_guilt /usr/share/zsh/5.9/functions/_gv /usr/share/zsh/5.9/functions/_gzip /usr/share/zsh/5.9/functions/_hash /usr/share/zsh/5.9/functions/_have_glob_qual /usr/share/zsh/5.9/functions/_hdiutil /usr/share/zsh/5.9/functions/_head /usr/share/zsh/5.9/functions/_hexdump /usr/share/zsh/5.9/functions/_history /usr/share/zsh/5.9/functions/_history_complete_word /usr/share/zsh/5.9/functions/_history_modifiers /usr/share/zsh/5.9/functions/_host /usr/share/zsh/5.9/functions/_hostname /usr/share/zsh/5.9/functions/_hosts /usr/share/zsh/5.9/functions/_htop /usr/share/zsh/5.9/functions/_hwinfo /usr/share/zsh/5.9/functions/_iconv /usr/share/zsh/5.9/functions/_iconvconfig /usr/share/zsh/5.9/functions/_id /usr/share/zsh/5.9/functions/_ifconfig /usr/share/zsh/5.9/functions/_iftop /usr/share/zsh/5.9/functions/_ignored /usr/share/zsh/5.9/functions/_imagemagick /usr/share/zsh/5.9/functions/_in_vared /usr/share/zsh/5.9/functions/_inetadm /usr/share/zsh/5.9/functions/_init_d /usr/share/zsh/5.9/functions/_initctl /usr/share/zsh/5.9/functions/_install /usr/share/zsh/5.9/functions/_invoke-rc.d /usr/share/zsh/5.9/functions/_ionice /usr/share/zsh/5.9/functions/_iostat /usr/share/zsh/5.9/functions/_ip /usr/share/zsh/5.9/functions/_ipadm /usr/share/zsh/5.9/functions/_ipfw /usr/share/zsh/5.9/functions/_ipsec /usr/share/zsh/5.9/functions/_ipset /usr/share/zsh/5.9/functions/_iptables /usr/share/zsh/5.9/functions/_irssi /usr/share/zsh/5.9/functions/_ispell /usr/share/zsh/5.9/functions/_iwconfig /usr/share/zsh/5.9/functions/_jail /usr/share/zsh/5.9/functions/_jails /usr/share/zsh/5.9/functions/_java /usr/share/zsh/5.9/functions/_java_class /usr/share/zsh/5.9/functions/_jexec /usr/share/zsh/5.9/functions/_jls /usr/share/zsh/5.9/functions/_jobs /usr/share/zsh/5.9/functions/_jobs_bg /usr/share/zsh/5.9/functions/_jobs_builtin /usr/share/zsh/5.9/functions/_jobs_fg /usr/share/zsh/5.9/functions/_joe /usr/share/zsh/5.9/functions/_join /usr/share/zsh/5.9/functions/_jot /usr/share/zsh/5.9/functions/_jq /usr/share/zsh/5.9/functions/_kdeconnect /usr/share/zsh/5.9/functions/_kdump /usr/share/zsh/5.9/functions/_kfmclient /usr/share/zsh/5.9/functions/_kill /usr/share/zsh/5.9/functions/_killall /usr/share/zsh/5.9/functions/_kld /usr/share/zsh/5.9/functions/_knock /usr/share/zsh/5.9/functions/_kpartx /usr/share/zsh/5.9/functions/_ktrace /usr/share/zsh/5.9/functions/_ktrace_points /usr/share/zsh/5.9/functions/_kvno /usr/share/zsh/5.9/functions/_last /usr/share/zsh/5.9/functions/_ld_debug /usr/share/zsh/5.9/functions/_ldap /usr/share/zsh/5.9/functions/_ldconfig /usr/share/zsh/5.9/functions/_ldd /usr/share/zsh/5.9/functions/_less /usr/share/zsh/5.9/functions/_lha /usr/share/zsh/5.9/functions/_libvirt /usr/share/zsh/5.9/functions/_lighttpd /usr/share/zsh/5.9/functions/_limit /usr/share/zsh/5.9/functions/_limits /usr/share/zsh/5.9/functions/_links /usr/share/zsh/5.9/functions/_lintian /usr/share/zsh/5.9/functions/_list /usr/share/zsh/5.9/functions/_list_files /usr/share/zsh/5.9/functions/_lldb /usr/share/zsh/5.9/functions/_ln /usr/share/zsh/5.9/functions/_loadkeys /usr/share/zsh/5.9/functions/_locale /usr/share/zsh/5.9/functions/_localedef /usr/share/zsh/5.9/functions/_locales /usr/share/zsh/5.9/functions/_locate /usr/share/zsh/5.9/functions/_logger /usr/share/zsh/5.9/functions/_logical_volumes /usr/share/zsh/5.9/functions/_login_classes /usr/share/zsh/5.9/functions/_look /usr/share/zsh/5.9/functions/_losetup /usr/share/zsh/5.9/functions/_lp /usr/share/zsh/5.9/functions/_ls /usr/share/zsh/5.9/functions/_lsattr /usr/share/zsh/5.9/functions/_lsblk /usr/share/zsh/5.9/functions/_lscfg /usr/share/zsh/5.9/functions/_lsdev /usr/share/zsh/5.9/functions/_lslv /usr/share/zsh/5.9/functions/_lsns /usr/share/zsh/5.9/functions/_lsof /usr/share/zsh/5.9/functions/_lspv /usr/share/zsh/5.9/functions/_lsusb /usr/share/zsh/5.9/functions/_lsvg /usr/share/zsh/5.9/functions/_ltrace /usr/share/zsh/5.9/functions/_lua /usr/share/zsh/5.9/functions/_luarocks /usr/share/zsh/5.9/functions/_lynx /usr/share/zsh/5.9/functions/_lz4 /usr/share/zsh/5.9/functions/_lzop /usr/share/zsh/5.9/functions/_mac_applications /usr/share/zsh/5.9/functions/_mac_files_for_application /usr/share/zsh/5.9/functions/_madison /usr/share/zsh/5.9/functions/_mail /usr/share/zsh/5.9/functions/_mailboxes /usr/share/zsh/5.9/functions/_main_complete /usr/share/zsh/5.9/functions/_make /usr/share/zsh/5.9/functions/_make-kpkg /usr/share/zsh/5.9/functions/_man /usr/share/zsh/5.9/functions/_mat /usr/share/zsh/5.9/functions/_mat2 /usr/share/zsh/5.9/functions/_match /usr/share/zsh/5.9/functions/_math /usr/share/zsh/5.9/functions/_math_params /usr/share/zsh/5.9/functions/_matlab /usr/share/zsh/5.9/functions/_md5sum /usr/share/zsh/5.9/functions/_mdadm /usr/share/zsh/5.9/functions/_mdfind /usr/share/zsh/5.9/functions/_mdls /usr/share/zsh/5.9/functions/_mdutil /usr/share/zsh/5.9/functions/_members /usr/share/zsh/5.9/functions/_mencal /usr/share/zsh/5.9/functions/_menu /usr/share/zsh/5.9/functions/_mere /usr/share/zsh/5.9/functions/_mergechanges /usr/share/zsh/5.9/functions/_message /usr/share/zsh/5.9/functions/_mh /usr/share/zsh/5.9/functions/_mii-tool /usr/share/zsh/5.9/functions/_mime_types /usr/share/zsh/5.9/functions/_mixerctl /usr/share/zsh/5.9/functions/_mkdir /usr/share/zsh/5.9/functions/_mkfifo /usr/share/zsh/5.9/functions/_mknod /usr/share/zsh/5.9/functions/_mkshortcut /usr/share/zsh/5.9/functions/_mktemp /usr/share/zsh/5.9/functions/_mkzsh /usr/share/zsh/5.9/functions/_module /usr/share/zsh/5.9/functions/_module_math_func /usr/share/zsh/5.9/functions/_module-assistant /usr/share/zsh/5.9/functions/_modutils /usr/share/zsh/5.9/functions/_mondo /usr/share/zsh/5.9/functions/_monotone /usr/share/zsh/5.9/functions/_moosic /usr/share/zsh/5.9/functions/_mosh /usr/share/zsh/5.9/functions/_most_recent_file /usr/share/zsh/5.9/functions/_mount /usr/share/zsh/5.9/functions/_mozilla /usr/share/zsh/5.9/functions/_mpc /usr/share/zsh/5.9/functions/_mplayer /usr/share/zsh/5.9/functions/_mt /usr/share/zsh/5.9/functions/_mtools /usr/share/zsh/5.9/functions/_mtr /usr/share/zsh/5.9/functions/_multi_parts /usr/share/zsh/5.9/functions/_mupdf /usr/share/zsh/5.9/functions/_mutt /usr/share/zsh/5.9/functions/_mv /usr/share/zsh/5.9/functions/_my_accounts /usr/share/zsh/5.9/functions/_myrepos /usr/share/zsh/5.9/functions/_mysql_utils /usr/share/zsh/5.9/functions/_mysqldiff /usr/share/zsh/5.9/functions/_nautilus /usr/share/zsh/5.9/functions/_nbsd_architectures /usr/share/zsh/5.9/functions/_ncftp /usr/share/zsh/5.9/functions/_nedit /usr/share/zsh/5.9/functions/_net_interfaces /usr/share/zsh/5.9/functions/_netcat /usr/share/zsh/5.9/functions/_netscape /usr/share/zsh/5.9/functions/_netstat /usr/share/zsh/5.9/functions/_networkmanager /usr/share/zsh/5.9/functions/_networksetup /usr/share/zsh/5.9/functions/_newsgroups /usr/share/zsh/5.9/functions/_next_label /usr/share/zsh/5.9/functions/_next_tags /usr/share/zsh/5.9/functions/_nginx /usr/share/zsh/5.9/functions/_ngrep /usr/share/zsh/5.9/functions/_nice /usr/share/zsh/5.9/functions/_nkf /usr/share/zsh/5.9/functions/_nl /usr/share/zsh/5.9/functions/_nm /usr/share/zsh/5.9/functions/_nmap /usr/share/zsh/5.9/functions/_normal /usr/share/zsh/5.9/functions/_nothing /usr/share/zsh/5.9/functions/_npm /usr/share/zsh/5.9/functions/_nsenter /usr/share/zsh/5.9/functions/_nslookup /usr/share/zsh/5.9/functions/_numbers /usr/share/zsh/5.9/functions/_numfmt /usr/share/zsh/5.9/functions/_nvram /usr/share/zsh/5.9/functions/_objdump /usr/share/zsh/5.9/functions/_object_classes /usr/share/zsh/5.9/functions/_object_files /usr/share/zsh/5.9/functions/_obsd_architectures /usr/share/zsh/5.9/functions/_od /usr/share/zsh/5.9/functions/_okular /usr/share/zsh/5.9/functions/_oldlist /usr/share/zsh/5.9/functions/_open /usr/share/zsh/5.9/functions/_openstack /usr/share/zsh/5.9/functions/_opkg /usr/share/zsh/5.9/functions/_options /usr/share/zsh/5.9/functions/_options_set /usr/share/zsh/5.9/functions/_options_unset /usr/share/zsh/5.9/functions/_opustools /usr/share/zsh/5.9/functions/_osascript /usr/share/zsh/5.9/functions/_osc /usr/share/zsh/5.9/functions/_other_accounts /usr/share/zsh/5.9/functions/_otool /usr/share/zsh/5.9/functions/_pack /usr/share/zsh/5.9/functions/_pandoc /usr/share/zsh/5.9/functions/_parameter /usr/share/zsh/5.9/functions/_parameters /usr/share/zsh/5.9/functions/_paste /usr/share/zsh/5.9/functions/_patch /usr/share/zsh/5.9/functions/_patchutils /usr/share/zsh/5.9/functions/_path_commands /usr/share/zsh/5.9/functions/_path_files /usr/share/zsh/5.9/functions/_pax /usr/share/zsh/5.9/functions/_pbcopy /usr/share/zsh/5.9/functions/_pbm /usr/share/zsh/5.9/functions/_pbuilder /usr/share/zsh/5.9/functions/_pdf /usr/share/zsh/5.9/functions/_pdftk /usr/share/zsh/5.9/functions/_perf /usr/share/zsh/5.9/functions/_perforce /usr/share/zsh/5.9/functions/_perl /usr/share/zsh/5.9/functions/_perl_basepods /usr/share/zsh/5.9/functions/_perl_modules /usr/share/zsh/5.9/functions/_perldoc /usr/share/zsh/5.9/functions/_pfctl /usr/share/zsh/5.9/functions/_pfexec /usr/share/zsh/5.9/functions/_pgids /usr/share/zsh/5.9/functions/_pgrep /usr/share/zsh/5.9/functions/_php /usr/share/zsh/5.9/functions/_physical_volumes /usr/share/zsh/5.9/functions/_pick_variant /usr/share/zsh/5.9/functions/_picocom /usr/share/zsh/5.9/functions/_pidof /usr/share/zsh/5.9/functions/_pids /usr/share/zsh/5.9/functions/_pine /usr/share/zsh/5.9/functions/_ping /usr/share/zsh/5.9/functions/_pip /usr/share/zsh/5.9/functions/_piuparts /usr/share/zsh/5.9/functions/_pkg_instance /usr/share/zsh/5.9/functions/_pkg-config /usr/share/zsh/5.9/functions/_pkg5 /usr/share/zsh/5.9/functions/_pkgadd /usr/share/zsh/5.9/functions/_pkgin /usr/share/zsh/5.9/functions/_pkginfo /usr/share/zsh/5.9/functions/_pkgrm /usr/share/zsh/5.9/functions/_pkgtool /usr/share/zsh/5.9/functions/_plutil /usr/share/zsh/5.9/functions/_pmap /usr/share/zsh/5.9/functions/_pon /usr/share/zsh/5.9/functions/_portaudit /usr/share/zsh/5.9/functions/_portlint /usr/share/zsh/5.9/functions/_portmaster /usr/share/zsh/5.9/functions/_ports /usr/share/zsh/5.9/functions/_portsnap /usr/share/zsh/5.9/functions/_postfix /usr/share/zsh/5.9/functions/_postgresql /usr/share/zsh/5.9/functions/_postscript /usr/share/zsh/5.9/functions/_powerd /usr/share/zsh/5.9/functions/_pr /usr/share/zsh/5.9/functions/_precommand /usr/share/zsh/5.9/functions/_prefix /usr/share/zsh/5.9/functions/_print /usr/share/zsh/5.9/functions/_printenv /usr/share/zsh/5.9/functions/_printers /usr/share/zsh/5.9/functions/_process_names /usr/share/zsh/5.9/functions/_procstat /usr/share/zsh/5.9/functions/_prompt /usr/share/zsh/5.9/functions/_prove /usr/share/zsh/5.9/functions/_prstat /usr/share/zsh/5.9/functions/_ps /usr/share/zsh/5.9/functions/_ps1234 /usr/share/zsh/5.9/functions/_pscp /usr/share/zsh/5.9/functions/_pspdf /usr/share/zsh/5.9/functions/_psutils /usr/share/zsh/5.9/functions/_ptree /usr/share/zsh/5.9/functions/_ptx /usr/share/zsh/5.9/functions/_pump /usr/share/zsh/5.9/functions/_putclip /usr/share/zsh/5.9/functions/_pv /usr/share/zsh/5.9/functions/_pwgen /usr/share/zsh/5.9/functions/_pydoc /usr/share/zsh/5.9/functions/_python /usr/share/zsh/5.9/functions/_python_modules /usr/share/zsh/5.9/functions/_qdbus /usr/share/zsh/5.9/functions/_qemu /usr/share/zsh/5.9/functions/_qiv /usr/share/zsh/5.9/functions/_qtplay /usr/share/zsh/5.9/functions/_quilt /usr/share/zsh/5.9/functions/_rake /usr/share/zsh/5.9/functions/_ranlib /usr/share/zsh/5.9/functions/_rar /usr/share/zsh/5.9/functions/_rcctl /usr/share/zsh/5.9/functions/_rclone /usr/share/zsh/5.9/functions/_rcs /usr/share/zsh/5.9/functions/_rdesktop /usr/share/zsh/5.9/functions/_read /usr/share/zsh/5.9/functions/_read_comp /usr/share/zsh/5.9/functions/_readelf /usr/share/zsh/5.9/functions/_readlink /usr/share/zsh/5.9/functions/_readshortcut /usr/share/zsh/5.9/functions/_rebootin /usr/share/zsh/5.9/functions/_redirect /usr/share/zsh/5.9/functions/_regex_arguments /usr/share/zsh/5.9/functions/_regex_words /usr/share/zsh/5.9/functions/_remote_files /usr/share/zsh/5.9/functions/_renice /usr/share/zsh/5.9/functions/_reprepro /usr/share/zsh/5.9/functions/_requested /usr/share/zsh/5.9/functions/_retrieve_cache /usr/share/zsh/5.9/functions/_retrieve_mac_apps /usr/share/zsh/5.9/functions/_ri /usr/share/zsh/5.9/functions/_rlogin /usr/share/zsh/5.9/functions/_rm /usr/share/zsh/5.9/functions/_rmdir /usr/share/zsh/5.9/functions/_route /usr/share/zsh/5.9/functions/_routing_domains /usr/share/zsh/5.9/functions/_routing_tables /usr/share/zsh/5.9/functions/_rpm /usr/share/zsh/5.9/functions/_rrdtool /usr/share/zsh/5.9/functions/_rsync /usr/share/zsh/5.9/functions/_rubber /usr/share/zsh/5.9/functions/_ruby /usr/share/zsh/5.9/functions/_run-help /usr/share/zsh/5.9/functions/_runit /usr/share/zsh/5.9/functions/_samba /usr/share/zsh/5.9/functions/_savecore /usr/share/zsh/5.9/functions/_say /usr/share/zsh/5.9/functions/_sbuild /usr/share/zsh/5.9/functions/_sc_usage /usr/share/zsh/5.9/functions/_sccs /usr/share/zsh/5.9/functions/_sched /usr/share/zsh/5.9/functions/_schedtool /usr/share/zsh/5.9/functions/_schroot /usr/share/zsh/5.9/functions/_scl /usr/share/zsh/5.9/functions/_scons /usr/share/zsh/5.9/functions/_screen /usr/share/zsh/5.9/functions/_script /usr/share/zsh/5.9/functions/_scselect /usr/share/zsh/5.9/functions/_scutil /usr/share/zsh/5.9/functions/_seafile /usr/share/zsh/5.9/functions/_sed /usr/share/zsh/5.9/functions/_selinux_contexts /usr/share/zsh/5.9/functions/_selinux_roles /usr/share/zsh/5.9/functions/_selinux_types /usr/share/zsh/5.9/functions/_selinux_users /usr/share/zsh/5.9/functions/_sep_parts /usr/share/zsh/5.9/functions/_seq /usr/share/zsh/5.9/functions/_sequence /usr/share/zsh/5.9/functions/_service /usr/share/zsh/5.9/functions/_services /usr/share/zsh/5.9/functions/_set /usr/share/zsh/5.9/functions/_set_command /usr/share/zsh/5.9/functions/_setfacl /usr/share/zsh/5.9/functions/_setopt /usr/share/zsh/5.9/functions/_setpriv /usr/share/zsh/5.9/functions/_setsid /usr/share/zsh/5.9/functions/_setup /usr/share/zsh/5.9/functions/_setxkbmap /usr/share/zsh/5.9/functions/_sh /usr/share/zsh/5.9/functions/_shasum /usr/share/zsh/5.9/functions/_showmount /usr/share/zsh/5.9/functions/_shred /usr/share/zsh/5.9/functions/_shuf /usr/share/zsh/5.9/functions/_shutdown /usr/share/zsh/5.9/functions/_signals /usr/share/zsh/5.9/functions/_signify /usr/share/zsh/5.9/functions/_sisu /usr/share/zsh/5.9/functions/_slabtop /usr/share/zsh/5.9/functions/_slrn /usr/share/zsh/5.9/functions/_smartmontools /usr/share/zsh/5.9/functions/_smit /usr/share/zsh/5.9/functions/_snoop /usr/share/zsh/5.9/functions/_socket /usr/share/zsh/5.9/functions/_sockstat /usr/share/zsh/5.9/functions/_softwareupdate /usr/share/zsh/5.9/functions/_sort /usr/share/zsh/5.9/functions/_source /usr/share/zsh/5.9/functions/_spamassassin /usr/share/zsh/5.9/functions/_split /usr/share/zsh/5.9/functions/_sqlite /usr/share/zsh/5.9/functions/_sqsh /usr/share/zsh/5.9/functions/_ss /usr/share/zsh/5.9/functions/_ssh /usr/share/zsh/5.9/functions/_ssh_hosts /usr/share/zsh/5.9/functions/_sshfs /usr/share/zsh/5.9/functions/_stat /usr/share/zsh/5.9/functions/_stdbuf /usr/share/zsh/5.9/functions/_stgit /usr/share/zsh/5.9/functions/_store_cache /usr/share/zsh/5.9/functions/_stow /usr/share/zsh/5.9/functions/_strace /usr/share/zsh/5.9/functions/_strftime /usr/share/zsh/5.9/functions/_strings /usr/share/zsh/5.9/functions/_strip /usr/share/zsh/5.9/functions/_stty /usr/share/zsh/5.9/functions/_su /usr/share/zsh/5.9/functions/_sub_commands /usr/share/zsh/5.9/functions/_sublimetext /usr/share/zsh/5.9/functions/_subscript /usr/share/zsh/5.9/functions/_subversion /usr/share/zsh/5.9/functions/_sudo /usr/share/zsh/5.9/functions/_suffix_alias_files /usr/share/zsh/5.9/functions/_surfraw /usr/share/zsh/5.9/functions/_SUSEconfig /usr/share/zsh/5.9/functions/_svcadm /usr/share/zsh/5.9/functions/_svccfg /usr/share/zsh/5.9/functions/_svcprop /usr/share/zsh/5.9/functions/_svcs /usr/share/zsh/5.9/functions/_svcs_fmri /usr/share/zsh/5.9/functions/_svn-buildpackage /usr/share/zsh/5.9/functions/_sw_vers /usr/share/zsh/5.9/functions/_swaks /usr/share/zsh/5.9/functions/_swanctl /usr/share/zsh/5.9/functions/_swift /usr/share/zsh/5.9/functions/_sys_calls /usr/share/zsh/5.9/functions/_sysclean /usr/share/zsh/5.9/functions/_sysctl /usr/share/zsh/5.9/functions/_sysmerge /usr/share/zsh/5.9/functions/_syspatch /usr/share/zsh/5.9/functions/_sysrc /usr/share/zsh/5.9/functions/_sysstat /usr/share/zsh/5.9/functions/_systat /usr/share/zsh/5.9/functions/_system_profiler /usr/share/zsh/5.9/functions/_sysupgrade /usr/share/zsh/5.9/functions/_tac /usr/share/zsh/5.9/functions/_tags /usr/share/zsh/5.9/functions/_tail /usr/share/zsh/5.9/functions/_tar /usr/share/zsh/5.9/functions/_tar_archive /usr/share/zsh/5.9/functions/_tardy /usr/share/zsh/5.9/functions/_tcpdump /usr/share/zsh/5.9/functions/_tcpsys /usr/share/zsh/5.9/functions/_tcptraceroute /usr/share/zsh/5.9/functions/_tee /usr/share/zsh/5.9/functions/_telnet /usr/share/zsh/5.9/functions/_terminals /usr/share/zsh/5.9/functions/_tex /usr/share/zsh/5.9/functions/_texi /usr/share/zsh/5.9/functions/_texinfo /usr/share/zsh/5.9/functions/_tidy /usr/share/zsh/5.9/functions/_tiff /usr/share/zsh/5.9/functions/_tilde /usr/share/zsh/5.9/functions/_tilde_files /usr/share/zsh/5.9/functions/_time_zone /usr/share/zsh/5.9/functions/_timeout /usr/share/zsh/5.9/functions/_tin /usr/share/zsh/5.9/functions/_tla /usr/share/zsh/5.9/functions/_tload /usr/share/zsh/5.9/functions/_tmux /usr/share/zsh/5.9/functions/_todo.sh /usr/share/zsh/5.9/functions/_toilet /usr/share/zsh/5.9/functions/_toolchain-source /usr/share/zsh/5.9/functions/_top /usr/share/zsh/5.9/functions/_topgit /usr/share/zsh/5.9/functions/_totd /usr/share/zsh/5.9/functions/_touch /usr/share/zsh/5.9/functions/_tpb /usr/share/zsh/5.9/functions/_tput /usr/share/zsh/5.9/functions/_tr /usr/share/zsh/5.9/functions/_tracepath /usr/share/zsh/5.9/functions/_transmission /usr/share/zsh/5.9/functions/_trap /usr/share/zsh/5.9/functions/_trash /usr/share/zsh/5.9/functions/_tree /usr/share/zsh/5.9/functions/_truncate /usr/share/zsh/5.9/functions/_truss /usr/share/zsh/5.9/functions/_tty /usr/share/zsh/5.9/functions/_ttyctl /usr/share/zsh/5.9/functions/_ttys /usr/share/zsh/5.9/functions/_tune2fs /usr/share/zsh/5.9/functions/_twidge /usr/share/zsh/5.9/functions/_twisted /usr/share/zsh/5.9/functions/_typeset /usr/share/zsh/5.9/functions/_ulimit /usr/share/zsh/5.9/functions/_uml /usr/share/zsh/5.9/functions/_umountable /usr/share/zsh/5.9/functions/_unace /usr/share/zsh/5.9/functions/_uname /usr/share/zsh/5.9/functions/_unexpand /usr/share/zsh/5.9/functions/_unhash /usr/share/zsh/5.9/functions/_uniq /usr/share/zsh/5.9/functions/_unison /usr/share/zsh/5.9/functions/_units /usr/share/zsh/5.9/functions/_unshare /usr/share/zsh/5.9/functions/_update-alternatives /usr/share/zsh/5.9/functions/_update-rc.d /usr/share/zsh/5.9/functions/_uptime /usr/share/zsh/5.9/functions/_urls /usr/share/zsh/5.9/functions/_urpmi /usr/share/zsh/5.9/functions/_urxvt /usr/share/zsh/5.9/functions/_usbconfig /usr/share/zsh/5.9/functions/_uscan /usr/share/zsh/5.9/functions/_user_admin /usr/share/zsh/5.9/functions/_user_at_host /usr/share/zsh/5.9/functions/_user_expand /usr/share/zsh/5.9/functions/_user_math_func /usr/share/zsh/5.9/functions/_users /usr/share/zsh/5.9/functions/_users_on /usr/share/zsh/5.9/functions/_valgrind /usr/share/zsh/5.9/functions/_value /usr/share/zsh/5.9/functions/_values /usr/share/zsh/5.9/functions/_vared /usr/share/zsh/5.9/functions/_vars /usr/share/zsh/5.9/functions/_vcs_info /usr/share/zsh/5.9/functions/_vcs_info_hooks /usr/share/zsh/5.9/functions/_vi /usr/share/zsh/5.9/functions/_vim /usr/share/zsh/5.9/functions/_vim-addons /usr/share/zsh/5.9/functions/_visudo /usr/share/zsh/5.9/functions/_vmctl /usr/share/zsh/5.9/functions/_vmstat /usr/share/zsh/5.9/functions/_vnc /usr/share/zsh/5.9/functions/_volume_groups /usr/share/zsh/5.9/functions/_vorbis /usr/share/zsh/5.9/functions/_vpnc /usr/share/zsh/5.9/functions/_vserver /usr/share/zsh/5.9/functions/_w /usr/share/zsh/5.9/functions/_w3m /usr/share/zsh/5.9/functions/_wait /usr/share/zsh/5.9/functions/_wajig /usr/share/zsh/5.9/functions/_wakeup_capable_devices /usr/share/zsh/5.9/functions/_wanna-build /usr/share/zsh/5.9/functions/_wanted /usr/share/zsh/5.9/functions/_watch /usr/share/zsh/5.9/functions/_watch-snoop /usr/share/zsh/5.9/functions/_wc /usr/share/zsh/5.9/functions/_webbrowser /usr/share/zsh/5.9/functions/_wget /usr/share/zsh/5.9/functions/_whereis /usr/share/zsh/5.9/functions/_which /usr/share/zsh/5.9/functions/_who /usr/share/zsh/5.9/functions/_whois /usr/share/zsh/5.9/functions/_widgets /usr/share/zsh/5.9/functions/_wiggle /usr/share/zsh/5.9/functions/_wipefs /usr/share/zsh/5.9/functions/_wpa_cli /usr/share/zsh/5.9/functions/_x_arguments /usr/share/zsh/5.9/functions/_x_borderwidth /usr/share/zsh/5.9/functions/_x_color /usr/share/zsh/5.9/functions/_x_colormapid /usr/share/zsh/5.9/functions/_x_cursor /usr/share/zsh/5.9/functions/_x_display /usr/share/zsh/5.9/functions/_x_extension /usr/share/zsh/5.9/functions/_x_font /usr/share/zsh/5.9/functions/_x_geometry /usr/share/zsh/5.9/functions/_x_keysym /usr/share/zsh/5.9/functions/_x_locale /usr/share/zsh/5.9/functions/_x_modifier /usr/share/zsh/5.9/functions/_x_name /usr/share/zsh/5.9/functions/_x_resource /usr/share/zsh/5.9/functions/_x_selection_timeout /usr/share/zsh/5.9/functions/_x_title /usr/share/zsh/5.9/functions/_x_utils /usr/share/zsh/5.9/functions/_x_visual /usr/share/zsh/5.9/functions/_x_window /usr/share/zsh/5.9/functions/_xargs /usr/share/zsh/5.9/functions/_xauth /usr/share/zsh/5.9/functions/_xautolock /usr/share/zsh/5.9/functions/_xclip /usr/share/zsh/5.9/functions/_xcode-select /usr/share/zsh/5.9/functions/_xdvi /usr/share/zsh/5.9/functions/_xfig /usr/share/zsh/5.9/functions/_xft_fonts /usr/share/zsh/5.9/functions/_xinput /usr/share/zsh/5.9/functions/_xloadimage /usr/share/zsh/5.9/functions/_xmlsoft /usr/share/zsh/5.9/functions/_xmlstarlet /usr/share/zsh/5.9/functions/_xmms2 /usr/share/zsh/5.9/functions/_xmodmap /usr/share/zsh/5.9/functions/_xournal /usr/share/zsh/5.9/functions/_xpdf /usr/share/zsh/5.9/functions/_xrandr /usr/share/zsh/5.9/functions/_xscreensaver /usr/share/zsh/5.9/functions/_xset /usr/share/zsh/5.9/functions/_xt_arguments /usr/share/zsh/5.9/functions/_xt_session_id /usr/share/zsh/5.9/functions/_xterm /usr/share/zsh/5.9/functions/_xv /usr/share/zsh/5.9/functions/_xwit /usr/share/zsh/5.9/functions/_xxd /usr/share/zsh/5.9/functions/_xz /usr/share/zsh/5.9/functions/_yafc /usr/share/zsh/5.9/functions/_yast /usr/share/zsh/5.9/functions/_yodl /usr/share/zsh/5.9/functions/_yp /usr/share/zsh/5.9/functions/_yum /usr/share/zsh/5.9/functions/_zargs /usr/share/zsh/5.9/functions/_zattr /usr/share/zsh/5.9/functions/_zcalc /usr/share/zsh/5.9/functions/_zcalc_line /usr/share/zsh/5.9/functions/_zcat /usr/share/zsh/5.9/functions/_zcompile /usr/share/zsh/5.9/functions/_zdump /usr/share/zsh/5.9/functions/_zeal /usr/share/zsh/5.9/functions/_zed /usr/share/zsh/5.9/functions/_zfs /usr/share/zsh/5.9/functions/_zfs_dataset /usr/share/zsh/5.9/functions/_zfs_pool /usr/share/zsh/5.9/functions/_zftp /usr/share/zsh/5.9/functions/_zip /usr/share/zsh/5.9/functions/_zle /usr/share/zsh/5.9/functions/_zlogin /usr/share/zsh/5.9/functions/_zmodload /usr/share/zsh/5.9/functions/_zmv /usr/share/zsh/5.9/functions/_zoneadm /usr/share/zsh/5.9/functions/_zones /usr/share/zsh/5.9/functions/_zparseopts /usr/share/zsh/5.9/functions/_zpty /usr/share/zsh/5.9/functions/_zsh /usr/share/zsh/5.9/functions/_zsh-mime-handler /usr/share/zsh/5.9/functions/_zsocket /usr/share/zsh/5.9/functions/_zstyle /usr/share/zsh/5.9/functions/_ztodo /usr/share/zsh/5.9/functions/_zypper ) 
17465955493>u compaudit:61> [[ -n /usr/share/zsh/5.9/functions ]]
17465955493>u compaudit:62> [[ 1127 -lt 20 || /usr/share/zsh/5.9/functions = */Base || -d /usr/share/zsh/5.9/functions/Base ]]
17465955493>u compaudit:84> [[ ask == use ]]
17465955493>u compaudit:88> local _i_owners=u0u501
17465955493>u compaudit:91> local -a _i_exes
17465955493>u compaudit:92> _i_exes=( /proc/17334/exe /proc/17334/object/a.out ) 
17465955493>u compaudit:96> local _i_exe
17465955493>u compaudit:101> _i_exe=/proc/17334/exe
17465955493>u compaudit:102> [[ -e /proc/17334/exe ]]
17465955493>u compaudit:101> _i_exe=/proc/17334/object/a.out
17465955493>u compaudit:102> [[ -e /proc/17334/object/a.out ]]
17465955493>u compaudit:123> _i_wdirs=( ) 
17465955493>u compaudit:132> ((  0  ))
17465955493>u compaudit:146> [[ -f /etc/debian_version ]]
17465955493>u compaudit:153> _i_wdirs=( ) 
17465955493>u compaudit:154> _i_wfiles=( ) 
17465955493>u compaudit:156> case 0:0 (0:0)
17465955493>u compaudit:157> _i_q='' 
17465955493>u compaudit:163> [[ -n '' ]]
17465955493>u compaudit:170> return 0
17465955493>u compinit:480> autoload -RUz compdump compinstall
17465955493>u compinit:484> _i_done='' 
17465955493>u compinit:486> [[ -f /Users/peario/.config/zsh/.zcompdump ]]
17465955493>u compinit:487> [[ -n yes ]]
17465955493>u compinit:488> IFS=$' \t' 17465955493>u compinit:488> read -rA _i_line
17465955493>u compinit:489> [[ _i_autodump -eq 1 && 1127 -eq 1127 && 5.9 = 5.9 ]]
17465955493>u compinit:492> . /Users/peario/.config/zsh/.zcompdump
17465955493>u /Users/peario/.config/zsh/.zcompdump:3> _comps=( _arguments __arguments - _precommand -array-value- _value -assign-parameter- _assign -brace-parameter- _brace_parameter -command- _autocd -command-line- _normal -condition- _condition -default- _default -equal- _equal -first- _first -math- _math -parameter- _parameter -redirect- _redirect -redirect-,-default-,-default- _files '-redirect-,<,bunzip2' _bzip2 '-redirect-,<,bzip2' _bzip2 '-redirect-,<,compress' _compress '-redirect-,<,gunzip' _gzip '-redirect-,<,gzip' _gzip '-redirect-,<,uncompress' _compress '-redirect-,<,unxz' _xz '-redirect-,<,xz' _xz '-redirect-,>,bzip2' _bzip2 '-redirect-,>,compress' _compress '-redirect-,>,gzip' _gzip '-redirect-,>,xz' _xz -subscript- _subscript -tilde- _tilde -value- _value -value-,-default-,-command- _zargs -value-,-default-,-default- _value -value-,ADB_TRACE,-default- _adb -value-,ANDROID_LOG_TAGS,-default- _adb -value-,ANDROID_SERIAL,-default- _adb -value-,ANSIBLE_INVENTORY_ENABLED,-default- _ansible -value-,ANSIBLE_STDOUT_CALLBACK,-default- _ansible -value-,ANT_ARGS,-default- _ant -value-,CFLAGS,-default- _gcc -value-,CMAKE_GENERATOR,-default- _cmake -value-,CPPFLAGS,-default- _gcc -value-,CXXFLAGS,-default- _gcc -value-,DISPLAY,-default- _x_display -value-,GREP_OPTIONS,-default- _grep -value-,GZIP,-default- _gzip -value-,LANG,-default- _locales -value-,LANGUAGE,-default- _locales -value-,LD_DEBUG,-default- _ld_debug -value-,LDFLAGS,-default- _gcc -value-,LESS,-default- _less -value-,LESSCHARSET,-default- _less -value-,LOOPDEV_DEBUG,-default- _losetup -value-,LPDEST,-default- _printers -value-,MPD_HOST,-default _mpc -value-,P4CLIENT,-default- _perforce -value-,P4MERGE,-default- _perforce -value-,P4PORT,-default- _perforce -value-,P4USER,-default- _perforce -value-,PERLDOC,-default- _perldoc -value-,PRINTER,-default- _printers -value-,PROMPT,-default- _ps1234 -value-,PROMPT2,-default- _ps1234 -value-,PROMPT3,-default- _ps1234 -value-,PROMPT4,-default- _ps1234 -value-,PS1,-default- _ps1234 -value-,PS2,-default- _ps1234 -value-,PS3,-default- _ps1234 -value-,PS4,-default- _ps1234 -value-,RPROMPT,-default- _ps1234 -value-,RPROMPT2,-default- _ps1234 -value-,RPS1,-default- _ps1234 -value-,RPS2,-default- _ps1234 -value-,SPROMPT,-default- _ps1234 -value-,TERM,-default- _terminals -value-,TERMINFO_DIRS,-default- _dir_list -value-,TZ,-default- _time_zone -value-,VALGRIND_OPTS,-default- _valgrind -value-,WWW_HOME,-default- _urls -value-,XML_CATALOG_FILES,-default- _xmlsoft -value-,XZ_DEFAULTS,-default- _xz -value-,XZ_OPT,-default- _xz -vared- _in_vared -zcalc-line- _zcalc_line . _source 5g _go 5l _go 6g _go 6l _go 8g _go 8l _go a2dismod _a2utils a2dissite _a2utils a2enmod _a2utils a2ensite _a2utils a2ps _a2ps aaaa _hosts aap _aap abcde _abcde ack _ack ack-grep _ack ack-standalone _ack ack2 _ack acpi _acpi acpitool _acpitool acroread _acroread adb _adb add-zle-hook-widget _add-zle-hook-widget add-zsh-hook _add-zsh-hook admin _sccs afew _afew age _age ali _mh alias _alias amaya _webbrowser analyseplugin _analyseplugin android _android animate _imagemagick anno _mh ansible _ansible ansible-config _ansible ansible-console _ansible ansible-doc _ansible ansible-galaxy _ansible ansible-inventory _ansible ansible-playbook _ansible ansible-pull _ansible ansible-vault _ansible ant _ant antiword _antiword aodh _openstack aoss _precommand apache2ctl _apachectl apachectl _apachectl aplay _alsa-utils apm _apm appletviewer _java apropos _man apt _apt apt-cache _apt apt-cdrom _apt apt-config _apt apt-file _apt-file apt-get _apt apt-mark _apt apt-move _apt-move apt-show-versions _apt-show-versions aptitude _aptitude apvlv _pdf archlinux-java _archlinux-java arduino-ctags _ctags arecord _alsa-utils arena _webbrowser arp _arp arping _arping artisan _artisan asciidoctor _asciidoctor asciinema _asciinema ash _sh at _at atach _atach atq _at atrm _at attr _attr augtool _augeas auto-apt _auto-apt autoload _typeset avahi-browse _avahi avahi-browse-domains _avahi avahi-resolve _avahi avahi-resolve-address _avahi avahi-resolve-host-name _avahi avdmanager _avdmanager awk _awk axi-cache _axi-cache b2sum _md5sum barbican _openstack base32 _base64 base64 _base64 basename _basename basenc _basenc bash _bash batch _at baz _baz beadm _beadm beep _beep bg _jobs_bg bibtex _bibtex bindkey _bindkey bison _bison bitcoin-cli _bitcoin-cli bmake _make bogofilter _bogofilter bogotune _bogofilter bogoutil _bogofilter bower _bower bpython _bpython bpython-gtk _bpython bpython-urwid _bpython bpython2 _bpython bpython2-gtk _bpython bpython2-urwid _bpython bpython3 _bpython bpython3-gtk _bpython bpython3-urwid _bpython brctl _brctl bsdconfig _bsdconfig bsdgrep _grep bsdinstall _bsdinstall bsdtar _tar btdownloadcurses _bittorrent btdownloadgui _bittorrent btdownloadheadless _bittorrent btlaunchmany _bittorrent btlaunchmanycurses _bittorrent btmakemetafile _bittorrent btreannounce _bittorrent btrename _bittorrent btrfs _btrfs bts _bts btshowmetainfo _bittorrent bttrack _bittorrent bug _bug buildhash _ispell builtin _builtin bundle _bundle bunzip2 _bzip2 burst _mh bzcat _bzip2 bzegrep _grep bzfgrep _grep bzgrep _grep bzip2 _bzip2 bzip2recover _bzip2 bzr _bzr c++ _gcc cabal _cabal caffeinate _caffeinate cal _cal calendar _calendar cap _cap cask _cask cat _cat catchsegv _precommand cc _gcc ccache _ccache ccal _ccal cd _cd cdbs-edit-patch _cdbs-edit-patch cdc _sccs cdcd _cdcd cdr _cdr cdrdao _cdrdao cdrecord _cdrecord ceilometer _openstack certtool _gnutls cf _cf cftp _twisted chage _users chatblade _chatblade chattr _chattr chcon _chcon chdir _cd chflags _chflags chfn _users chgrp _chown chimera _webbrowser chkconfig _chkconfig chkstow _stow chmod _chmod choc _choc choom _choom chown _chown chpass _chsh chromium _chromium chroot _chroot chrt _chrt chsh _chsh ci _rcs cifsiostat _sysstat cinder _openstack ckeygen _twisted cksum _cksum clang _gcc clang-check _clang-check clang-format _clang-format clang-tidy _clang-tidy clang++ _gcc clay _clay clear _nothing cloudkitty _openstack clusterdb _postgresql cmake _cmake cmp _cmp co _rcs code _code coffee _coffee column _column comb _sccs combine _imagemagick combinediff _patchutils comm _comm command _command comp _mh compadd _compadd compdef _compdef composer _composer composer.phar _composer composite _imagemagick compress _compress conan _conan conch _twisted concourse _concourse config.status _configure configure _configure console _console convert _imagemagick coreadm _coreadm cowsay _cowsay cowthink _cowsay cp _cp cpio _cpio cplay _cplay cppcheck _cppcheck cpupower _cpupower createdb _pgsql_utils createuser _pgsql_utils crontab _crontab crsh _cssh cryptsetup _cryptsetup cscope _cscope csh _sh csplit _csplit cssh _cssh csup _csup ctags _ctags ctags-exuberant _ctags ctags-universal _ctags cu _cu curl _curl cut _cut cvs _cvs cvsup _cvsup cygcheck _cygcheck cygcheck.exe _cygcheck cygpath _cygpath cygpath.exe _cygpath cygrunsrv _cygrunsrv cygrunsrv.exe _cygrunsrv cygserver _cygserver cygserver.exe _cygserver cygstart _cygstart cygstart.exe _cygstart dad _dad dak _dak darcs _darcs dart _dart dash _sh date _date dbus-launch _dbus dbus-monitor _dbus dbus-send _dbus dch _debchange dchroot _dchroot dchroot-dsa _dchroot-dsa dconf _dconf dcop _dcop dcopclient _dcop dcopfind _dcop dcopobject _dcop dcopref _dcop dcopstart _dcop dcut _dcut dd _dd debchange _debchange debcheckout _debcheckout debdiff _debdiff debfoster _debfoster deborphan _deborphan debsign _debsign debsnap _debsnap debuild _debuild declare _typeset defaults _defaults delta _sccs designate _openstack devtodo _devtodo df _df dget _dget dhclient _dhclient dhclient3 _dhclient dhcpcd _dhcpcd dhcpinfo _dhcpinfo diana _diana dict _dict diff _diff diff3 _diff3 diffstat _diffstat dig _dig dillo _webbrowser dircmp _directories direnv _direnv dirs _dirs disable _disable disown _jobs_fg display _imagemagick dist _mh django-admin _django django-admin.py _django dkms _dkms dladm _dladm dlocate _dlocate dmake _make dmesg _dmesg dmidecode _dmidecode dnf _dnf dnf-2 _dnf dnf-3 _dnf do-release-upgrade _do-release-upgrade doas _doas docpad _docpad domainname _yp dos2unix _dos2unix dosdel _floppy dosread _floppy dpatch-edit-patch _dpatch-edit-patch dpkg _dpkg dpkg-buildpackage _dpkg-buildpackage dpkg-cross _dpkg-cross dpkg-deb _dpkg dpkg-query _dpkg dpkg-reconfigure _dpkg dpkg-repack _dpkg-repack dpkg-source _dpkg_source dput _dput drill _drill dropbox _dropbox dropdb _pgsql_utils dropuser _pgsql_utils drush _drush dscverify _dscverify dsh _dsh dtrace _dtrace dtruss _dtruss du _du dumpadm _dumpadm dumper _dumper dumper.exe _dumper dupload _dupload dvibook _dvi dviconcat _dvi dvicopy _dvi dvidvi _dvi dvipdf _dvi dvips _dvi dviselect _dvi dvitodvi _dvi dvitype _dvi dwb _webbrowser e2label _e2label eatmydata _precommand ecasound _ecasound ecdsautil _ecdsautil echotc _echotc echoti _echoti ed _ed egrep _grep elfdump _elfdump elinks _elinks emacs _emacs emacsclient _emacsclient emulate _emulate emulator _emulator enable _enable enscript _enscript entr _entr env _env envdir _envdir eog _eog epdfview _pdf epsffit _psutils erb _ruby espeak _espeak etags _etags ethtool _ethtool eu-nm _nm eu-objdump _objdump eu-readelf _readelf eu-strings _strings eval _precommand eview _vim evim _vim evince _evince ex _vi exec _exec expand _unexpand explodepkg _pkgtool export _typeset exportfs _exportfs express _webbrowser extcheck _java extractres _psutils fab _fab fail2ban-client _fail2ban-client fakeroot _fakeroot false _nothing fast-theme _fast-theme fc _fc fc-list _xft_fonts fc-match _xft_fonts feh _feh fetch _fetch fetchmail _fetchmail ffind _ffind ffmpeg _ffmpeg fg _jobs_fg fgrep _grep figlet _figlet filterdiff _patchutils find _find findaffix _ispell findmnt _findmnt finger _finger fink _fink firefox _mozilla fixdlsrps _psutils fixfmps _psutils fixmacps _psutils fixpsditps _psutils fixpspps _psutils fixscribeps _psutils fixtpps _psutils fixwfwps _psutils fixwpps _psutils fixwwps _psutils flac _flac fleetctl _fleetctl flex _flex flex++ _flex flipdiff _patchutils flist _mh flists _mh float _typeset flowadm _flowadm flutter _flutter fly _concourse fmadm _fmadm fmt _fmt fmttest _mh fned _zed fnext _mh fold _fold folder _mh folders _mh fortune _fortune forw _mh fprev _mh free _free freebsd-make _make freebsd-update _freebsd-update freezer _openstack fs_usage _fs_usage fsh _fsh fstat _fstat ftp _hosts functions _typeset fuser _fuser fusermount _fusermount fw_update _fw_update fwhois _whois fwupdmgr _fwupdmgr g++ _gcc galeon _webbrowser gas _gas gawk _awk gb2sum _md5sum gbase32 _base64 gbase64 _base64 gbasename _basename gcat _cat gcc _gcc gccgo _go gchgrp _chown gchmod _chmod gchown _chown gchroot _chroot gcksum _cksum gcmp _cmp gcomm _comm gcore _gcore gcp _cp gcut _cut gdate _date gdb _gdb gdd _dd gdf _df gdiff _diff gdu _du geany _geany gegrep _grep gem _gem genisoimage _genisoimage genv _env get _sccs getafm _psutils getclip _getclip getclip.exe _getclip getconf _getconf getent _getent getfacl _getfacl getfacl.exe _getfacl getfattr _attr getmail _getmail getopt _getopt getopts _vars gex _vim gexpand _unexpand gfgrep _grep gfind _find gfmt _fmt gfold _fold ggetopt _getopt ggrep _grep ggv _gnome-gv ghc _ghc ghc-pkg _ghc ghci _ghc ghead _head ghostscript _ghostscript ghostview _pspdf gid _id ginstall _install gist _gist git _git git-buildpackage _git-buildpackage git-cvsserver _git git-flow _git-flow git-pulls _git-pulls git-receive-pack _git git-revise _git-revise git-shell _git git-upload-archive _git git-upload-pack _git git-wtf _git-wtf gitk _git gjoin _join glance _openstack glances _glances gln _ln global _global glocate _locate gls _ls gm _graphicsmagick gmake _make gmd5sum _md5sum gmkdir _mkdir gmkfifo _mkfifo gmknod _mknod gmktemp _mktemp gmplayer _mplayer gmv _mv gnl _nl gnocchi _openstack gnome-gv _gnome-gv gnumfmt _numfmt gnupod_addsong _gnupod gnupod_addsong.pl _gnupod gnupod_check _gnupod gnupod_check.pl _gnupod gnupod_INIT _gnupod gnupod_INIT.pl _gnupod gnupod_search _gnupod gnupod_search.pl _gnupod gnutls-cli _gnutls gnutls-cli-debug _gnutls gnutls-serv _gnutls go _golang god _od gofmt _go google _google gpasswd _gpasswd gpaste _paste gpatch _patch gpg _gpg gpg-zip _gpg gpg2 _gpg gpgconf _gpgconf gpgv _gpg gphoto2 _gphoto2 gprintenv _printenv gprof _gprof gqview _gqview gradle _gradle gradlew _gradle grail _webbrowser greadlink _readlink grep _grep grep-excuses _grep-excuses grepdiff _patchutils grm _rm grmdir _rmdir groff _groff groupadd _user_admin groupdel _groups groupmod _user_admin groups _users growisofs _growisofs grpcurl _grpcurl gs _ghostscript gsbj _pspdf gsdj _pspdf gsdj500 _pspdf gsed _sed gseq _seq gsettings _gsettings gsha1sum _md5sum gsha224sum _md5sum gsha256sum _md5sum gsha384sum _md5sum gsha512sum _md5sum gshred _shred gshuf _shuf gslj _pspdf gslp _pspdf gsnd _pspdf gsort _sort gsplit _split gstat _gstat gstdbuf _stdbuf gstrings _strings gstty _stty gsum _cksum gtac _tac gtail _tail gtar _tar gtee _tee gtimeout _timeout gtk-launch _gtk-launch gtk4-launch _gtk-launch gtouch _touch gtr _tr gtty _tty guilt _guilt guilt-add _guilt guilt-applied _guilt guilt-delete _guilt guilt-files _guilt guilt-fold _guilt guilt-fork _guilt guilt-header _guilt guilt-help _guilt guilt-import _guilt guilt-import-commit _guilt guilt-init _guilt guilt-new _guilt guilt-next _guilt guilt-patchbomb _guilt guilt-pop _guilt guilt-prev _guilt guilt-push _guilt guilt-rebase _guilt guilt-refresh _guilt guilt-rm _guilt guilt-series _guilt guilt-status _guilt guilt-top _guilt guilt-unapplied _guilt guname _uname gunexpand _unexpand guniq _uniq gunzip _gzip guptime _uptime gv _gv gview _vim gvim _vim gvimdiff _vim gwc _wc gwho _who gxargs _xargs gzcat _gzip gzegrep _grep gzfgrep _grep gzgrep _grep gzilla _webbrowser gzip _gzip hash _hash hd _hexdump hdiutil _hdiutil head _head heat _openstack hello _hello help _sccs hexdump _hexdump hilite _precommand histed _zed history _fc hledger _hledger homestead _homestead host _host hostname _hostname hotjava _webbrowser htop _htop http _httpie https _httpie hwinfo _hwinfo ibus _ibus iceweasel _mozilla icombine _ispell iconv _iconv iconvconfig _iconvconfig id _id identify _imagemagick ifconfig _ifconfig ifdown _net_interfaces iftop _iftop ifup _net_interfaces ijoin _ispell import _imagemagick inc _mh include-what-you-use _include-what-you-use includeres _psutils inetadm _inetadm info _texinfo infocmp _terminals initctl _initctl initdb _pgsql_utils insmod _modutils install _install install-info _texinfo installpkg _pkgtool integer _typeset interdiff _patchutils invoke-rc.d _invoke-rc.d inxi _inxi ionice _ionice iostat _iostat ip _ip ip6tables _iptables ip6tables-restore _iptables ip6tables-save _iptables ipadm _ipadm ipfw _ipfw ipkg _opkg ipsec _ipsec ipset _ipset iptables _iptables iptables-restore _iptables iptables-save _iptables irb _ruby ironic _openstack irssi _irssi isag _sysstat ispell _ispell iwconfig _iwconfig iwyu _include-what-you-use jadetex _tex jail _jail jar _java jarsigner _java java _java javac _java javadoc _java javah _java javap _java jdb _java jest _jest jest.js _jest jexec _jexec jls _jls jmeter _jmeter jmeter-plugins _jmeter-plugins jobs _jobs_builtin joe _joe join _join jonas _jonas jot _jot jq _jq jrnl _jrnl kak _kak kdeconnect-cli _kdeconnect kdump _kdump keystone _openstack keytool _java kfmclient _kfmclient kill _kill killall _killall killall5 _killall kioclient _kfmclient kitchen _kitchen kldload _kld kldunload _kld knife _knife knock _knock konqueror _webbrowser kpartx _kpartx kpdf _pdf ksh _sh ksh88 _sh ksh93 _sh ktrace _ktrace kvno _kvno l3build _l3build last _last lastb _last latex _tex latexmk _tex ldap _ldap ldconfig _ldconfig ldconfig.real _ldconfig ldd _ldd less _less let _math lftp _ncftp lha _lha light _webbrowser lighty-disable-mod _lighttpd lighty-enable-mod _lighttpd lilypond _lilypond limit _limit links _links links2 _links lintian _lintian lintian-info _lintian linux _uml lldb _lldb llvm-g++ _gcc llvm-gcc _gcc llvm-objdump _objdump llvm-otool _otool ln _ln loadkeys _loadkeys local _typeset locale _locale localedef _localedef locate _locate logger _logger logname _nothing look _look losetup _losetup lp _lp lpadmin _lp lpinfo _lp lpoptions _lp lpq _lp lpr _lp lprm _lp lpstat _lp ls _ls lsattr _lsattr lsblk _lsblk lscfg _lscfg lscpu _lscpu lsdev _lsdev lsdiff _patchutils lslv _lslv lsmod _modutils lsns _lsns lsof _lsof lspv _lspv lsusb _lsusb lsvg _lsvg ltrace _ltrace lua _lua luarocks _luarocks lunchy _lunchy lynx _lynx lz4 _lz4 lz4c _lz4 lz4c32 _lz4 lz4cat _lz4 lzcat _xz lzma _xz lzop _lzop m-a _module-assistant mac2unix _dos2unix madison _madison magnum _openstack mail _mail Mail _mail mailx _mail make _make make-kpkg _make-kpkg makeinfo _texinfo makepkg _pkgtool man _man manage.py _django manila _openstack mark _mh mat _mat mat2 _mat2 matlab _matlab mattrib _mtools mc _mc mcd _mtools mcopy _mtools md2 _cksum md4 _cksum md5 _cksum md5sum _md5sum mdadm _mdadm mdel _mtools mdeltree _mtools mdfind _mdfind mdir _mtools mdls _mdls mdu _mtools mdutil _mdutil members _members mencal _mencal mere _mere merge _rcs mergechanges _mergechanges metaflac _flac mformat _mtools mgv _pspdf mhfixmsg _mh mhlist _mh mhmail _mh mhn _mh mhparam _mh mhpath _mh mhshow _mh mhstore _mh middleman _middleman mii-tool _mii-tool mina _mina mistral _openstack mix _mix mixerctl _mixerctl mkcert _mkcert mkdir _mkdir mkfifo _mkfifo mkisofs _growisofs mknod _mknod mksh _sh mkshortcut _mkshortcut mkshortcut.exe _mkshortcut mktemp _mktemp mktunes _gnupod mktunes.pl _gnupod mkzsh _mkzsh mkzsh.exe _mkzsh mlabel _mtools mlocate _locate mmd _mtools mmm _webbrowser mmount _mtools mmove _mtools modinfo _modutils modprobe _modutils module _module module-assistant _module-assistant mogrify _imagemagick monasca _openstack mondoarchive _mondo montage _imagemagick moosic _moosic Mosaic _webbrowser mosh _mosh mount _mount mozilla _mozilla mozilla-firefox _mozilla mozilla-xremote-client _mozilla mpc _mpc mplayer _mplayer mpstat _sysstat mr _myrepos mrd _mtools mread _mtools mren _mtools msgchk _mh mssh _mssh mt _mt mtn _monotone mtoolstest _mtools mtr _mtr mtype _mtools mullvad _mullvad munchlist _ispell mupdf _mupdf murano _openstack mush _mail mussh _mussh mutt _mutt mux _tmuxinator mv _mv mvim _vim mvn _mvn mvnDebug _mvn mx _hosts mysql _mysql_utils mysqladmin _mysql_utils mysqldiff _mysqldiff mysqldump _mysql_utils mysqlimport _mysql_utils mysqlshow _mysql_utils nail _mail nano _nano nanoc _nanoc native2ascii _java nautilus _nautilus nawk _awk nc _netcat ncal _cal ncftp _ncftp ncl _nedit nedit _nedit nedit-nc _nedit neo _neo neofetch _neofetch netcat _netcat netrik _webbrowser netscape _netscape netstat _netstat networkQuality _networkQuality networksetup _networksetup neutron _openstack new _mh newgrp _groups next _mh nft _nftables nginx _nginx ngrep _ngrep nice _nice nkf _nkf nl _nl nm _nm nmap _nmap nmblookup _samba nmcli _networkmanager nocorrect _precommand node _node noglob _precommand nohup _precommand nova _openstack npm _npm ns _hosts nsenter _nsenter nslookup _nslookup ntalk _other_accounts numfmt _numfmt nvim _vim nvm _nvm nvram _nvram objdump _objdump od _od odme _object_classes odmget _object_classes odmshow _object_classes ogg123 _vorbis oggdec _vorbis oggenc _vorbis ogginfo _vorbis oksh _sh okular _okular open _open openssl _openssl openstack _openstack openvpn3 _openvpn3 opera _webbrowser opera-next _webbrowser opkg _opkg optirun _optirun opusdec _opustools opusenc _opustools opusinfo _opustools osascript _osascript osc _osc otool _otool p4 _perforce p4d _perforce pack _pack packf _mh pandoc _pandoc parsehdlist _urpmi passwd _users paste _paste patch _patch patool _patool pax _pax pbcopy _pbcopy pbpaste _pbcopy pbuilder _pbuilder pcat _pack pcp-htop _htop pcred _pids pdf2dsc _pdf pdf2ps _pdf pdffonts _pdf pdfimages _pdf pdfinfo _pdf pdfjadetex _tex pdflatex _tex pdfopt _pdf pdftex _tex pdftexi2dvi _texinfo pdftk _pdftk pdftopbm _pdf pdftops _pdf pdftotext _pdf pdksh _sh perf _perf periscope _periscope perl _perl perldoc _perldoc pfctl _pfctl pfexec _pfexec pfiles _pids pflags _pids pg_config _postgresql pg_ctl _postgresql pg_dump _pgsql_utils pg_dumpall _pgsql_utils pg_isready _postgresql pg_restore _pgsql_utils pg_upgrade _postgresql pgrep _pgrep phing _phing php _php pick _mh picocom _picocom pidof _pidof pidstat _sysstat pigz _gzip pine _pine pinef _pine pinfo _texinfo ping _ping ping6 _ping piuparts _piuparts pixz _pixz pkcon _pkcon pkg _pkg5 pkg_add _bsd_pkg pkg_create _bsd_pkg pkg_delete _bsd_pkg pkg_info _bsd_pkg pkg-config _pkg-config pkgadd _pkgadd pkgin _pkgin pkginfo _pkginfo pkgrm _pkgrm pkgtool _pkgtool pkill _pgrep play _play pldd _pids plutil _plutil pm2 _pm2 pmake _make pman _perl_modules pmap _pmap pmcat _perl_modules pmdesc _perl_modules pmeth _perl_modules pmexp _perl_modules pmfunc _perl_modules pmload _perl_modules pmls _perl_modules pmpath _perl_modules pmvers _perl_modules podgrep _perl_modules podpath _perl_modules podtoc _perl_modules poff _pon policytool _java pon _pon popd _directory_stack port _port portaudit _portaudit portlint _portlint portmaster _portmaster portsnap _portsnap postconf _postfix postgres _postgresql postmaster _postgresql postqueue _postfix postsuper _postfix powerd _powerd pr _pr pre-commit _pre-commit prev _mh print _print printenv _printenv printf _print procstat _procstat prompt _prompt protoc _protoc prove _prove prs _sccs prstat _prstat prt _sccs prun _pids ps _ps ps2ascii _pspdf ps2epsi _postscript ps2pdf _postscript ps2pdf12 _postscript ps2pdf13 _postscript ps2pdf14 _postscript ps2pdfwr _postscript ps2ps _postscript psbook _psutils pscp _pscp pscp.exe _pscp psed _sed psig _pids psmerge _psutils psmulti _postscript psnup _psutils psql _pgsql_utils psresize _psutils psselect _psutils pstack _pids pstoedit _pspdf pstop _pids pstops _psutils pstotgif _pspdf pswrap _postscript ptree _ptree ptx _ptx pump _pump pushd _cd putclip _putclip putclip.exe _putclip pv _pv pwait _pids pwdx _pids pwgen _pwgen pygmentize _pygmentize pyhtmlizer _twisted qdbus _qdbus qiv _qiv qmk _qmk qtplay _qtplay querybts _bug quilt _quilt r _fc rails _rails rake _rake ralio _ralio ranlib _ranlib rar _rar rc _sh rcctl _rcctl rclone _rclone rcp _rlogin rcs _rcs rcsdiff _rcs rdesktop _rdesktop rdfind _rdfind read _read readelf _readelf readlink _readlink readonly _typeset readshortcut _readshortcut readshortcut.exe _readshortcut rebootin _rebootin rec _redis-cli redis-cli _redis-cli refile _mh rehash _hash reindexdb _postgresql reload _initctl removepkg _pkgtool remsh _rlogin renice _renice repl _mh reportbug _bug reprepro _reprepro restart _initctl retawq _webbrowser rfkill _rfkill rgrep _grep rgview _vim rgvim _vim ri _ri rkt _rkt rlogin _rlogin rm _rm rmadison _madison rmd160 _cksum rmdel _sccs rmdir _rmdir rmf _mh rmic _java rmid _java rmiregistry _java rmlint _rmlint rmlint.sh _rmlint rmm _mh rmmod _modutils route _route rpm _rpm rpmbuild _rpm rpmkeys _rpm rpmquery _rpm rpmsign _rpm rpmspec _rpm rpmverify _rpm rrdtool _rrdtool rsh _rlogin rslsync _rslsync rspec _rspec rsvm _rsvm rsync _rsync rtin _tin rubber _rubber rubber-info _rubber rubber-pipe _rubber rubocop _rubocop ruby _ruby ruby-mri _ruby run-help _run-help rup _hosts rusage _precommand rview _vim rvim _vim rwho _hosts rxvt _urxvt s2p _sed sact _sccs sadf _sysstat sahara _openstack sar _sysstat savecore _savecore say _say sbt _sbt sbuild _sbuild sc_usage _sc_usage scala _scala scalac _scala scan _mh sccs _sccs sccsdiff _sccs sched _sched schedtool _schedtool schroot _schroot scl _scl scons _scons scp _ssh screen _screen screencapture _screencapture script _script scriptreplay _script scrub _scrub scselect _scselect scutil _scutil sdd _sdd sdkmanager _sdkmanager seaf-cli _seafile sed _sed senlin _openstack seq _seq serialver _java service _service set _set setcap _setcap setfacl _setfacl setfacl.exe _setfacl setfattr _attr setopt _setopt setpriv _setpriv setsid _setsid setxkbmap _setxkbmap sfdx _sfdx sftp _ssh sh _sh sha1 _cksum sha1sum _md5sum sha224sum _md5sum sha256 _cksum sha256sum _md5sum sha384 _cksum sha384sum _md5sum sha512 _cksum sha512sum _md5sum sha512t256 _cksum shallow-backup _shallow-backup shasum _shasum shellcheck _shellcheck shift _arrays show _mh showchar _psutils showmount _showmount showoff _showoff shred _shred shuf _shuf shutdown _shutdown signify _signify sisu _sisu skein1024 _cksum skein256 _cksum skein512 _cksum skipstone _webbrowser slabtop _slabtop slitex _tex slocate _locate slogin _ssh slrn _slrn smartctl _smartmontools smbclient _samba smbcontrol _samba smbstatus _samba smit _smit smitty _smit snoop _snoop soa _hosts socket _socket sockstat _sockstat softwareupdate _softwareupdate sort _sort sortm _mh source _source spamassassin _spamassassin split _split splitdiff _patchutils sqlite _sqlite sqlite3 _sqlite sqsh _sqsh sr _surfraw srm _srm srptool _gnutls ss _ss ssh _ssh ssh-add _ssh ssh-agent _ssh ssh-copy-id _ssh ssh-keygen _ssh ssh-keyscan _ssh sshfs _sshfs stack _stack star _tar start _initctl stat _stat status _initctl stdbuf _stdbuf stg _stgit stop _initctl stow _stow strace _strace strace64 _strace strftime _strftime strings _strings strip _strip strongswan _ipsec stty _stty su _su subl _sublimetext subliminal _subliminal sudo _sudo sudoedit _sudo sum _cksum supervisorctl _supervisorctl supervisord _supervisord surfraw _surfraw SuSEconfig _SUSEconfig sv _runit svcadm _svcadm svccfg _svccfg svcprop _svcprop svcs _svcs svm _svm svn _subversion svn-buildpackage _svn-buildpackage svnadmin _subversion svnadmin-static _subversion svnlite _subversion svnliteadmin _subversion sw_vers _sw_vers swaks _swaks swanctl _swanctl swift _swift swiftc _swift sync _nothing sysclean _sysclean sysctl _sysctl sysmerge _sysmerge syspatch _syspatch sysrc _sysrc systat _systat system_profiler _system_profiler sysupgrade _sysupgrade tac _tac tacker _openstack tail _tail talk _other_accounts tar _tar tardy _tardy tcp_open _tcpsys tcpdump _tcpdump tcptraceroute _tcptraceroute tcsh _sh tda _devtodo tdd _devtodo tde _devtodo tdr _devtodo teamocil _teamocil tee _tee telnet _telnet tex _tex texi2any _texinfo texi2dvi _texinfo texi2pdf _texinfo texindex _texinfo tg _topgit thor _thor tidy _tidy tig _git time _precommand timeout _timeout times _nothing tin _tin tkconch _twisted tkinfo _texinfo tla _tla tload _tload tmux _tmux tmuxinator _tmuxinator tmuxp _tmuxp todo _devtodo todo.sh _todo.sh toilet _toilet top _top totdconfig _totd touch _touch tox _tox tpb _tpb tpkg-debarch _toolchain-source tpkg-install _toolchain-source tpkg-install-libc _toolchain-source tpkg-make _toolchain-source tpkg-update _toolchain-source tput _tput tr _tr tracepath _tracepath tracepath6 _tracepath traceroute _hosts transmission-remote _transmission trap _trap trash _trash tree _tree trial _twisted trove _openstack true _nothing truncate _truncate truss _truss tryaffix _ispell ts-node _ts-node tsc _tsc tty _tty ttyctl _ttyctl tunctl _uml tune2fs _tune2fs tunes2pod _gnupod tunes2pod.pl _gnupod twidge _twidge twist _twisted twistd _twisted txt _hosts type _which typeset _typeset udisksctl _udisksctl ufw _ufw ulimit _ulimit uml_mconsole _uml uml_moo _uml uml_switch _uml umount _mount unace _unace unalias _aliases uname _uname uncompress _compress unexpand _unexpand unfunction _functions unget _sccs unhash _unhash uniq _uniq unison _unison units _units unix2dos _dos2unix unix2mac _dos2unix unlimit _limits unlz4 _lz4 unlzma _xz unpack _pack unpigz _gzip unrar _rar unset _vars unsetopt _setopt unshare _unshare unwrapdiff _patchutils unxz _xz unzip _zip update-alternatives _update-alternatives update-rc.d _update-rc.d upgradepkg _pkgtool uptime _uptime urpme _urpmi urpmf _urpmi urpmi _urpmi urpmi.addmedia _urpmi urpmi.removemedia _urpmi urpmi.update _urpmi urpmq _urpmi urxvt _urxvt urxvt256c _urxvt urxvt256c-ml _urxvt urxvt256c-mlc _urxvt urxvt256cc _urxvt urxvtc _urxvt usbconfig _usbconfig uscan _uscan useradd _user_admin userdel _users usermod _user_admin uuidgen _uuidgen vacuumdb _pgsql_utils val _sccs valgrind _valgrind vared _vared vboxheadless _virtualbox VBoxHeadless _virtualbox vboxmanage _virtualbox VBoxManage _virtualbox vcs_info_hookadd _vcs_info vcs_info_hookdel _vcs_info vi _vi view _vi vim _vim vim-addons _vim-addons vimdiff _vim virsh _libvirt virt-admin _libvirt virt-host-validate _libvirt virt-pki-validate _libvirt virt-xml-validate _libvirt visudo _visudo vitrage _openstack vmctl _vmctl vmstat _vmstat vncserver _vnc vncviewer _vnc vnstat _vnstat vorbiscomment _vorbis vpnc _vpnc vpnc-connect _vpnc vserver _vserver w _w w3m _w3m wait _wait wajig _wajig wanna-build _wanna-build watch _watch watcher _openstack wc _wc wemux _wemux wg-quick _wg-quick wget _wget what _sccs whatis _man whence _which where _which whereis _whereis which _which who _who whoami _nothing whois _whois whom _mh wiggle _wiggle wipefs _wipefs wodim _cdrecord wpa_cli _wpa_cli write _users_on www _webbrowser xargs _xargs xattr _attr xauth _xauth xautolock _xautolock xclip _xclip xcode-select _xcode-select xdpyinfo _x_utils xdvi _xdvi xelatex _tex xetex _tex xev _x_utils xfd _x_utils xfig _xfig xfontsel _x_utils xfreerdp _rdesktop xhost _x_utils xinput _xinput xkill _x_utils xli _xloadimage xloadimage _xloadimage xlsatoms _x_utils xlsclients _x_utils xml _xmlstarlet xmllint _xmlsoft xmlstarlet _xmlstarlet xmms2 _xmms2 xmodmap _xmodmap xmosaic _webbrowser xon _x_utils xournal _xournal xpdf _xpdf xping _hosts xprop _x_utils xrandr _xrandr xrdb _x_utils xscreensaver-command _xscreensaver xsel _xsel xset _xset xsetbg _xloadimage xsetroot _x_utils xsltproc _xmlsoft xterm _xterm xtightvncviewer _vnc xtp _imagemagick xv _xv xview _xloadimage xvnc4viewer _vnc xvncviewer _vnc xwd _x_utils xwininfo _x_utils xwit _xwit xwud _x_utils xxd _xxd xz _xz xzcat _xz yafc _yafc yarn _yarn yash _sh yast _yast yast2 _yast yfm _yfm ypbind _yp ypcat _yp ypmatch _yp yppasswd _yp yppoll _yp yppush _yp ypserv _yp ypset _yp ypwhich _yp ypxfr _yp ytalk _other_accounts yum _yum yumdb _yum zargs _zargs zcalc _zcalc zcash-cli _zcash-cli zcat _zcat zcompile _zcompile zcp _zmv zdb _zfs zdelattr _zattr zdump _zdump zeal _zeal zed _zed zegrep _grep zen _webbrowser zf_chgrp _chown zf_chmod _chmod zf_chown _chown zf_ln _ln zf_mkdir _mkdir zf_mv _mv zf_rm _rm zf_rmdir _rmdir zfgrep _grep zfs _zfs zgetattr _zattr zgrep _grep zinit _zinit zip _zip zipinfo _zip zle _zle zlistattr _zattr zln _zmv zlogin _zlogin zmail _mail zmodload _zmodload zmv _zmv zone _hosts zoneadm _zoneadm zparseopts _zparseopts zpool _zfs zpty _zpty zsetattr _zattr zsh _zsh zsh-mime-handler _zsh-mime-handler zsocket _zsocket zstat _stat zstyle _zstyle ztodo _ztodo zun _openstack zxpdf _xpdf zypper _zypper ) 
17465955493>u /Users/peario/.config/zsh/.zcompdump:1903> _services=( '-redirect-,<,bunzip2' bunzip2 '-redirect-,<,bzip2' bzip2 '-redirect-,<,compress' compress '-redirect-,<,gunzip' gunzip '-redirect-,<,gzip' gzip '-redirect-,<,uncompress' uncompress '-redirect-,<,unxz' unxz '-redirect-,<,xz' xz '-redirect-,>,bzip2' bunzip2 '-redirect-,>,compress' uncompress '-redirect-,>,gzip' gunzip '-redirect-,>,xz' unxz bzcat bunzip2 dch debchange gchgrp chgrp gchown chown gnupod_addsong.pl gnupod_addsong gnupod_check.pl gnupod_check gnupod_INIT.pl gnupod_INIT gnupod_search.pl gnupod_search gpg2 gpg gzcat gunzip https http iceweasel firefox lzcat unxz lzma xz Mail mail mailx mail mktunes.pl mktunes nail mail ncl nc nedit-nc nc pcat unpack remsh rsh slogin ssh svnadmin-static svnadmin svnlite svn svnliteadmin svnadmin tunes2pod.pl tunes2pod unlzma unxz vboxheadless vboxheadless VBoxHeadless vboxheadless vboxmanage vboxmanage VBoxManage vboxmanage xelatex latex xetex tex xzcat unxz zf_chgrp chgrp zf_chown chown ) 
17465955493>u /Users/peario/.config/zsh/.zcompdump:1955> _patcomps=( '*/(init|rc[0-9S]#).d/*' _init_d ) 
17465955493>u /Users/peario/.config/zsh/.zcompdump:1959> _postpatcomps=( '_*' _compadd '-value-,(ftp|http(|s))_proxy,-default-' _urls '-value-,*path,-default-' _directories '-value-,*PATH,-default-' _dir_list '-value-,CCACHE_*,-default-' _ccache '-value-,CGO*,-default-' _golang '-value-,GO*,-default-' _golang '-value-,LC_*,-default-' _locales '-value-,RUBY(LIB|OPT|PATH),-default-' _ruby '(p[bgpn]m*|*top[bgpn]m)' _pbm '(ruby|[ei]rb)[0-9.]#' _ruby '(texi(2*|ndex))' _texi '(tiff*|*2tiff|pal2rgb)' _tiff '*/X11(|R<4->)/*' _x_arguments 'c++-*' _gcc 'g++-*' _gcc 'gcc-*' _gcc 'gem[0-9.]#' _gem 'lua[0-9.-]##' _lua 'php[0-9.-]' _php 'pip[0-9.]#' _pip 'pydoc[0-9.]#' _pydoc 'python[0-9.]#' _python 'qemu(|-system-*)' _qemu 'rmlint.*.sh' _rmlint 'shasum(|5).*' _shasum 'yodl(|2*)' _yodl 'zf*' _zftp ) 
17465955493>u /Users/peario/.config/zsh/.zcompdump:1990> _compautos=( _call_program +X ) 
17465955493>u /Users/peario/.config/zsh/.zcompdump:1994> zle -C _bash_complete-word .complete-word _bash_completions
17465955493>u /Users/peario/.config/zsh/.zcompdump:1995> zle -C _bash_list-choices .list-choices _bash_completions
17465955493>u /Users/peario/.config/zsh/.zcompdump:1996> zle -C _complete_debug .complete-word _complete_debug
17465955493>u /Users/peario/.config/zsh/.zcompdump:1997> zle -C _complete_help .complete-word _complete_help
17465955493>u /Users/peario/.config/zsh/.zcompdump:1998> zle -C _complete_tag .complete-word _complete_tag
17465955493>u /Users/peario/.config/zsh/.zcompdump:1999> zle -C _correct_filename .complete-word _correct_filename
17465955493>u /Users/peario/.config/zsh/.zcompdump:2000> zle -C _correct_word .complete-word _correct_word
17465955493>u /Users/peario/.config/zsh/.zcompdump:2001> zle -C _expand_alias .complete-word _expand_alias
17465955493>u /Users/peario/.config/zsh/.zcompdump:2002> zle -C _expand_word .complete-word _expand_word
17465955493>u /Users/peario/.config/zsh/.zcompdump:2003> zle -C _history-complete-newer .complete-word _history_complete_word
17465955493>u /Users/peario/.config/zsh/.zcompdump:2004> zle -C _history-complete-older .complete-word _history_complete_word
17465955493>u /Users/peario/.config/zsh/.zcompdump:2005> zle -C _list_expansions .list-choices _expand_word
17465955493>u /Users/peario/.config/zsh/.zcompdump:2006> zle -C _most_recent_file .complete-word _most_recent_file
17465955493>u /Users/peario/.config/zsh/.zcompdump:2007> zle -C _next_tags .list-choices _next_tags
17465955493>u /Users/peario/.config/zsh/.zcompdump:2008> zle -C _read_comp .complete-word _read_comp
17465955493>u /Users/peario/.config/zsh/.zcompdump:2009> bindkey '^X^R' _read_comp
17465955493>u /Users/peario/.config/zsh/.zcompdump:2010> bindkey '^X?' _complete_debug
17465955493>u /Users/peario/.config/zsh/.zcompdump:2011> bindkey '^XC' _correct_filename
17465955493>u /Users/peario/.config/zsh/.zcompdump:2012> bindkey '^Xa' _expand_alias
17465955493>u /Users/peario/.config/zsh/.zcompdump:2013> bindkey '^Xc' _correct_word
17465955493>u /Users/peario/.config/zsh/.zcompdump:2014> bindkey '^Xd' _list_expansions
17465955493>u /Users/peario/.config/zsh/.zcompdump:2015> bindkey '^Xe' _expand_word
17465955493>u /Users/peario/.config/zsh/.zcompdump:2016> bindkey '^Xh' _complete_help
17465955493>u /Users/peario/.config/zsh/.zcompdump:2017> bindkey '^Xm' _most_recent_file
17465955493>u /Users/peario/.config/zsh/.zcompdump:2018> bindkey '^Xn' _next_tags
17465955493>u /Users/peario/.config/zsh/.zcompdump:2019> bindkey '^Xt' _complete_tag
17465955493>u /Users/peario/.config/zsh/.zcompdump:2020> bindkey '^X~' _bash_list-choices
17465955493>u /Users/peario/.config/zsh/.zcompdump:2021> bindkey '^[,' _history-complete-newer
17465955493>u /Users/peario/.config/zsh/.zcompdump:2022> bindkey '^[/' _history-complete-older
17465955493>u /Users/peario/.config/zsh/.zcompdump:2023> bindkey '^[~' _bash_complete-word
17465955493>u /Users/peario/.config/zsh/.zcompdump:2025> autoload -Uz _afew _age _android _archlinux-java _artisan _atach _avdmanager _bitcoin-cli _bower _bundle _cap _cask _ccache _cf _chatblade _choc _chromium _clang-check _clang-format _clang-tidy _cmake _coffee _conan _concourse _console _cppcheck _dad _dart _dget _dhcpcd _diana _direnv _do-release-upgrade _docpad _drush _ecdsautil _emacs _emacsclient _emulator _envdir _exportfs _fab _fail2ban-client _fast-theme _ffind _fleetctl _flutter _fwupdmgr _gas _ghc _gist _git-flow _git-pulls _git-revise _git-wtf _glances _golang _google _gpgconf _grpcurl _gtk-launch _hello _hledger _homestead _httpie _ibus _include-what-you-use _inxi _jest _jmeter _jmeter-plugins _jonas _jrnl _kak _kitchen _knife _l3build _language_codes _lilypond _lscpu _lunchy _mc _middleman _mina _mix _mkcert _mssh _mussh _mvn _nano _nanoc _neo _neofetch _networkQuality _nftables _node _nvm _openssl _openvpn3 _optirun _patool _periscope _pgsql_utils _phing _pixz _pkcon _play _pm2 _port _pre-commit _protoc _pygmentize _qmk _rails _ralio _rdfind _redis-cli _rfkill _rkt _rmlint _rslsync _rspec _rsvm _rubocop _sbt _scala _screencapture _scrub _sdd _sdkmanager _setcap _sfdx _shallow-backup _shellcheck _showoff _srm _stack _subliminal _supervisorctl _supervisord _svm _teamocil _thor _tmuxinator _tmuxp _tox _ts-node _tsc _udisksctl _ufw _uuidgen _virtualbox _vnstat _wemux _wg-quick _xsel _yarn _yfm _zcash-cli _zinit _mullvad __arguments _a2ps _a2utils _aap _abcde _absolute_command_paths _ack _acpi _acpitool _acroread _adb _add-zle-hook-widget _add-zsh-hook _alias _aliases _all_labels _all_matches _alsa-utils _alternative _analyseplugin _ansible _ant _antiword _apachectl _apm _approximate _apt _apt-file _apt-move _apt-show-versions _aptitude _arch_archives _arch_namespace _arg_compile _arguments _arp _arping _arrays _asciidoctor _asciinema _assign _at _attr _augeas _auto-apt _autocd _avahi _awk _axi-cache _base64 _basename _basenc _bash _bash_completions _baudrates _baz _be_name _beadm _beep _bibtex _bind_addresses _bindkey _bison _bittorrent _bogofilter _bpf_filters _bpython _brace_parameter _brctl _bsd_disks _bsd_pkg _bsdconfig _bsdinstall _btrfs _bts _bug _builtin _bzip2 _bzr _cabal _cache_invalid _caffeinate _cal _calendar _call_function _canonical_paths _capabilities _cat _ccal _cd _cdbs-edit-patch _cdcd _cdr _cdrdao _cdrecord _chattr _chcon _chflags _chkconfig _chmod _choom _chown _chroot _chrt _chsh _cksum _clay _cmdambivalent _cmdstring _cmp _code _column _combination _comm _command _command_names _comp_locale _compadd _compdef _complete _complete_debug _complete_help _complete_help_generic _complete_tag _completers _composer _compress _condition _configure _coreadm _correct _correct_filename _correct_word _cowsay _cp _cpio _cplay _cpupower _crontab _cryptsetup _cscope _csplit _cssh _csup _ctags _ctags_tags _cu _curl _cut _cvs _cvsup _cygcheck _cygpath _cygrunsrv _cygserver _cygstart _dak _darcs _date _date_formats _dates _dbus _dchroot _dchroot-dsa _dconf _dcop _dcut _dd _deb_architectures _deb_codenames _deb_files _deb_packages _debbugs_bugnumber _debchange _debcheckout _debdiff _debfoster _deborphan _debsign _debsnap _debuild _default _defaults _delimiters _describe _description _devtodo _df _dhclient _dhcpinfo _dict _dict_words _diff _diff_options _diff3 _diffstat _dig _dir_list _directories _directory_stack _dirs _disable _dispatch _django _dkms _dladm _dlocate _dmesg _dmidecode _dnf _dns_types _doas _domains _dos2unix _dpatch-edit-patch _dpkg _dpkg_source _dpkg-buildpackage _dpkg-cross _dpkg-repack _dput _drill _dropbox _dscverify _dsh _dtrace _dtruss _du _dumpadm _dumper _dupload _dvi _dynamic_directory_name _e2label _ecasound _echotc _echoti _ed _elfdump _elinks _email_addresses _emulate _enable _enscript _entr _env _eog _equal _espeak _etags _ethtool _evince _exec _expand _expand_alias _expand_word _extensions _external_pwds _fakeroot _fbsd_architectures _fbsd_device_types _fc _feh _fetch _fetchmail _ffmpeg _figlet _file_descriptors _file_flags _file_modes _file_systems _files _find _find_net_interfaces _findmnt _finger _fink _first _flac _flex _floppy _flowadm _fmadm _fmt _fold _fortune _free _freebsd-update _fs_usage _fsh _fstat _functions _fuse_arguments _fuse_values _fuser _fusermount _fw_update _gcc _gcore _gdb _geany _gem _generic _genisoimage _getclip _getconf _getent _getfacl _getmail _getopt _ghostscript _git _git-buildpackage _global _global_tags _globflags _globqual_delims _globquals _gnome-gv _gnu_generic _gnupod _gnutls _go _gpasswd _gpg _gphoto2 _gprof _gqview _gradle _graphicsmagick _grep _grep-excuses _groff _groups _growisofs _gsettings _gstat _guard _guilt _gv _gzip _hash _have_glob_qual _hdiutil _head _hexdump _history _history_complete_word _history_modifiers _host _hostname _hosts _htop _hwinfo _iconv _iconvconfig _id _ifconfig _iftop _ignored _imagemagick _in_vared _inetadm _init_d _initctl _install _invoke-rc.d _ionice _iostat _ip _ipadm _ipfw _ipsec _ipset _iptables _irssi _ispell _iwconfig _jail _jails _java _java_class _jexec _jls _jobs _jobs_bg _jobs_builtin _jobs_fg _joe _join _jot _jq _kdeconnect _kdump _kfmclient _kill _killall _kld _knock _kpartx _ktrace _ktrace_points _kvno _last _ld_debug _ldap _ldconfig _ldd _less _lha _libvirt _lighttpd _limit _limits _links _lintian _list _list_files _lldb _ln _loadkeys _locale _localedef _locales _locate _logger _logical_volumes _login_classes _look _losetup _lp _ls _lsattr _lsblk _lscfg _lsdev _lslv _lsns _lsof _lspv _lsusb _lsvg _ltrace _lua _luarocks _lynx _lz4 _lzop _mac_applications _mac_files_for_application _madison _mail _mailboxes _main_complete _make _make-kpkg _man _mat _mat2 _match _math _math_params _matlab _md5sum _mdadm _mdfind _mdls _mdutil _members _mencal _menu _mere _mergechanges _message _mh _mii-tool _mime_types _mixerctl _mkdir _mkfifo _mknod _mkshortcut _mktemp _mkzsh _module _module_math_func _module-assistant _modutils _mondo _monotone _moosic _mosh _most_recent_file _mount _mozilla _mpc _mplayer _mt _mtools _mtr _multi_parts _mupdf _mutt _mv _my_accounts _myrepos _mysql_utils _mysqldiff _nautilus _nbsd_architectures _ncftp _nedit _net_interfaces _netcat _netscape _netstat _networkmanager _networksetup _newsgroups _next_label _next_tags _nginx _ngrep _nice _nkf _nl _nm _nmap _normal _nothing _npm _nsenter _nslookup _numbers _numfmt _nvram _objdump _object_classes _object_files _obsd_architectures _od _okular _oldlist _open _openstack _opkg _options _options_set _options_unset _opustools _osascript _osc _other_accounts _otool _pack _pandoc _parameter _parameters _paste _patch _patchutils _path_commands _path_files _pax _pbcopy _pbm _pbuilder _pdf _pdftk _perf _perforce _perl _perl_basepods _perl_modules _perldoc _pfctl _pfexec _pgids _pgrep _php _physical_volumes _pick_variant _picocom _pidof _pids _pine _ping _pip _piuparts _pkg_instance _pkg-config _pkg5 _pkgadd _pkgin _pkginfo _pkgrm _pkgtool _plutil _pmap _pon _portaudit _portlint _portmaster _ports _portsnap _postfix _postgresql _postscript _powerd _pr _precommand _prefix _print _printenv _printers _process_names _procstat _prompt _prove _prstat _ps _ps1234 _pscp _pspdf _psutils _ptree _ptx _pump _putclip _pv _pwgen _pydoc _python _python_modules _qdbus _qemu _qiv _qtplay _quilt _rake _ranlib _rar _rcctl _rclone _rcs _rdesktop _read _read_comp _readelf _readlink _readshortcut _rebootin _redirect _regex_arguments _regex_words _remote_files _renice _reprepro _requested _retrieve_cache _retrieve_mac_apps _ri _rlogin _rm _rmdir _route _routing_domains _routing_tables _rpm _rrdtool _rsync _rubber _ruby _run-help _runit _samba _savecore _say _sbuild _sc_usage _sccs _sched _schedtool _schroot _scl _scons _screen _script _scselect _scutil _seafile _sed _selinux_contexts _selinux_roles _selinux_types _selinux_users _sep_parts _seq _sequence _service _services _set _set_command _setfacl _setopt _setpriv _setsid _setup _setxkbmap _sh _shasum _showmount _shred _shuf _shutdown _signals _signify _sisu _slabtop _slrn _smartmontools _smit _snoop _socket _sockstat _softwareupdate _sort _source _spamassassin _split _sqlite _sqsh _ss _ssh _ssh_hosts _sshfs _stat _stdbuf _stgit _store_cache _stow _strace _strftime _strings _strip _stty _su _sub_commands _sublimetext _subscript _subversion _sudo _suffix_alias_files _surfraw _SUSEconfig _svcadm _svccfg _svcprop _svcs _svcs_fmri _svn-buildpackage _sw_vers _swaks _swanctl _swift _sys_calls _sysclean _sysctl _sysmerge _syspatch _sysrc _sysstat _systat _system_profiler _sysupgrade _tac _tags _tail _tar _tar_archive _tardy _tcpdump _tcpsys _tcptraceroute _tee _telnet _terminals _tex _texi _texinfo _tidy _tiff _tilde _tilde_files _time_zone _timeout _tin _tla _tload _tmux _todo.sh _toilet _toolchain-source _top _topgit _totd _touch _tpb _tput _tr _tracepath _transmission _trap _trash _tree _truncate _truss _tty _ttyctl _ttys _tune2fs _twidge _twisted _typeset _ulimit _uml _umountable _unace _uname _unexpand _unhash _uniq _unison _units _unshare _update-alternatives _update-rc.d _uptime _urls _urpmi _urxvt _usbconfig _uscan _user_admin _user_at_host _user_expand _user_math_func _users _users_on _valgrind _value _values _vared _vars _vcs_info _vcs_info_hooks _vi _vim _vim-addons _visudo _vmctl _vmstat _vnc _volume_groups _vorbis _vpnc _vserver _w _w3m _wait _wajig _wakeup_capable_devices _wanna-build _wanted _watch _watch-snoop _wc _webbrowser _wget _whereis _which _who _whois _widgets _wiggle _wipefs _wpa_cli _x_arguments _x_borderwidth _x_color _x_colormapid _x_cursor _x_display _x_extension _x_font _x_geometry _x_keysym _x_locale _x_modifier _x_name _x_resource _x_selection_timeout _x_title _x_utils _x_visual _x_window _xargs _xauth _xautolock _xclip _xcode-select _xdvi _xfig _xft_fonts _xinput _xloadimage _xmlsoft _xmlstarlet _xmms2 _xmodmap _xournal _xpdf _xrandr _xscreensaver _xset _xt_arguments _xt_session_id _xterm _xv _xwit _xxd _xz _yafc _yast _yodl _yp _yum _zargs _zattr _zcalc _zcalc_line _zcat _zcompile _zdump _zeal _zed _zfs _zfs_dataset _zfs_pool _zftp _zip _zle _zlogin _zmodload _zmv _zoneadm _zones _zparseopts _zpty _zsh _zsh-mime-handler _zsocket _zstyle _ztodo _zypper
17465955493>u /Users/peario/.config/zsh/.zcompdump:2251> autoload -Uz +X _call_program
17465955493>u /Users/peario/.config/zsh/.zcompdump:2253> typeset -gUa _comp_assocs
17465955493>u /Users/peario/.config/zsh/.zcompdump:2254> _comp_assocs=( '' ) 
17465955493>u compinit:493> _i_done=yes 
17465955493>u compinit:517> [[ -z yes ]]
17465955493>u compinit:554> _i_line=complete-word
17465955493>u compinit:557> zle -C complete-word .complete-word _main_complete
17465955493>u compinit:554> _i_line=delete-char-or-list
17465955493>u compinit:557> zle -C delete-char-or-list .delete-char-or-list _main_complete
17465955493>u compinit:554> _i_line=expand-or-complete
17465955493>u compinit:557> zle -C expand-or-complete .expand-or-complete _main_complete
17465955493>u compinit:554> _i_line=expand-or-complete-prefix
17465955493>u compinit:557> zle -C expand-or-complete-prefix .expand-or-complete-prefix _main_complete
17465955493>u compinit:554> _i_line=list-choices
17465955493>u compinit:557> zle -C list-choices .list-choices _main_complete
17465955493>u compinit:554> _i_line=menu-complete
17465955493>u compinit:557> zle -C menu-complete .menu-complete _main_complete
17465955493>u compinit:554> _i_line=menu-expand-or-complete
17465955493>u compinit:557> zle -C menu-expand-or-complete .menu-expand-or-complete _main_complete
17465955493>u compinit:554> _i_line=reverse-menu-complete
17465955493>u compinit:557> zle -C reverse-menu-complete .reverse-menu-complete _main_complete
17465955493>u compinit:559> zle -la menu-select
17465955493>u compinit:559> zle -C menu-select .menu-select _main_complete
17465955493>u compinit:563> IFS=$' \t' 17465955493>u compinit:563> read -A _i_line
17465955493>u compinit:563> bindkey '^i'
17465955493>u compinit:564> [[ expand-or-complete = expand-or-complete ]]
17465955493>u compinit:565> zstyle -a :completion: completer _i_line
17465955493>u compinit:566> ((  2 <= 5  ))
17465955493>u compinit:567> bindkey '^i' complete-word
17465955493>u compinit:570> unfunction compinit compaudit
17465955493>u compinit:571> autoload -RUz compinit compaudit
17465955493>u compinit:573> return 0
17465955493>u /Users/peario/.config/zsh/.zshrc:86> zinit cdreplay -q
17465955493>u zinit:1> local -A ICE ZINIT_ICE
17465955493>u zinit:2> ICE=( lucid '' wait '' ) 
17465955493>u zinit:3> ZINIT_ICE=( lucid '' wait '' ) 
17465955493>u zinit:4> ZINIT_ICES=( ) 
17465955493>u zinit:6> integer ___retval ___retval2 ___correct
17465955493>u zinit:7> local -a match mbegin mend
17465955493>u zinit:8> local MATCH cmd ___q='`' ___q2=\' IFS=$' \t\n\C-@'
17465955493>u zinit:8> integer MBEGIN MEND
17465955493>u zinit:11> match=( ) 
17465955493>u zinit:12> ((  !0  ))
17465955493>u zinit:13> local -a reply
17465955493>u zinit:13> local REPLY
17465955493>u zinit:16> [[ -o ksharrays ]]
17465955493>u zinit:18> local -A ___opt_map OPTS
17465955493>u zinit:19> ___opt_map=( -q 'opt_-q,--quiet:update:[Turn off almost-all messages from the {cmd}update{rst} operation {b-lhi}FOR the objects{rst} which don'\''t have any {b-lhi}new version{rst} available.] *:[Turn off any (or: almost-any) messages from the operation.]' --quiet opt_-q,--quiet -v 'opt_-v,--verbose:Turn on more messages from the operation.' --verbose opt_-v,--verbose -r 'opt_-r,--reset:Reset the repository before updating (or remove the files for single-file snippets and gh-r plugins).' --reset opt_-r,--reset -a 'opt_-a,--all:delete:[Delete {hi}all{rst} plugins and snippets.] update:[Update {b-lhi}all{rst} plugins and snippets.]' --all opt_-a,--all -c 'opt_-c,--clean:Delete {b-lhi}only{rst} the {b-lhi}currently-not loaded{rst} plugins and snippets.' --clean opt_-c,--clean -y 'opt_-y,--yes:Automatically confirm any yes/no prompts.' --yes opt_-y,--yes -f 'opt_-f,--force:Force new download of the snippet file.' --force opt_-f,--force -p 'opt_-p,--parallel:Turn on concurrent, multi-thread update (of all objects).' --parallel opt_-p,--parallel -s 'opt_-s,--snippets:snippets:[Update only snippets (i.e.: skip updating plugins).] times:[Show times in seconds instead of milliseconds.]' --snippets opt_-s,--snippets -L 'opt_-l,--plugins:Update only plugins (i.e.: skip updating snippets).' --plugins opt_-l,--plugins -h 'opt_-h,--help:Show this help message.' --help opt_-h,--help -u 'opt_-u,--urge:Cause all the hooks like{ehi}:{rst} {ice}atpull{apo}'\'\''{rst}, {ice}cp{apo}'\'\''{rst}, etc. to execute even when there aren'\''t any new commits {b}/{rst} any new version of the {b}{meta}gh-r{rst} file {b}/{rst} etc.{…} available for download {ehi}{lr}{rst} simulate a non-empty update.' --urge opt_-u,--urge -n 'opt_-n,--no-pager:Disable the use of the pager.' --no-pager opt_-n,--no-pager -m 'opt_-m,--moments:Show the {apo}*{b-lhi}moments{apo}*{rst} of object (i.e.: a plugin or snippet) loading time.' --moments opt_-m,--moments -b 'opt_-b,--bindkeys:Load in light mode, however do still track {cmd}bindkey{rst} calls (to allow remapping the keys bound).' --bindkeys opt_-b,--bindkeys -x 'opt_-x,--command:Load the snippet as a {cmd}command{rst}, i.e.: add it to {var}$PATH{rst} and set {b-lhi}+x{rst} on it.' --command opt_-x,--command cdclear '--help|--quiet|-h|-q' cdreplay '--help|--quiet|-h|-q' delete '--all|--clean|--help|--quiet|--yes|-a|-c|-h|-q|-y' env-whitelist '--help|--verbose|-h|-v' light '--help|-b|-h' snippet '--command|--force|--help|-f|-h|-x' times '--help|-h|-m|-s' unload '--help|--quiet|-h|-q' update '--all|--help|--no-pager|--parallel|--plugins|--quiet|--reset|--snippets|--urge|--verbose|-L|-a|-h|-n|-p|-q|-r|-s|-u|-v' version '' ) 
17465955493>u zinit:64> cmd=cdreplay 
17465955493>u zinit:65> [[ cdreplay == (times|unload|env-whitelist|update|snippet|load|light|cdreplay|cdclear) ]]
17465955493>u zinit:66> ((  2 || OPTS[opt_-h,--help]  ))
17465955493>u zinit:67> .zinit-parse-opts cdreplay cdreplay -q
17465955493>u .zinit-parse-opts:1> emulate -LR zsh -o extendedglob -o xtrace
17465955493>u .zinit-parse-opts:2> reply=( cdreplay ) 
17465955493>u zinit:68> ((  OPTS[opt_-h,--help]  ))
17465955493>u zinit:75> reply=( ) 
17465955493>u zinit:77> [[ -n cdreplay && cdreplay != (add-fpath|bindkeys|cclear|cd|cdclear|cdisable|cdlist|cdreplay|cenable|changes|compile|compiled|compinit|completions|create|creinstall|csearch|cuninstall|delete|debug|edit|env-whitelist|fpath|glance|help|--help|-h|ice|light|load|man|module|plugins|recall|recently|report|run|self-update|snippet|snippets|srv|status|stress|times|uncompile|unload|update|version|zstatus|) || cdreplay = (load|light|snippet) ]]
17465955493>u zinit:330> case cdreplay (ice)
17465955493>u zinit:330> case cdreplay (cdreplay)
17465955493>u zinit:336> .zinit-compdef-replay -q
17465955493>u .zinit-compdef-replay:1> local quiet=-q
17465955493>u .zinit-compdef-replay:2> typeset -a pos
17465955493>u .zinit-compdef-replay:5> [[ 1 = 0 ]]
17465955493>u .zinit-compdef-replay:12> local cdf
17465955493>u .zinit-compdef-replay:22> return 0
17465955493>u zinit:336> ___retval=0 
17465955493>u zinit:590> return ___retval
17465955493>u /Users/peario/.config/zsh/.zshrc:93> [[ -f /Users/peario/.config/zsh/tools.zsh ]]
17465955493>u /Users/peario/.config/zsh/.zshrc:93> source /Users/peario/.config/zsh/tools.zsh
17465955493>u /Users/peario/.config/zsh/tools.zsh:4> COMPLETIONS_PATH=/Users/peario/.config/zsh/completions 
17465955493>u /Users/peario/.config/zsh/tools.zsh:5> EXTRAS_PATH=/Users/peario/.config/zsh/extras 
17465955493>u /Users/peario/.config/zsh/tools.zsh:6> INITS_PATH=/Users/peario/.config/zsh/inits 
17465955493>u /Users/peario/.config/zsh/tools.zsh:9> ((  1  ))
17465955493>u /Users/peario/.config/zsh/tools.zsh:10> ZOXIDE_COMP=/Users/peario/.config/zsh/completions/zoxide.zsh 
17465955493>u /Users/peario/.config/zsh/tools.zsh:12> [[ ! -f /Users/peario/.config/zsh/completions/zoxide.zsh || -n '/Users/peario/.config/zsh/completions/zoxide.zsh(#qN.mh+24)' ]]
17465955493>u /Users/peario/.config/zsh/tools.zsh:13> zoxide init zsh --cmd cd
17465955493>u /Users/peario/.config/zsh/tools.zsh:16> source /Users/peario/.config/zsh/completions/zoxide.zsh
17465955493>u /Users/peario/.config/zsh/completions/zoxide.zsh:31> typeset -ga precmd_functions
17465955493>u /Users/peario/.config/zsh/completions/zoxide.zsh:32> typeset -ga chpwd_functions
17465955493>u /Users/peario/.config/zsh/completions/zoxide.zsh:34> precmd_functions=( @zinit-scheduler ) 
17465955493>u /Users/peario/.config/zsh/completions/zoxide.zsh:36> chpwd_functions=( ) 
17465955493>u /Users/peario/.config/zsh/completions/zoxide.zsh:37> chpwd_functions+=( __zoxide_hook ) 
17465955493>u /Users/peario/.config/zsh/completions/zoxide.zsh:98> [[ -o zle ]]
17465955493>u /Users/peario/.config/zsh/completions/zoxide.zsh:99> __zoxide_result='' 
17465955493>u /Users/peario/.config/zsh/completions/zoxide.zsh:140> zle -N __zoxide_z_complete_helper
17465955493>u /Users/peario/.config/zsh/completions/zoxide.zsh:142> [[ 1 -ne 0 ]]
17465955493>u /Users/peario/.config/zsh/completions/zoxide.zsh:142> compdef __zoxide_z_complete cd
17465955493>u compdef:1> local opt autol type func delete eval new i ret=0 cmd svc
17465955493>u compdef:2> local -a match mbegin mend
17465955493>u compdef:4> emulate -L zsh
17465955493>u compdef:5> setopt extendedglob
17465955493>u compdef:9> ((  ! 2  ))
17465955493>u compdef:14> getopts anpPkKde opt
17465955493>u compdef:38> shift OPTIND-1
17465955493>u compdef:40> ((  ! 2  ))
17465955493>u compdef:45> [[ -z '' ]]
17465955493>u compdef:49> [[ -z '' ]]
17465955493>u compdef:49> [[ __zoxide_z_complete = *=* ]]
17465955493>u compdef:79> func=__zoxide_z_complete 
17465955493>u compdef:80> [[ -n '' ]]
17465955493>u compdef:81> shift
17465955493>u compdef:83> case  (widgetkey)
17465955493>u compdef:83> case  (key)
17465955493>u compdef:83> case  (*)
17465955493>u compdef:131> ((  1  ))
17465955493>u compdef:132> [[ cd = -N ]]
17465955493>u compdef:134> [[ cd = -p ]]
17465955493>u compdef:136> [[ cd = -P ]]
17465955493>u compdef:139> case  (pattern)
17465955493>u compdef:139> case  (postpattern)
17465955493>u compdef:139> case  (*)
17465955493>u compdef:155> [[ cd = *=* ]]
17465955493>u compdef:159> cmd=cd 
17465955493>u compdef:160> svc='' 
17465955493>u compdef:162> [[ -z '' ]]
17465955493>u compdef:163> _comps[$cmd]=__zoxide_z_complete 
17465955493>u compdef:164> [[ -n '' ]]
17465955493>u compdef:169> shift
17465955493>u compdef:131> ((  0  ))
17465955493>u /Users/peario/.config/zsh/tools.zsh:20> ((  1  ))
17465955493>u /Users/peario/.config/zsh/tools.zsh:21> DELTA_COMP=/Users/peario/.config/zsh/completions/delta.zsh 
17465955493>u /Users/peario/.config/zsh/tools.zsh:23> [[ ! -f /Users/peario/.config/zsh/completions/delta.zsh || -n '/Users/peario/.config/zsh/completions/delta.zsh(#qN.mh+24)' ]]
17465955493>u /Users/peario/.config/zsh/tools.zsh:24> delta --generate-completion zsh
17465955493>u /Users/peario/.config/zsh/tools.zsh:27> source /Users/peario/.config/zsh/completions/delta.zsh
17465955493>u /Users/peario/.config/zsh/completions/delta.zsh:3> autoload -U is-at-least
17465955493>u /Users/peario/.config/zsh/completions/delta.zsh:140> ((  0  ))
17465955493>u /Users/peario/.config/zsh/completions/delta.zsh:146> [ /Users/peario/.config/zsh/completions/delta.zsh '=' _delta ']'
17465955493>u /Users/peario/.config/zsh/completions/delta.zsh:149> compdef _delta delta
17465955493>u compdef:1> local opt autol type func delete eval new i ret=0 cmd svc
17465955493>u compdef:2> local -a match mbegin mend
17465955493>u compdef:4> emulate -L zsh
17465955493>u compdef:5> setopt extendedglob
17465955493>u compdef:9> ((  ! 2  ))
17465955493>u compdef:14> getopts anpPkKde opt
17465955493>u compdef:38> shift OPTIND-1
17465955493>u compdef:40> ((  ! 2  ))
17465955493>u compdef:45> [[ -z '' ]]
17465955493>u compdef:49> [[ -z '' ]]
17465955493>u compdef:49> [[ _delta = *=* ]]
17465955493>u compdef:79> func=_delta 
17465955493>u compdef:80> [[ -n '' ]]
17465955493>u compdef:81> shift
17465955493>u compdef:83> case  (widgetkey)
17465955493>u compdef:83> case  (key)
17465955493>u compdef:83> case  (*)
17465955493>u compdef:131> ((  1  ))
17465955493>u compdef:132> [[ delta = -N ]]
17465955493>u compdef:134> [[ delta = -p ]]
17465955493>u compdef:136> [[ delta = -P ]]
17465955493>u compdef:139> case  (pattern)
17465955493>u compdef:139> case  (postpattern)
17465955493>u compdef:139> case  (*)
17465955493>u compdef:155> [[ delta = *=* ]]
17465955493>u compdef:159> cmd=delta 
17465955493>u compdef:160> svc='' 
17465955493>u compdef:162> [[ -z '' ]]
17465955493>u compdef:163> _comps[$cmd]=_delta 
17465955493>u compdef:164> [[ -n '' ]]
17465955493>u compdef:169> shift
17465955493>u compdef:131> ((  0  ))
17465955493>u /Users/peario/.config/zsh/tools.zsh:31> ((  1  ))
17465955493>u /Users/peario/.config/zsh/tools.zsh:32> BAT_COMP=/Users/peario/.config/zsh/completions/bat.zsh 
17465955493>u /Users/peario/.config/zsh/tools.zsh:34> [[ ! -f /Users/peario/.config/zsh/completions/bat.zsh || -n '/Users/peario/.config/zsh/completions/bat.zsh(#qN.mh+24)' ]]
17465955493>u /Users/peario/.config/zsh/tools.zsh:35> bat --completion zsh
17465955493>u /Users/peario/.config/zsh/tools.zsh:38> export MANPAGER='sh -c '\''sed -u -e "s/\x1B\[[0-9;]*m//g; s/.\x08//g" | bat -p -lman'\'
17465955493>u /Users/peario/.config/zsh/tools.zsh:40> alias -g -- '-h=-h 2>&1 | bat --language=help --style=plain'
17465955493>u /Users/peario/.config/zsh/tools.zsh:41> alias -g -- '--help=--help 2>&1 | bat --language=help --style=plain'
17465955493>u /Users/peario/.config/zsh/tools.zsh:44> unset cat
17465955493>u /Users/peario/.config/zsh/tools.zsh:44> alias 'cat=bat --paging=never'
17465955493>u /Users/peario/.config/zsh/tools.zsh:53> [ -x /opt/homebrew/bin/brew ']'
17465955493>u /Users/peario/.config/zsh/tools.zsh:54> BREW_EXTRAS=/Users/peario/.config/zsh/extras/brew.zsh 
17465955493>u /Users/peario/.config/zsh/tools.zsh:56> [[ ! -f /Users/peario/.config/zsh/extras/brew.zsh || -n '/Users/peario/.config/zsh/extras/brew.zsh(#qN.mh+24)' ]]
17465955493>u /Users/peario/.config/zsh/tools.zsh:57> /opt/homebrew/bin/brew shellenv
17465955493>u /Users/peario/.config/zsh/tools.zsh:60> [[ :/Users/peario/.local/share/zinit/completions:/usr/local/share/zsh/site-functions:/usr/share/zsh/site-functions:/usr/share/zsh/5.9/functions: != 17465955493>u /Users/peario/.config/zsh/tools.zsh:60> /opt/homebrew/bin/brew --prefix
17465955493>u /Users/peario/.config/zsh/tools.zsh:60> [[ :/Users/peario/.local/share/zinit/completions:/usr/local/share/zsh/site-functions:/usr/share/zsh/site-functions:/usr/share/zsh/5.9/functions: != *:/opt/homebrew/share/zsh-completions:*17465955493>u /Users/peario/.config/zsh/tools.zsh:60> /opt/homebrew/bin/brew --prefix
17465955493>u /Users/peario/.config/zsh/tools.zsh:60> [[ :/Users/peario/.local/share/zinit/completions:/usr/local/share/zsh/site-functions:/usr/share/zsh/site-functions:/usr/share/zsh/5.9/functions: != *:/opt/homebrew/share/zsh-completions:* ]]
17465955493>u /Users/peario/.config/zsh/tools.zsh:61> fpath+=17465955493>u /Users/peario/.config/zsh/tools.zsh:61> /opt/homebrew/bin/brew --prefix
17465955493>u /Users/peario/.config/zsh/tools.zsh:61> fpath+=( /opt/homebrew/share/zsh-completions ) 
17465955493>u /Users/peario/.config/zsh/tools.zsh:64> [[ :/Users/peario/.local/share/zinit/completions:/usr/local/share/zsh/site-functions:/usr/share/zsh/site-functions:/usr/share/zsh/5.9/functions:/opt/homebrew/share/zsh-completions: != 17465955493>u /Users/peario/.config/zsh/tools.zsh:64> /opt/homebrew/bin/brew --prefix
17465955493>u /Users/peario/.config/zsh/tools.zsh:64> [[ :/Users/peario/.local/share/zinit/completions:/usr/local/share/zsh/site-functions:/usr/share/zsh/site-functions:/usr/share/zsh/5.9/functions:/opt/homebrew/share/zsh-completions: != *:/opt/homebrew/share/zsh/site-functions:*17465955493>u /Users/peario/.config/zsh/tools.zsh:64> /opt/homebrew/bin/brew --prefix
17465955493>u /Users/peario/.config/zsh/tools.zsh:64> [[ :/Users/peario/.local/share/zinit/completions:/usr/local/share/zsh/site-functions:/usr/share/zsh/site-functions:/usr/share/zsh/5.9/functions:/opt/homebrew/share/zsh-completions: != *:/opt/homebrew/share/zsh/site-functions:* ]]
17465955493>u /Users/peario/.config/zsh/tools.zsh:65> fpath+=17465955493>u /Users/peario/.config/zsh/tools.zsh:65> /opt/homebrew/bin/brew --prefix
17465955493>u /Users/peario/.config/zsh/tools.zsh:65> fpath+=( /opt/homebrew/share/zsh/site-functions ) 
17465955493>u /Users/peario/.config/zsh/tools.zsh:68> source /Users/peario/.config/zsh/extras/brew.zsh
17465955493>u /Users/peario/.config/zsh/extras/brew.zsh:1> export HOMEBREW_PREFIX=/opt/homebrew
17465955493>u /Users/peario/.config/zsh/extras/brew.zsh:2> export HOMEBREW_CELLAR=/opt/homebrew/Cellar
17465955493>u /Users/peario/.config/zsh/extras/brew.zsh:3> export HOMEBREW_REPOSITORY=/opt/homebrew
17465955493>u /Users/peario/.config/zsh/extras/brew.zsh:4> fpath[1,0]=/opt/homebrew/share/zsh/site-functions 
17465955493>u /Users/peario/.config/zsh/extras/brew.zsh:5> PATH='/opt/homebrew/bin:/opt/homebrew/sbin:/Users/peario/.nix-profile/bin:/nix/var/nix/profiles/default/bin:/usr/local/bin:/System/Cryptexes/App/usr/bin:/usr/bin:/bin:/usr/sbin:/sbin:/var/run/com.apple.security.cryptexd/codex.system/bootstrap/usr/local/bin:/var/run/com.apple.security.cryptexd/codex.system/bootstrap/usr/bin:/var/run/com.apple.security.cryptexd/codex.system/bootstrap/usr/appleinternal/bin:/Library/Apple/usr/bin:/Library/TeX/texbin:/Users/peario/.lua/bin:/Users/peario/.local/state/fnm_multishells/17273_1746595542416/bin:/opt/homebrew/opt/llvm@19/bin:/Users/peario/.cargo/bin:/Users/peario/.local/share/zinit/plugins/voidint---g:/Users/peario/perl5/bin:/Users/peario/.local/share/zinit/polaris/bin:/Applications/Ghostty.app/Contents/MacOS:/Users/peario/go/bin:/usr/local/go/bin:/Users/peario/.nimble/bin:/Users/peario/.local/bin:/Users/peario/.local/share/fnm:/Users/peario/Library/pnpm:/Users/peario/.bun/bin:/Users/peario/Library/Application Support/JetBrains/Toolbox/scripts' 
17465955493>u /Users/peario/.config/zsh/extras/brew.zsh:5> export PATH
17465955493>u /Users/peario/.config/zsh/extras/brew.zsh:6> [ -z /usr/share/man:/usr/local/share/man:/Library/TeX/Distributions/.DefaultTeX/Contents/Man:/Users/peario/.lua/share/man:/Applications/Ghostty.app/Contents/Resources/ghostty/../man: ']'
17465955493>u /Users/peario/.config/zsh/extras/brew.zsh:6> export MANPATH=:/usr/share/man:/usr/local/share/man:/Library/TeX/Distributions/.DefaultTeX/Contents/Man:/Users/peario/.lua/share/man:/Applications/Ghostty.app/Contents/Resources/ghostty/../man:
17465955493>u /Users/peario/.config/zsh/extras/brew.zsh:7> export INFOPATH=/opt/homebrew/share/info:/opt/homebrew/share/info:
17465955493>u /Users/peario/.config/zsh/tools.zsh:72> ((  1  ))
17465955493>u /Users/peario/.config/zsh/tools.zsh:73> GH_COMP=/Users/peario/.config/zsh/completions/gh.zsh 
17465955493>u /Users/peario/.config/zsh/tools.zsh:75> [[ ! -f /Users/peario/.config/zsh/completions/gh.zsh || -n '/Users/peario/.config/zsh/completions/gh.zsh(#qN.mh+24)' ]]
17465955493>u /Users/peario/.config/zsh/tools.zsh:76> gh completion -s zsh
17465955503>u /Users/peario/.config/zsh/tools.zsh:79> source /Users/peario/.config/zsh/completions/gh.zsh
17465955503>u /Users/peario/.config/zsh/completions/gh.zsh:2> compdef _gh gh
17465955503>u compdef:1> local opt autol type func delete eval new i ret=0 cmd svc
17465955503>u compdef:2> local -a match mbegin mend
17465955503>u compdef:4> emulate -L zsh
17465955503>u compdef:5> setopt extendedglob
17465955503>u compdef:9> ((  ! 2  ))
17465955503>u compdef:14> getopts anpPkKde opt
17465955503>u compdef:38> shift OPTIND-1
17465955503>u compdef:40> ((  ! 2  ))
17465955503>u compdef:45> [[ -z '' ]]
17465955503>u compdef:49> [[ -z '' ]]
17465955503>u compdef:49> [[ _gh = *=* ]]
17465955503>u compdef:79> func=_gh 
17465955503>u compdef:80> [[ -n '' ]]
17465955503>u compdef:81> shift
17465955503>u compdef:83> case  (widgetkey)
17465955503>u compdef:83> case  (key)
17465955503>u compdef:83> case  (*)
17465955503>u compdef:131> ((  1  ))
17465955503>u compdef:132> [[ gh = -N ]]
17465955503>u compdef:134> [[ gh = -p ]]
17465955503>u compdef:136> [[ gh = -P ]]
17465955503>u compdef:139> case  (pattern)
17465955503>u compdef:139> case  (postpattern)
17465955503>u compdef:139> case  (*)
17465955503>u compdef:155> [[ gh = *=* ]]
17465955503>u compdef:159> cmd=gh 
17465955503>u compdef:160> svc='' 
17465955503>u compdef:162> [[ -z '' ]]
17465955503>u compdef:163> _comps[$cmd]=_gh 
17465955503>u compdef:164> [[ -n '' ]]
17465955503>u compdef:169> shift
17465955503>u compdef:131> ((  0  ))
17465955503>u /Users/peario/.config/zsh/completions/gh.zsh:210> [ /Users/peario/.config/zsh/completions/gh.zsh '=' _gh ']'
17465955503>u /Users/peario/.config/zsh/tools.zsh:83> ((  1  ))
17465955503>u /Users/peario/.config/zsh/tools.zsh:84> PERL5_COMP=/Users/peario/.config/zsh/completions/perl5.zsh 
17465955503>u /Users/peario/.config/zsh/tools.zsh:86> [[ ! -f /Users/peario/.config/zsh/completions/perl5.zsh || -n '/Users/peario/.config/zsh/completions/perl5.zsh(#qN.mh+24)' ]]
17465955503>u /Users/peario/.config/zsh/tools.zsh:87> perl -I/Users/peario/perl5/lib/perl5 '-Mlocal::lib=/Users/peario/perl5'
17465955503>u /Users/peario/.config/zsh/tools.zsh:90> source /Users/peario/.config/zsh/completions/perl5.zsh
17465955503>u /Users/peario/.config/zsh/completions/perl5.zsh:1> PERL_MB_OPT='--install_base "/Users/peario/perl5"' 
17465955503>u /Users/peario/.config/zsh/completions/perl5.zsh:1> export PERL_MB_OPT
17465955503>u /Users/peario/.config/zsh/completions/perl5.zsh:2> PERL_MM_OPT='INSTALL_BASE=/Users/peario/perl5' 
17465955503>u /Users/peario/.config/zsh/completions/perl5.zsh:2> export PERL_MM_OPT
17465955503>u /Users/peario/.config/zsh/tools.zsh:94> JAVA_HOME='/Users/peario/Applications/Android Studio.app/Contents/jbr/Contents/Home' 
17465955503>u /Users/peario/.config/zsh/tools.zsh:95> [ -d '/Users/peario/Applications/Android Studio.app/Contents/jbr/Contents/Home' ']'
17465955503>u /Users/peario/.config/zsh/tools.zsh:96> export JAVA_HOME
17465955503>u /Users/peario/.config/zsh/tools.zsh:98> ANDROID_HOME=/Users/peario/Library/Android/sdk 
17465955503>u /Users/peario/.config/zsh/tools.zsh:99> NDK_HOME=17465955503>u /Users/peario/.config/zsh/tools.zsh:99> /bin/ls -1 /Users/peario/Library/Android/sdk/ndk
17465955503>u /Users/peario/.config/zsh/tools.zsh:99> NDK_HOME=/Users/peario/Library/Android/sdk/ndk/29.0.13113456 
17465955503>u /Users/peario/.config/zsh/tools.zsh:101> [ -d /Users/peario/Library/Android/sdk ']'
17465955503>u /Users/peario/.config/zsh/tools.zsh:102> export ANDROID_HOME
17465955503>u /Users/peario/.config/zsh/tools.zsh:105> [ -d /Users/peario/Library/Android/sdk/ndk/29.0.13113456 ']'
17465955503>u /Users/peario/.config/zsh/tools.zsh:105> export NDK_HOME
17465955503>u /Users/peario/.config/zsh/tools.zsh:110> ((  1  ))
17465955503>u /Users/peario/.config/zsh/tools.zsh:110> ((  1 ))
17465955503>u /Users/peario/.config/zsh/tools.zsh:111> zinit ice fromgh-r asprogram
17465955503>u zinit:1> local -A ICE ZINIT_ICE
17465955503>u zinit:2> ICE=( ) 
17465955503>u zinit:3> ZINIT_ICE=( ) 
17465955503>u zinit:4> ZINIT_ICES=( ) 
17465955503>u zinit:6> integer ___retval ___retval2 ___correct
17465955503>u zinit:7> local -a match mbegin mend
17465955503>u zinit:8> local MATCH cmd ___q='`' ___q2=\' IFS=$' \t\n\C-@'
17465955503>u zinit:8> integer MBEGIN MEND
17465955503>u zinit:11> match=( ) 
17465955503>u zinit:12> ((  !0  ))
17465955503>u zinit:13> local -a reply
17465955503>u zinit:13> local REPLY
17465955503>u zinit:16> [[ -o ksharrays ]]
17465955503>u zinit:18> local -A ___opt_map OPTS
17465955503>u zinit:19> ___opt_map=( -q 'opt_-q,--quiet:update:[Turn off almost-all messages from the {cmd}update{rst} operation {b-lhi}FOR the objects{rst} which don'\''t have any {b-lhi}new version{rst} available.] *:[Turn off any (or: almost-any) messages from the operation.]' --quiet opt_-q,--quiet -v 'opt_-v,--verbose:Turn on more messages from the operation.' --verbose opt_-v,--verbose -r 'opt_-r,--reset:Reset the repository before updating (or remove the files for single-file snippets and gh-r plugins).' --reset opt_-r,--reset -a 'opt_-a,--all:delete:[Delete {hi}all{rst} plugins and snippets.] update:[Update {b-lhi}all{rst} plugins and snippets.]' --all opt_-a,--all -c 'opt_-c,--clean:Delete {b-lhi}only{rst} the {b-lhi}currently-not loaded{rst} plugins and snippets.' --clean opt_-c,--clean -y 'opt_-y,--yes:Automatically confirm any yes/no prompts.' --yes opt_-y,--yes -f 'opt_-f,--force:Force new download of the snippet file.' --force opt_-f,--force -p 'opt_-p,--parallel:Turn on concurrent, multi-thread update (of all objects).' --parallel opt_-p,--parallel -s 'opt_-s,--snippets:snippets:[Update only snippets (i.e.: skip updating plugins).] times:[Show times in seconds instead of milliseconds.]' --snippets opt_-s,--snippets -L 'opt_-l,--plugins:Update only plugins (i.e.: skip updating snippets).' --plugins opt_-l,--plugins -h 'opt_-h,--help:Show this help message.' --help opt_-h,--help -u 'opt_-u,--urge:Cause all the hooks like{ehi}:{rst} {ice}atpull{apo}'\'\''{rst}, {ice}cp{apo}'\'\''{rst}, etc. to execute even when there aren'\''t any new commits {b}/{rst} any new version of the {b}{meta}gh-r{rst} file {b}/{rst} etc.{…} available for download {ehi}{lr}{rst} simulate a non-empty update.' --urge opt_-u,--urge -n 'opt_-n,--no-pager:Disable the use of the pager.' --no-pager opt_-n,--no-pager -m 'opt_-m,--moments:Show the {apo}*{b-lhi}moments{apo}*{rst} of object (i.e.: a plugin or snippet) loading time.' --moments opt_-m,--moments -b 'opt_-b,--bindkeys:Load in light mode, however do still track {cmd}bindkey{rst} calls (to allow remapping the keys bound).' --bindkeys opt_-b,--bindkeys -x 'opt_-x,--command:Load the snippet as a {cmd}command{rst}, i.e.: add it to {var}$PATH{rst} and set {b-lhi}+x{rst} on it.' --command opt_-x,--command cdclear '--help|--quiet|-h|-q' cdreplay '--help|--quiet|-h|-q' delete '--all|--clean|--help|--quiet|--yes|-a|-c|-h|-q|-y' env-whitelist '--help|--verbose|-h|-v' light '--help|-b|-h' snippet '--command|--force|--help|-f|-h|-x' times '--help|-h|-m|-s' unload '--help|--quiet|-h|-q' update '--all|--help|--no-pager|--parallel|--plugins|--quiet|--reset|--snippets|--urge|--verbose|-L|-a|-h|-n|-p|-q|-r|-s|-u|-v' version '' ) 
17465955503>u zinit:64> cmd=ice 
17465955503>u zinit:65> [[ ice == (times|unload|env-whitelist|update|snippet|load|light|cdreplay|cdclear) ]]
17465955503>u zinit:75> reply=( ) 
17465955503>u zinit:77> [[ -n ice && ice != (add-fpath|bindkeys|cclear|cd|cdclear|cdisable|cdlist|cdreplay|cenable|changes|compile|compiled|compinit|completions|create|creinstall|csearch|cuninstall|delete|debug|edit|env-whitelist|fpath|glance|help|--help|-h|ice|light|load|man|module|plugins|recall|recently|report|run|self-update|snippet|snippets|srv|status|stress|times|uncompile|unload|update|version|zstatus|) || ice = (load|light|snippet) ]]
17465955503>u zinit:330> case ice (ice)
17465955503>u zinit:332> shift
17465955503>u zinit:333> .zinit-ice fromgh-r asprogram
17465955503>u .zinit-ice:1> setopt localoptions noksharrays extendedglob warncreateglobal typesetsilent noshortloops
17465955503>u .zinit-ice:2> integer retval
17465955503>u .zinit-ice:3> local bit exts=''
17465955503>u .zinit-ice:4> bit=fromgh-r
17465955503>u .zinit-ice:5> [[ fromgh-r = (#b)(--|)(\!bash|\!csh|\!ksh|\!sh|aliases|as|atclone|atdelete|atinit|atload|atpull|autoload|bash|binary|bindmap|blockf|bpick|build|cloneonly|cloneopts|cmake|compile|completions|configure|countdown|cp|csh|debug|depth|extract|from|git|has|id-as|if|install|is-snippet|ksh|light-mode|link|load|lucid|make|multisrc|mv|nocd|nocompile|nocompletions|notify|null|on-update-of|opts|pack|param|pick|proto|ps-on-unload|ps-on-update|pullopts|reset|reset-prompt|run-atpull|service|sh|silent|src|subscribe|subst|svn|teleid|trackbinds|trigger-load|unload|ver|verbose|wait|wrap)(*) ]]
17465955503>u .zinit-ice:5> ZINIT_ICES[${match[2]}]+=gh-r 
17465955503>u .zinit-ice:6> retval+=1 
17465955503>u .zinit-ice:4> bit=asprogram
17465955503>u .zinit-ice:5> [[ asprogram = (#b)(--|)(\!bash|\!csh|\!ksh|\!sh|aliases|as|atclone|atdelete|atinit|atload|atpull|autoload|bash|binary|bindmap|blockf|bpick|build|cloneonly|cloneopts|cmake|compile|completions|configure|countdown|cp|csh|debug|depth|extract|from|git|has|id-as|if|install|is-snippet|ksh|light-mode|link|load|lucid|make|multisrc|mv|nocd|nocompile|nocompletions|notify|null|on-update-of|opts|pack|param|pick|proto|ps-on-unload|ps-on-update|pullopts|reset|reset-prompt|run-atpull|service|sh|silent|src|subscribe|subst|svn|teleid|trackbinds|trigger-load|unload|ver|verbose|wait|wrap)(*) ]]
17465955503>u .zinit-ice:5> ZINIT_ICES[${match[2]}]+=program 
17465955503>u .zinit-ice:6> retval+=1 
17465955503>u .zinit-ice:8> [[ program = program ]]
17465955503>u .zinit-ice:8> ZINIT_ICES[as]=command 
17465955503>u .zinit-ice:9> [[ -n '' ]]
17465955503>u .zinit-ice:10> [[ -n '' ]]
17465955503>u .zinit-ice:11> ((  0  ))
17465955503>u .zinit-ice:16> ((  0 || 0 || 0  ))
17465955503>u .zinit-ice:19> ((  0  ))
17465955503>u .zinit-ice:20> ((  0  ))
17465955503>u .zinit-ice:21> return retval
17465955503>u zinit:590> return ___retval
17465955503>u /Users/peario/.config/zsh/tools.zsh:112> zinit light voidint/g
17465955503>u zinit:1> local -A ICE ZINIT_ICE
17465955503>u zinit:2> ICE=( as command from gh-r ) 
17465955503>u zinit:3> ZINIT_ICE=( as command from gh-r ) 
17465955503>u zinit:4> ZINIT_ICES=( ) 
17465955503>u zinit:6> integer ___retval ___retval2 ___correct
17465955503>u zinit:7> local -a match mbegin mend
17465955503>u zinit:8> local MATCH cmd ___q='`' ___q2=\' IFS=$' \t\n\C-@'
17465955503>u zinit:8> integer MBEGIN MEND
17465955503>u zinit:11> match=( ) 
17465955503>u zinit:12> ((  !0  ))
17465955503>u zinit:13> local -a reply
17465955503>u zinit:13> local REPLY
17465955503>u zinit:16> [[ -o ksharrays ]]
17465955503>u zinit:18> local -A ___opt_map OPTS
17465955503>u zinit:19> ___opt_map=( -q 'opt_-q,--quiet:update:[Turn off almost-all messages from the {cmd}update{rst} operation {b-lhi}FOR the objects{rst} which don'\''t have any {b-lhi}new version{rst} available.] *:[Turn off any (or: almost-any) messages from the operation.]' --quiet opt_-q,--quiet -v 'opt_-v,--verbose:Turn on more messages from the operation.' --verbose opt_-v,--verbose -r 'opt_-r,--reset:Reset the repository before updating (or remove the files for single-file snippets and gh-r plugins).' --reset opt_-r,--reset -a 'opt_-a,--all:delete:[Delete {hi}all{rst} plugins and snippets.] update:[Update {b-lhi}all{rst} plugins and snippets.]' --all opt_-a,--all -c 'opt_-c,--clean:Delete {b-lhi}only{rst} the {b-lhi}currently-not loaded{rst} plugins and snippets.' --clean opt_-c,--clean -y 'opt_-y,--yes:Automatically confirm any yes/no prompts.' --yes opt_-y,--yes -f 'opt_-f,--force:Force new download of the snippet file.' --force opt_-f,--force -p 'opt_-p,--parallel:Turn on concurrent, multi-thread update (of all objects).' --parallel opt_-p,--parallel -s 'opt_-s,--snippets:snippets:[Update only snippets (i.e.: skip updating plugins).] times:[Show times in seconds instead of milliseconds.]' --snippets opt_-s,--snippets -L 'opt_-l,--plugins:Update only plugins (i.e.: skip updating snippets).' --plugins opt_-l,--plugins -h 'opt_-h,--help:Show this help message.' --help opt_-h,--help -u 'opt_-u,--urge:Cause all the hooks like{ehi}:{rst} {ice}atpull{apo}'\'\''{rst}, {ice}cp{apo}'\'\''{rst}, etc. to execute even when there aren'\''t any new commits {b}/{rst} any new version of the {b}{meta}gh-r{rst} file {b}/{rst} etc.{…} available for download {ehi}{lr}{rst} simulate a non-empty update.' --urge opt_-u,--urge -n 'opt_-n,--no-pager:Disable the use of the pager.' --no-pager opt_-n,--no-pager -m 'opt_-m,--moments:Show the {apo}*{b-lhi}moments{apo}*{rst} of object (i.e.: a plugin or snippet) loading time.' --moments opt_-m,--moments -b 'opt_-b,--bindkeys:Load in light mode, however do still track {cmd}bindkey{rst} calls (to allow remapping the keys bound).' --bindkeys opt_-b,--bindkeys -x 'opt_-x,--command:Load the snippet as a {cmd}command{rst}, i.e.: add it to {var}$PATH{rst} and set {b-lhi}+x{rst} on it.' --command opt_-x,--command cdclear '--help|--quiet|-h|-q' cdreplay '--help|--quiet|-h|-q' delete '--all|--clean|--help|--quiet|--yes|-a|-c|-h|-q|-y' env-whitelist '--help|--verbose|-h|-v' light '--help|-b|-h' snippet '--command|--force|--help|-f|-h|-x' times '--help|-h|-m|-s' unload '--help|--quiet|-h|-q' update '--all|--help|--no-pager|--parallel|--plugins|--quiet|--reset|--snippets|--urge|--verbose|-L|-a|-h|-n|-p|-q|-r|-s|-u|-v' version '' ) 
17465955503>u zinit:64> cmd=light 
17465955503>u zinit:65> [[ light == (times|unload|env-whitelist|update|snippet|load|light|cdreplay|cdclear) ]]
17465955503>u zinit:66> ((  0 || OPTS[opt_-h,--help]  ))
17465955503>u zinit:75> reply=( ) 
17465955503>u zinit:77> [[ -n light && light != (add-fpath|bindkeys|cclear|cd|cdclear|cdisable|cdlist|cdreplay|cenable|changes|compile|compiled|compinit|completions|create|creinstall|csearch|cuninstall|delete|debug|edit|env-whitelist|fpath|glance|help|--help|-h|ice|light|load|man|module|plugins|recall|recently|report|run|self-update|snippet|snippets|srv|status|stress|times|uncompile|unload|update|version|zstatus|) || light = (load|light|snippet) ]]
17465955503>u zinit:79> integer ___error
17465955503>u zinit:80> [[ light = (load|light|snippet) ]]
17465955503>u zinit:81> integer ___is_snippet
17465955503>u zinit:83> '(anon)' light voidint/g
17465955503>u (anon):1> setopt localoptions extendedglob
17465955503>u (anon):2> : light voidint/g
17465955503>u zinit:87> set -- light voidint/g
17465955503>u zinit:88> [[ light = light && -z '' ]]
17465955503>u zinit:88> ICE[light-mode]='' 
17465955503>u zinit:89> [[ light = snippet ]]
17465955503>u zinit:89> ___is_snippet=-1 
17465955503>u zinit:90> shift
17465955503>u zinit:92> ZINIT_ICES=( as command light-mode '' from gh-r ) 
17465955503>u zinit:93> ICE=( ) ZINIT_ICE=( ) 
17465955503>u zinit:94> 1=@voidint/g 
17465955503>u zinit:95> ((  1 > 1  ))
17465955503>u zinit:96> [[ -z @voidint/g ]]
17465955503>u zinit:116> integer ___had_wait
17465955503>u zinit:117> local ___id ___ehid ___etid ___key
17465955503>u zinit:118> local -a ___arr
17465955503>u zinit:119> ZINIT[annex-exposed-processed-IDs]='' 
17465955503>u zinit:120> ((  1  ))
17465955503>u zinit:121> local -a ___ices
17465955503>u zinit:122> ___ices=( as command light-mode '' from gh-r ) 
17465955503>u zinit:123> ZINIT_ICES=( ) 
17465955503>u zinit:124> ((  1  ))
17465955503>u zinit:125> .zinit-ice @voidint/g
17465955503>u .zinit-ice:1> setopt localoptions noksharrays extendedglob warncreateglobal typesetsilent noshortloops
17465955503>u .zinit-ice:2> integer retval
17465955503>u .zinit-ice:3> local bit exts=''
17465955503>u .zinit-ice:4> bit=@voidint/g
17465955503>u .zinit-ice:5> [[ @voidint/g = (#b)(--|)(\!bash|\!csh|\!ksh|\!sh|aliases|as|atclone|atdelete|atinit|atload|atpull|autoload|bash|binary|bindmap|blockf|bpick|build|cloneonly|cloneopts|cmake|compile|completions|configure|countdown|cp|csh|debug|depth|extract|from|git|has|id-as|if|install|is-snippet|ksh|light-mode|link|load|lucid|make|multisrc|mv|nocd|nocompile|nocompletions|notify|null|on-update-of|opts|pack|param|pick|proto|ps-on-unload|ps-on-update|pullopts|reset|reset-prompt|run-atpull|service|sh|silent|src|subscribe|subst|svn|teleid|trackbinds|trigger-load|unload|ver|verbose|wait|wrap)(*) ]]
17465955503>u .zinit-ice:5> break
17465955503>u .zinit-ice:8> [[ '' = program ]]
17465955503>u .zinit-ice:9> [[ -n '' ]]
17465955503>u .zinit-ice:10> [[ -n '' ]]
17465955503>u .zinit-ice:11> ((  0  ))
17465955503>u .zinit-ice:16> ((  0 || 0 || 0  ))
17465955503>u .zinit-ice:19> ((  0  ))
17465955503>u .zinit-ice:20> ((  0  ))
17465955503>u .zinit-ice:21> return retval
17465955503>u zinit:126> ___retval2=0 
17465955503>u zinit:127> local ___last_ice=''
17465955503>u zinit:128> shift ___retval2
17465955503>u zinit:129> [[ -n @voidint/g ]]
17465955503>u zinit:130> ICE=( as command light-mode '' from gh-r ) 
17465955503>u zinit:131> ZINIT_ICE=( as command light-mode '' from gh-r ) ZINIT_ICES=( ) 
17465955503>u zinit:132> integer ___msgs=0
17465955503>u zinit:133> ((  ___msgs  ))
17465955503>u zinit:136> ZINIT[annex-exposed-processed-IDs]+='' 
17465955503>u zinit:139> ___id=voidint/g 
17465955503>u zinit:140> ((  ___is_snippet == -1  ))
17465955503>u zinit:140> ___id=voidint/g 
17465955503>u zinit:144> ___ehid=voidint/g 
17465955503>u zinit:150> ___etid=voidint/g 
17465955503>u zinit:152> ((  0  ))
17465955503>u zinit:160> [[ '' = (auto|) && 0 == 1 ]]
17465955503>u zinit:162> integer ___is_snippet=-1
17465955503>u zinit:163> '(anon)' @voidint/g
17465955503>u (anon):1> setopt localoptions extendedglob
17465955503>u (anon):2> [[ -1 -ge 0 ]]
17465955503>u zinit:170> local ___type=plugin
17465955503>u zinit:171> reply=( ) 
17465955503>u zinit:211> integer ___action_load=0 ___turbo=0
17465955503>u zinit:212> [[ -n '' ]]
17465955503>u zinit:216> [[ -n '' || 0 == 1 ]]
17465955503>u zinit:228> ((  ! ___turbo  ))
17465955503>u zinit:229> ___action_load=1 
17465955503>u zinit:230> reply=( 1 ) 
17465955503>u zinit:235> [[ 1 -eq 1 && -n '' ]]
17465955503>u zinit:259> ((  0  ))
17465955503>u zinit:267> integer ___had_cloneonly=0
17465955503>u zinit:268> ICE[wait]='' 
17465955503>u zinit:269> ((  ___action_load || !ZINIT[HAVE_SCHEDULER]  ))
17465955503>u zinit:270> ((  ___turbo && ZINIT[HAVE_SCHEDULER]  ))
17465955503>u zinit:275> ((  ___is_snippet  ))
17465955503>u zinit:276> local ___opt=''
17465955503>u zinit:279> .zinit-load-object plugin voidint/g
17465955503>u .zinit-load-object:1> local ___type=plugin ___id=voidint/g
17465955503>u .zinit-load-object:2> local -a ___opt
17465955503>u .zinit-load-object:3> ___opt=( ) 
17465955503>u .zinit-load-object:5> [[ plugin == snippet ]]
17465955503>u .zinit-load-object:7> [[ plugin == plugin ]]
17465955503>u .zinit-load-object:8> .zinit-load voidint/g ''
17465955503>u .zinit-load:1> typeset -F 3 SECONDS=0
17465955503>u .zinit-load:2> local ___mode='' ___limit='' ___rst=0 ___retval=0 ___key
17465955503>u .zinit-load:3> .zinit-any-to-user-plugin voidint/g ''
17465955503>u .zinit-any-to-user-plugin:1> emulate -LR zsh -o xtrace
17465955503>u .zinit-any-to-user-plugin:2> setopt extendedglob typesetsilent noshortloops rcquotes warncreateglobal
17465955503>u .zinit-any-to-user-plugin:7> [[ -n '' ]]
17465955503>u .zinit-any-to-user-plugin:14> [[ voidint/g = /* ]]
17465955503>u .zinit-any-to-user-plugin:20> [[ voidint/g = %* ]]
17465955503>u .zinit-any-to-user-plugin:31> 1=voidint/g 
17465955503>u .zinit-any-to-user-plugin:32> [[ voidint/g = */* ]]
17465955503>u .zinit-any-to-user-plugin:33> reply=( voidint g ) 
17465955503>u .zinit-any-to-user-plugin:34> return 0
17465955503>u .zinit-load:4> local ___user=voidint ___plugin=g ___id_as=voidint/g
17465955503>u .zinit-load:5> local ___pdir_path=/Users/peario/.local/share/zinit/plugins/voidint---g
17465955503>u .zinit-load:6> local ___pdir_orig=/Users/peario/.local/share/zinit/plugins/voidint---g
17465955503>u .zinit-load:7> ZINIT[CUR_USR]=voidint ZINIT[CUR_PLUGIN]=g ZINIT[CUR_USPL2]=voidint/g 
17465955503>u .zinit-load:8> [[ -n '' ]]
17465955503>u .zinit-load:12> ICE[teleid]=voidint/g 
17465955503>u .zinit-load:15> .zinit-set-m-func set
17465955503>u .zinit-set-m-func:1> [[ set == set ]]
17465955503>u .zinit-set-m-func:2> ZINIT[___m_bkp]='' 
17465955503>u .zinit-set-m-func:3> setopt noaliases
17465955503>u .zinit-set-m-func:4> functions[m]=$'\tbuiltin emulate -LR zsh -o extendedglob ${=${options[xtrace]:#off}:+-o xtrace}\n\tlocal opt msg\n\t[[ $1 = -* ]] && {\n\t\tlocal opt=$1 \n\t\tshift\n\t}\n\tZINIT[__last-formatter-code]= \n\tmsg=${${(j: :)${@:#--}}//\\%/%%} \n\tif [[ -z $ZINIT[DEBUG] ]] && [[ "$msg" = (#s){dbg}* ]]\n\tthen\n\t\treturn\n\tfi\n\tmsg=${${msg//(#b)(([\\\\]|(%F))([\\{]([^\\}]##)[\\}])|([\\{]([^\\}]##)[\\}])([^\\%\\{\\\\]#))/${match[4]:+${${match[3]:-$ZINIT[col-${ZINIT[__last-formatter-code]}]}:#%F}}$match[3]$match[4]${${functions[.zinit-formatter-$match[7]]:+${$(.zinit-formatter-$match[7] "$match[8]"; builtin print -rn -- $REPLY):-←→}}:-$(.zinit-main-message-formatter "$match[6]" "$match[7]" "$match[8]"; \\\n  builtin print -rn -- "$REPLY"\n )${${ZINIT[__last-formatter-code]::=${${${match[7]:#(…|ndsh|mdsh|mmdsh|-…|lr)}:+$match[7]}:-${ZINIT[__last-formatter-code]}}}:+}}}//←→} \n\t[[ -z $msg ]] && return\n\tmsg=$msg$ZINIT[col-rst] \n\tbuiltin print -Pr ${opt:#--} -- $msg\n\tif [[ -n ${opt:#*n*} || -z $opt ]]\n\tthen\n\t\tprint -n $\'\\015\'\n\tfi' 
17465955503>u .zinit-set-m-func:5> setopt aliases
17465955503>u .zinit-load:17> local -a ___arr
17465955503>u .zinit-load:18> reply=( ) 
17465955503>u .zinit-load:29> [[ voidint != % && ! -d /Users/peario/.local/share/zinit/plugins/voidint---g ]]
17465955503>u .zinit-load:59> ZINIT_SICE[$___id_as]='' 
17465955503>u .zinit-load:60> .zinit-pack-ice voidint/g
17465955503>u .zinit-pack-ice:1> ZINIT_SICE[$1${1:+${2:+/}}$2]+='as command wait '\'\'' teleid voidint/g light-mode '\'\'' from gh-r ' 
17465955503>u .zinit-pack-ice:2> ZINIT_SICE[$1${1:+${2:+/}}$2]='as command wait '\'\'' teleid voidint/g light-mode '\'\'' from gh-r ' 
17465955503>u .zinit-pack-ice:3> return 0
17465955503>u .zinit-load:62> ((  0  ))
17465955503>u .zinit-load:64> .zinit-register-plugin voidint/g '' voidint/g
17465955503>u .zinit-register-plugin:1> local uspl2=voidint/g mode='' teleid=voidint/g
17465955503>u .zinit-register-plugin:2> integer ret=0
17465955503>u .zinit-register-plugin:4> [[ -z '' ]]
17465955503>u .zinit-register-plugin:5> ZINIT_REGISTERED_PLUGINS+=( voidint/g ) 
17465955503>u .zinit-register-plugin:13> zsh_loaded_plugins+=( voidint/g ) 
17465955503>u .zinit-register-plugin:16> [[ '' == light ]]
17465955503>u .zinit-register-plugin:16> ZINIT[STATES__$uspl2]=2 
17465955503>u .zinit-register-plugin:18> ZINIT_REPORTS[$uspl2]='' ZINIT_CUR_BIND_MAP=( empty 1 ) 
17465955503>u .zinit-register-plugin:20> ZINIT[FUNCTIONS_BEFORE__$uspl2]='' ZINIT[FUNCTIONS_AFTER__$uspl2]='' 
17465955503>u .zinit-register-plugin:21> ZINIT[FUNCTIONS__$uspl2]='' 
17465955503>u .zinit-register-plugin:23> ZINIT[ZSTYLES__$uspl2]='' ZINIT[BINDKEYS__$uspl2]='' 
17465955503>u .zinit-register-plugin:24> ZINIT[ALIASES__$uspl2]='' 
17465955503>u .zinit-register-plugin:26> ZINIT[WIDGETS_SAVED__$uspl2]='' ZINIT[WIDGETS_DELETE__$uspl2]='' 
17465955503>u .zinit-register-plugin:28> ZINIT[OPTIONS__$uspl2]='' ZINIT[PATH__$uspl2]='' 
17465955503>u .zinit-register-plugin:29> ZINIT[OPTIONS_BEFORE__$uspl2]='' ZINIT[OPTIONS_AFTER__$uspl2]='' 
17465955503>u .zinit-register-plugin:30> ZINIT[FPATH__$uspl2]='' 
17465955503>u .zinit-register-plugin:32> return ret
17465955503>u .zinit-load:67> [[ -n '' ]]
17465955503>u .zinit-load:71> reply=( ) 
17465955503>u .zinit-load:78> [[ 0 = 1 ]]
17465955503>u .zinit-load:80> reply=( ) 
17465955503>u .zinit-load:87> .zinit-load-plugin voidint g voidint/g '' 0 ''
17465955503>u .zinit-load-plugin:1> local ___user=voidint ___plugin=g ___id_as=voidint/g ___mode='' ___rst=0 ___limit='' ___correct=0 ___retval=0
17465955503>u .zinit-load-plugin:3> local ___pbase=g ___key
17465955503>u .zinit-load-plugin:6> set --
17465955503>u .zinit-load-plugin:7> [[ -o ksharrays ]]
17465955503>u .zinit-load-plugin:9> [[ -n '' ]]
17465955503>u .zinit-load-plugin:21> [[ -z '' ]]
17465955503>u .zinit-load-plugin:21> local ___builtin=builtin
17465955503>u .zinit-load-plugin:23> [[ command = null || 0 -eq 1 || 0 -eq 1 ]]
17465955503>u .zinit-load-plugin:26> [[ -n '' ]]
17465955503>u .zinit-load-plugin:32> [[ command = command ]]
17465955503>u .zinit-load-plugin:33> [[ 0 = 1 ]]
17465955503>u .zinit-load-plugin:35> reply=( ) 
17465955503>u .zinit-load-plugin:36> [[ -n '' ]]
17465955503>u .zinit-load-plugin:40> [[ -z /Users/peario/.local/share/zinit/plugins/voidint---g ]]
17465955503>u .zinit-load-plugin:46> [[ -n '' ]]
17465955503>u .zinit-load-plugin:48> [[ '' = !* || -n '' || -n '' || '' = ! ]]
17465955503>u .zinit-load-plugin:58> local ZERO
17465955503>u .zinit-load-plugin:59> [[ '' = !* ]]
17465955503>u .zinit-load-plugin:60> [[ -n '' ]]
17465955503>u .zinit-load-plugin:61> [[ -n '' ]]
17465955503>u .zinit-load-plugin:64> reply=( ) 
17465955503>u .zinit-load-plugin:71> [[ -n '' ]]
17465955503>u .zinit-load-plugin:76> [[ '' = ! ]]
17465955503>u .zinit-load-plugin:78> [[ -n '' || -n '' || '' = ! ]]
17465955503>u .zinit-load-plugin:136> [[ 0 = 1 ]]
17465955503>u .zinit-load-plugin:138> reply=( ) 
17465955503>u .zinit-load-plugin:144> ((  ___rst  ))
17465955503>u .zinit-load-plugin:146> return ___retval
17465955503>u .zinit-load:88> ___retval=0 
17465955503>u .zinit-load:89> ((  0 == 1  ))
17465955503>u .zinit-load:90> ((  0 == 1  ))
17465955503>u .zinit-load:93> .zinit-set-m-func unset
17465955503>u .zinit-set-m-func:1> [[ unset == set ]]
17465955503>u .zinit-set-m-func:6> [[ unset == unset ]]
17465955503>u .zinit-set-m-func:7> [[ -n '' ]]
17465955503>u .zinit-set-m-func:12> unset 'functions[m]'
17465955503>u .zinit-load:96> ZINIT[CUR_USR]='' ZINIT[CUR_PLUGIN]='' ZINIT[CUR_USPL2]='' 
17465955503>u .zinit-load:98> ZINIT[TIME_INDEX]=4 
17465955503>u .zinit-load:99> ZINIT[TIME_${ZINIT[TIME_INDEX]}_${___id_as//\//---}]=0.001 
17465955503>u .zinit-load:100> ZINIT[AT_TIME_${ZINIT[TIME_INDEX]}_${___id_as//\//---}]=1746595550.0420160294 
17465955503>u .zinit-load:101> return ___retval
17465955503>u .zinit-load-object:10> ___retval+=0 
17465955503>u .zinit-load-object:12> return __retval
17465955503>u zinit:280> integer ___last_retval=0
17465955503>u zinit:281> ___retval+=___last_retval 
17465955503>u zinit:283> ((  ___turbo && !___had_cloneonly && ZINIT[HAVE_SCHEDULER]  ))
17465955503>u zinit:288> ((  ___turbo && ZINIT[HAVE_SCHEDULER] && 0 == ___last_retval  ))
17465955503>u zinit:305> ((  1  ))
17465955503>u zinit:305> shift
17465955503>u zinit:306> ___is_snippet=0 
17465955503>u zinit:124> ((  0  ))
17465955503>u zinit:312> ((  ___error  ))
17465955503>u zinit:325> ((  ! 0  ))
17465955503>u zinit:326> return ___retval
17465955503>u /Users/peario/.config/zsh/tools.zsh:114> zsh-defer g self update
17465955503>u zsh-defer:1> emulate -L zsh -o extended_glob
17465955503>u zsh-defer:2> local all=12dmszpr
17465955503>u zsh-defer:3> local -i delay OPTIND
17465955503>u zsh-defer:4> local opts=12dmszpr cmd opt OPTARG match mbegin mend
17465955503>u zsh-defer:5> getopts :hc:t:a12dmszpr opt
17465955503>u zsh-defer:77> [[ 12dmszpr != *c* ]]
17465955503>u zsh-defer:78> cmd='g self update' 
17465955503>u zsh-defer:83> [[ 12dmszpr == *p* && 0 == 0 ]]
17465955503>u zsh-defer:83> RPS1='' 
17465955503>u zsh-defer:84> ((  0  ))
17465955503>u zsh-defer:84> _zsh-defer-schedule 0
17465955503>u _zsh-defer-schedule:1> local fd
17465955503>u _zsh-defer-schedule:2> [[ 0 == 0 ]]
17465955503>u _zsh-defer-schedule:8> zle -F 18 _zsh-defer-resume
17465955503>u zsh-defer:85> _zsh_defer_tasks+='0 12dmszpr g self update' 
17465955503>u /Users/peario/.config/zsh/tools.zsh:118> [ -d /Users/peario/.go ']'
17465955503>u /Users/peario/.config/zsh/tools.zsh:119> [ -d /Users/peario/.go ']'
17465955503>u /Users/peario/.config/zsh/tools.zsh:119> export GOROOT=/Users/peario/.go
17465955503>u /Users/peario/.config/zsh/tools.zsh:120> [ -d /Users/peario/go ']'
17465955503>u /Users/peario/.config/zsh/tools.zsh:120> export GOPATH=/Users/peario/go
17465955503>u /Users/peario/.config/zsh/tools.zsh:121> [ -d /Users/peario/go/bin ']'
17465955503>u /Users/peario/.config/zsh/tools.zsh:121> path+=( /Users/peario/go/bin ) 
17465955503>u /Users/peario/.config/zsh/tools.zsh:123> path+=( /usr/local/go/bin ) 
17465955503>u /Users/peario/.config/zsh/tools.zsh:127> [ -d /Users/peario/.cargo/bin ']'
17465955503>u /Users/peario/.config/zsh/tools.zsh:128> case :/opt/homebrew/bin:/opt/homebrew/sbin:/Users/peario/.nix-profile/bin:/nix/var/nix/profiles/default/bin:/usr/local/bin:/System/Cryptexes/App/usr/bin:/usr/bin:/bin:/usr/sbin:/sbin:/var/run/com.apple.security.cryptexd/codex.system/bootstrap/usr/local/bin:/var/run/com.apple.security.cryptexd/codex.system/bootstrap/usr/bin:/var/run/com.apple.security.cryptexd/codex.system/bootstrap/usr/appleinternal/bin:/Library/Apple/usr/bin:/Library/TeX/texbin:/Users/peario/.lua/bin:/Users/peario/.local/state/fnm_multishells/17273_1746595542416/bin:/opt/homebrew/opt/llvm@19/bin:/Users/peario/.cargo/bin:/Users/peario/.local/share/zinit/plugins/voidint---g:/Users/peario/perl5/bin:/Users/peario/.local/share/zinit/polaris/bin:/Applications/Ghostty.app/Contents/MacOS:/Users/peario/go/bin:/usr/local/go/bin:/Users/peario/.nimble/bin:/Users/peario/.local/bin:/Users/peario/.local/share/fnm:/Users/peario/Library/pnpm:/Users/peario/.bun/bin:/Users/peario/Library/Application Support/JetBrains/Toolbox/scripts:/Users/peario/go/bin:/usr/local/go/bin: (*:/Users/peario/.cargo/bin:*)
17465955503>u /Users/peario/.config/zsh/tools.zsh:139> [ -d /Users/peario/.nimble/bin ']'
17465955503>u /Users/peario/.config/zsh/tools.zsh:139> path+=( /Users/peario/.nimble/bin ) 
17465955503>u /Users/peario/.config/zsh/tools.zsh:143> [ -d /Users/peario/.local/bin ']'
17465955503>u /Users/peario/.config/zsh/tools.zsh:143> path+=( /Users/peario/.local/bin ) 
17465955503>u /Users/peario/.config/zsh/tools.zsh:146> ((  1  ))
17465955503>u /Users/peario/.config/zsh/tools.zsh:146> [ '' '=' false ']'
17465955503>u /Users/peario/.config/zsh/tools.zsh:156> ((  1  ))
17465955503>u /Users/peario/.config/zsh/tools.zsh:157> UV_COMP=/Users/peario/.config/zsh/completions/uv.zsh 
17465955503>u /Users/peario/.config/zsh/tools.zsh:159> [[ ! -f /Users/peario/.config/zsh/completions/uv.zsh || -n '(#qN.mh+24)' ]]
17465955503>u /Users/peario/.config/zsh/tools.zsh:160> uv generate-shell-completion zsh
17465955503>u /Users/peario/.config/zsh/tools.zsh:163> source /Users/peario/.config/zsh/completions/uv.zsh
17465955503>u /Users/peario/.config/zsh/completions/uv.zsh:3> autoload -U is-at-least
17465955503>u /Users/peario/.config/zsh/completions/uv.zsh:4243> ((  0  ))
17465955503>u /Users/peario/.config/zsh/completions/uv.zsh:4270> ((  0  ))
17465955503>u /Users/peario/.config/zsh/completions/uv.zsh:4275> ((  0  ))
17465955503>u /Users/peario/.config/zsh/completions/uv.zsh:4280> ((  0  ))
17465955503>u /Users/peario/.config/zsh/completions/uv.zsh:4294> ((  0  ))
17465955503>u /Users/peario/.config/zsh/completions/uv.zsh:4299> ((  0  ))
17465955503>u /Users/peario/.config/zsh/completions/uv.zsh:4304> ((  0  ))
17465955503>u /Users/peario/.config/zsh/completions/uv.zsh:4309> ((  0  ))
17465955503>u /Users/peario/.config/zsh/completions/uv.zsh:4314> ((  0  ))
17465955503>u /Users/peario/.config/zsh/completions/uv.zsh:4319> ((  0  ))
17465955503>u /Users/peario/.config/zsh/completions/uv.zsh:4324> ((  0  ))
17465955503>u /Users/peario/.config/zsh/completions/uv.zsh:4329> ((  0  ))
17465955503>u /Users/peario/.config/zsh/completions/uv.zsh:4334> ((  0  ))
17465955503>u /Users/peario/.config/zsh/completions/uv.zsh:4343> ((  0  ))
17465955503>u /Users/peario/.config/zsh/completions/uv.zsh:4348> ((  0  ))
17465955503>u /Users/peario/.config/zsh/completions/uv.zsh:4353> ((  0  ))
17465955503>u /Users/peario/.config/zsh/completions/uv.zsh:4358> ((  0  ))
17465955503>u /Users/peario/.config/zsh/completions/uv.zsh:4363> ((  0  ))
17465955503>u /Users/peario/.config/zsh/completions/uv.zsh:4368> ((  0  ))
17465955503>u /Users/peario/.config/zsh/completions/uv.zsh:4373> ((  0  ))
17465955503>u /Users/peario/.config/zsh/completions/uv.zsh:4378> ((  0  ))
17465955503>u /Users/peario/.config/zsh/completions/uv.zsh:4383> ((  0  ))
17465955503>u /Users/peario/.config/zsh/completions/uv.zsh:4388> ((  0  ))
17465955503>u /Users/peario/.config/zsh/completions/uv.zsh:4403> ((  0  ))
17465955503>u /Users/peario/.config/zsh/completions/uv.zsh:4408> ((  0  ))
17465955503>u /Users/peario/.config/zsh/completions/uv.zsh:4413> ((  0  ))
17465955503>u /Users/peario/.config/zsh/completions/uv.zsh:4418> ((  0  ))
17465955503>u /Users/peario/.config/zsh/completions/uv.zsh:4423> ((  0  ))
17465955503>u /Users/peario/.config/zsh/completions/uv.zsh:4428> ((  0  ))
17465955503>u /Users/peario/.config/zsh/completions/uv.zsh:4433> ((  0  ))
17465955503>u /Users/peario/.config/zsh/completions/uv.zsh:4438> ((  0  ))
17465955503>u /Users/peario/.config/zsh/completions/uv.zsh:4443> ((  0  ))
17465955503>u /Users/peario/.config/zsh/completions/uv.zsh:4448> ((  0  ))
17465955503>u /Users/peario/.config/zsh/completions/uv.zsh:4453> ((  0  ))
17465955503>u /Users/peario/.config/zsh/completions/uv.zsh:4465> ((  0  ))
17465955503>u /Users/peario/.config/zsh/completions/uv.zsh:4470> ((  0  ))
17465955503>u /Users/peario/.config/zsh/completions/uv.zsh:4475> ((  0  ))
17465955503>u /Users/peario/.config/zsh/completions/uv.zsh:4480> ((  0  ))
17465955503>u /Users/peario/.config/zsh/completions/uv.zsh:4485> ((  0  ))
17465955503>u /Users/peario/.config/zsh/completions/uv.zsh:4490> ((  0  ))
17465955503>u /Users/peario/.config/zsh/completions/uv.zsh:4495> ((  0  ))
17465955503>u /Users/peario/.config/zsh/completions/uv.zsh:4500> ((  0  ))
17465955503>u /Users/peario/.config/zsh/completions/uv.zsh:4505> ((  0  ))
17465955503>u /Users/peario/.config/zsh/completions/uv.zsh:4512> ((  0  ))
17465955503>u /Users/peario/.config/zsh/completions/uv.zsh:4517> ((  0  ))
17465955503>u /Users/peario/.config/zsh/completions/uv.zsh:4522> ((  0  ))
17465955503>u /Users/peario/.config/zsh/completions/uv.zsh:4536> ((  0  ))
17465955503>u /Users/peario/.config/zsh/completions/uv.zsh:4541> ((  0  ))
17465955503>u /Users/peario/.config/zsh/completions/uv.zsh:4546> ((  0  ))
17465955503>u /Users/peario/.config/zsh/completions/uv.zsh:4551> ((  0  ))
17465955503>u /Users/peario/.config/zsh/completions/uv.zsh:4556> ((  0  ))
17465955503>u /Users/peario/.config/zsh/completions/uv.zsh:4561> ((  0  ))
17465955503>u /Users/peario/.config/zsh/completions/uv.zsh:4566> ((  0  ))
17465955503>u /Users/peario/.config/zsh/completions/uv.zsh:4571> ((  0  ))
17465955503>u /Users/peario/.config/zsh/completions/uv.zsh:4576> ((  0  ))
17465955503>u /Users/peario/.config/zsh/completions/uv.zsh:4581> ((  0  ))
17465955503>u /Users/peario/.config/zsh/completions/uv.zsh:4586> ((  0  ))
17465955503>u /Users/peario/.config/zsh/completions/uv.zsh:4592> [ /Users/peario/.config/zsh/completions/uv.zsh '=' _uv ']'
17465955503>u /Users/peario/.config/zsh/completions/uv.zsh:4595> compdef _uv uv
17465955503>u compdef:1> local opt autol type func delete eval new i ret=0 cmd svc
17465955503>u compdef:2> local -a match mbegin mend
17465955503>u compdef:4> emulate -L zsh
17465955503>u compdef:5> setopt extendedglob
17465955503>u compdef:9> ((  ! 2  ))
17465955503>u compdef:14> getopts anpPkKde opt
17465955503>u compdef:38> shift OPTIND-1
17465955503>u compdef:40> ((  ! 2  ))
17465955503>u compdef:45> [[ -z '' ]]
17465955503>u compdef:49> [[ -z '' ]]
17465955503>u compdef:49> [[ _uv = *=* ]]
17465955503>u compdef:79> func=_uv 
17465955503>u compdef:80> [[ -n '' ]]
17465955503>u compdef:81> shift
17465955503>u compdef:83> case  (widgetkey)
17465955503>u compdef:83> case  (key)
17465955503>u compdef:83> case  (*)
17465955503>u compdef:131> ((  1  ))
17465955503>u compdef:132> [[ uv = -N ]]
17465955503>u compdef:134> [[ uv = -p ]]
17465955503>u compdef:136> [[ uv = -P ]]
17465955503>u compdef:139> case  (pattern)
17465955503>u compdef:139> case  (postpattern)
17465955503>u compdef:139> case  (*)
17465955503>u compdef:155> [[ uv = *=* ]]
17465955503>u compdef:159> cmd=uv 
17465955503>u compdef:160> svc='' 
17465955503>u compdef:162> [[ -z '' ]]
17465955503>u compdef:163> _comps[$cmd]=_uv 
17465955503>u compdef:164> [[ -n '' ]]
17465955503>u compdef:169> shift
17465955503>u compdef:131> ((  0  ))
17465955503>u /Users/peario/.config/zsh/tools.zsh:167> ((  1  ))
17465955503>u /Users/peario/.config/zsh/tools.zsh:168> FZF_COMP=/Users/peario/.config/zsh/completions/fzf.zsh 
17465955503>u /Users/peario/.config/zsh/tools.zsh:170> [[ ! -f /Users/peario/.config/zsh/completions/fzf.zsh || -n '/Users/peario/.config/zsh/completions/fzf.zsh(#qN.mh+24)' ]]
17465955503>u /Users/peario/.config/zsh/tools.zsh:171> fzf --zsh
17465955503>u /Users/peario/.config/zsh/tools.zsh:174> source /Users/peario/.config/zsh/completions/fzf.zsh
17465955503>u /Users/peario/.config/zsh/completions/fzf.zsh:21> zmodload zsh/parameter
17465955503>u /Users/peario/.config/zsh/completions/fzf.zsh:21> ((  1  ))
17465955503>u /Users/peario/.config/zsh/completions/fzf.zsh:22> __fzf_key_bindings_options='options=(posixargzero off autolist on shortrepeat off printexitvalue off kshzerosubscript off histreduceblanks on chaselinks off extendedglob off localloops off histnostore off automenu on globcomplete off unset on listpacked off promptsubst on shwordsplit off pathdirs off kshtypeset off listtypes on warncreateglobal off promptbang off dotglob off braceexpand on listbeep on correctall off privileged off numericglobsort off histverify on trackall on histsubstpattern off globstarshort off cbases off rcquotes off posixaliases off histfindnodups off bashautolist off sharehistory off overstrike off kshautoload off incappendhistory on appendcreate off promptcr on mailwarn off pushdignoredups on interactive on ignoreeof off globsubst off rematchpcre off monitor on histsavebycopy on clobberempty off histbeep off debugbeforecmd on magicequalsubst off rmstarsilent off posixjobs off hashcmds on posixtraps off extendedhistory on notify on kshoptionprint off histexpiredupsfirst off glob on posixcd off braceccl off badpattern on longlistjobs off banghist on dvorak off alwaystoend on hashall on warnnestedvar off globalexport on ksharrays off correct on cdsilent off autonamedirs off histexpand on typesetsilent off rmstarwait off histnofunctions off autoparamslash on trapsasync off sunkeyboardhack off promptsp on histsavenodups on autocd on allexport off posixidentifiers off cshjunkiehistory off autopushd on completeinword off completealiases off aliases on autocontinue off appendhistory on aliasfuncdef off singlelinezle off hashlistall on ignoreclosebraces off recexact off localoptions off interactivecomments on errexit off cshjunkiequotes off markdirs off hashdirs on cdablevars off rcexpandparam off vi off printeightbit off multifuncdef on xtrace on login on cshjunkieloops off histappend on histignorespace off evallineno on shfileexpansion off rcs on functionargzero on errreturn off combiningchars on histignoredups off histfcntllock on beep on autoremoveslash on hup on globdots off checkrunningjobs on autoparamkeys on shnullcmd off multibyte on zle on promptpercent on flowcontrol on continueonerror off incappendhistorytime off autoresume off globassign off caseglob on shortloops on bsdecho off cprecedences off log on transientrprompt off verbose off localpatterns off ignorebraces off pipefail off equals on menucomplete on cshnullglob off casematch on promptvars on histallowclobber off bareglobqual on shinstdin off restricted off pushdminus off nullglob off chasedots off mailwarning off listambiguous on cshnullcmd off bashrematch off octalzeroes off forcefloat off exec on multios on emacs off nomatch off pathscript off localtraps off stdin off onecmd off kshglob off clobber on posixbuiltins off alwayslastprompt on pushdtohome on histignorealldups off hashexecutablesonly off pushdsilent on casepaths off shoptionletters off physical off sourcetrace off typesettounset off histlexwords off bgnice on globalrcs on posixstrings off checkjobs on shglob off singlecommand off listrowsfirst off)' 
17465955503>u /Users/peario/.config/zsh/completions/fzf.zsh:37> emulate zsh
17465955503>u /Users/peario/.config/zsh/completions/fzf.zsh:37> setopt no_aliases
17465955503>u /Users/peario/.config/zsh/completions/fzf.zsh:40> [[ -o interactive ]]
17465955503>u /Users/peario/.config/zsh/completions/fzf.zsh:75> [[ x !=  ]]
17465955503>u /Users/peario/.config/zsh/completions/fzf.zsh:76> zle -N fzf-file-widget
17465955503>u /Users/peario/.config/zsh/completions/fzf.zsh:77> bindkey -M emacs '^T' fzf-file-widget
17465955503>u /Users/peario/.config/zsh/completions/fzf.zsh:78> bindkey -M vicmd '^T' fzf-file-widget
17465955503>u /Users/peario/.config/zsh/completions/fzf.zsh:79> bindkey -M viins '^T' fzf-file-widget
17465955503>u /Users/peario/.config/zsh/completions/fzf.zsh:101> [[ x !=  ]]
17465955503>u /Users/peario/.config/zsh/completions/fzf.zsh:102> zle -N fzf-cd-widget
17465955503>u /Users/peario/.config/zsh/completions/fzf.zsh:103> bindkey -M emacs '\ec' fzf-cd-widget
17465955503>u /Users/peario/.config/zsh/completions/fzf.zsh:104> bindkey -M vicmd '\ec' fzf-cd-widget
17465955503>u /Users/peario/.config/zsh/completions/fzf.zsh:105> bindkey -M viins '\ec' fzf-cd-widget
17465955503>u /Users/peario/.config/zsh/completions/fzf.zsh:136> zle -N fzf-history-widget
17465955503>u /Users/peario/.config/zsh/completions/fzf.zsh:137> bindkey -M emacs '^R' fzf-history-widget
17465955503>u /Users/peario/.config/zsh/completions/fzf.zsh:138> bindkey -M vicmd '^R' fzf-history-widget
17465955503>u /Users/peario/.config/zsh/completions/fzf.zsh:139> bindkey -M viins '^R' fzf-history-widget
17465955503>u /Users/peario/.config/zsh/completions/fzf.zsh:143> eval 'options=(posixargzero off autolist on shortrepeat off printexitvalue off kshzerosubscript off histreduceblanks on chaselinks off extendedglob off localloops off histnostore off automenu on globcomplete off unset on listpacked off promptsubst on shwordsplit off pathdirs off kshtypeset off listtypes on warncreateglobal off promptbang off dotglob off braceexpand on listbeep on correctall off privileged off numericglobsort off histverify on trackall on histsubstpattern off globstarshort off cbases off rcquotes off posixaliases off histfindnodups off bashautolist off sharehistory off overstrike off kshautoload off incappendhistory on appendcreate off promptcr on mailwarn off pushdignoredups on interactive on ignoreeof off globsubst off rematchpcre off monitor on histsavebycopy on clobberempty off histbeep off debugbeforecmd on magicequalsubst off rmstarsilent off posixjobs off hashcmds on posixtraps off extendedhistory on notify on kshoptionprint off histexpiredupsfirst off glob on posixcd off braceccl off badpattern on longlistjobs off banghist on dvorak off alwaystoend on hashall on warnnestedvar off globalexport on ksharrays off correct on cdsilent off autonamedirs off histexpand on typesetsilent off rmstarwait off histnofunctions off autoparamslash on trapsasync off sunkeyboardhack off promptsp on histsavenodups on autocd on allexport off posixidentifiers off cshjunkiehistory off autopushd on completeinword off completealiases off aliases on autocontinue off appendhistory on aliasfuncdef off singlelinezle off hashlistall on ignoreclosebraces off recexact off localoptions off interactivecomments on errexit off cshjunkiequotes off markdirs off hashdirs on cdablevars off rcexpandparam off vi off printeightbit off multifuncdef on xtrace on login on cshjunkieloops off histappend on histignorespace off evallineno on shfileexpansion off rcs on functionargzero on errreturn off combiningchars on histignoredups off histfcntllock on beep on autoremoveslash on hup on globdots off checkrunningjobs on autoparamkeys on shnullcmd off multibyte on zle on promptpercent on flowcontrol on continueonerror off incappendhistorytime off autoresume off globassign off caseglob on shortloops on bsdecho off cprecedences off log on transientrprompt off verbose off localpatterns off ignorebraces off pipefail off equals on menucomplete on cshnullglob off casematch on promptvars on histallowclobber off bareglobqual on shinstdin off restricted off pushdminus off nullglob off chasedots off mailwarning off listambiguous on cshnullcmd off bashrematch off octalzeroes off forcefloat off exec on multios on emacs off nomatch off pathscript off localtraps off stdin off onecmd off kshglob off clobber on posixbuiltins off alwayslastprompt on pushdtohome on histignorealldups off hashexecutablesonly off pushdsilent on casepaths off shoptionletters off physical off sourcetrace off typesettounset off histlexwords off bgnice on globalrcs on posixstrings off checkjobs on shglob off singlecommand off listrowsfirst off)'
17465955503>u (eval):1> options=( posixargzero off autolist on shortrepeat off printexitvalue off kshzerosubscript off histreduceblanks on chaselinks off extendedglob off localloops off histnostore off automenu on globcomplete off unset on listpacked off promptsubst on shwordsplit off pathdirs off kshtypeset off listtypes on warncreateglobal off promptbang off dotglob off braceexpand on listbeep on correctall off privileged off numericglobsort off histverify on trackall on histsubstpattern off globstarshort off cbases off rcquotes off posixaliases off histfindnodups off bashautolist off sharehistory off overstrike off kshautoload off incappendhistory on appendcreate off promptcr on mailwarn off pushdignoredups on interactive on ignoreeof off globsubst off rematchpcre off monitor on histsavebycopy on clobberempty off histbeep off debugbeforecmd on magicequalsubst off rmstarsilent off posixjobs off hashcmds on posixtraps off extendedhistory on notify on kshoptionprint off histexpiredupsfirst off glob on posixcd off braceccl off badpattern on longlistjobs off banghist on dvorak off alwaystoend on hashall on warnnestedvar off globalexport on ksharrays off correct on cdsilent off autonamedirs off histexpand on typesetsilent off rmstarwait off histnofunctions off autoparamslash on trapsasync off sunkeyboardhack off promptsp on histsavenodups on autocd on allexport off posixidentifiers off cshjunkiehistory off autopushd on completeinword off completealiases off aliases on autocontinue off appendhistory on aliasfuncdef off singlelinezle off hashlistall on ignoreclosebraces off recexact off localoptions off interactivecomments on errexit off cshjunkiequotes off markdirs off hashdirs on cdablevars off rcexpandparam off vi off printeightbit off multifuncdef on xtrace on login on cshjunkieloops off histappend on histignorespace off evallineno on shfileexpansion off rcs on functionargzero on errreturn off combiningchars on histignoredups off histfcntllock on beep on autoremoveslash on hup on globdots off checkrunningjobs on autoparamkeys on shnullcmd off multibyte on zle on promptpercent on flowcontrol on continueonerror off incappendhistorytime off autoresume off globassign off caseglob on shortloops on bsdecho off cprecedences off log on transientrprompt off verbose off localpatterns off ignorebraces off pipefail off equals on menucomplete on cshnullglob off casematch on promptvars on histallowclobber off bareglobqual on shinstdin off restricted off pushdminus off nullglob off chasedots off mailwarning off listambiguous on cshnullcmd off bashrematch off octalzeroes off forcefloat off exec on multios on emacs off nomatch off pathscript off localtraps off stdin off onecmd off kshglob off clobber on posixbuiltins off alwayslastprompt on pushdtohome on histignorealldups off hashexecutablesonly off pushdsilent on casepaths off shoptionletters off physical off sourcetrace off typesettounset off histlexwords off bgnice on globalrcs on posixstrings off checkjobs on shglob off singlecommand off listrowsfirst off ) 
17465955503>u /Users/peario/.config/zsh/completions/fzf.zsh:144> unset __fzf_key_bindings_options
17465955503>u /Users/peario/.config/zsh/completions/fzf.zsh:174> zmodload zsh/parameter
17465955503>u /Users/peario/.config/zsh/completions/fzf.zsh:174> ((  1  ))
17465955503>u /Users/peario/.config/zsh/completions/fzf.zsh:181> __fzf_completion_options='options=(posixargzero off autolist on shortrepeat off printexitvalue off kshzerosubscript off histreduceblanks on chaselinks off extendedglob off localloops off histnostore off automenu on globcomplete off unset on listpacked off promptsubst on shwordsplit off pathdirs off kshtypeset off listtypes on warncreateglobal off promptbang off dotglob off braceexpand on listbeep on correctall off privileged off numericglobsort off histverify on trackall on histsubstpattern off globstarshort off cbases off rcquotes off posixaliases off histfindnodups off bashautolist off sharehistory off overstrike off kshautoload off incappendhistory on appendcreate off promptcr on mailwarn off pushdignoredups on interactive on ignoreeof off globsubst off rematchpcre off monitor on histsavebycopy on clobberempty off histbeep off debugbeforecmd on magicequalsubst off rmstarsilent off posixjobs off hashcmds on posixtraps off extendedhistory on notify on kshoptionprint off histexpiredupsfirst off glob on posixcd off braceccl off badpattern on longlistjobs off banghist on dvorak off alwaystoend on hashall on warnnestedvar off globalexport on ksharrays off correct on cdsilent off autonamedirs off histexpand on typesetsilent off rmstarwait off histnofunctions off autoparamslash on trapsasync off sunkeyboardhack off promptsp on histsavenodups on autocd on allexport off posixidentifiers off cshjunkiehistory off autopushd on completeinword off completealiases off aliases on autocontinue off appendhistory on aliasfuncdef off singlelinezle off hashlistall on ignoreclosebraces off recexact off localoptions off interactivecomments on errexit off cshjunkiequotes off markdirs off hashdirs on cdablevars off rcexpandparam off vi off printeightbit off multifuncdef on xtrace on login on cshjunkieloops off histappend on histignorespace off evallineno on shfileexpansion off rcs on functionargzero on errreturn off combiningchars on histignoredups off histfcntllock on beep on autoremoveslash on hup on globdots off checkrunningjobs on autoparamkeys on shnullcmd off multibyte on zle on promptpercent on flowcontrol on continueonerror off incappendhistorytime off autoresume off globassign off caseglob on shortloops on bsdecho off cprecedences off log on transientrprompt off verbose off localpatterns off ignorebraces off pipefail off equals on menucomplete on cshnullglob off casematch on promptvars on histallowclobber off bareglobqual on shinstdin off restricted off pushdminus off nullglob off chasedots off mailwarning off listambiguous on cshnullcmd off bashrematch off octalzeroes off forcefloat off exec on multios on emacs off nomatch off pathscript off localtraps off stdin off onecmd off kshglob off clobber on posixbuiltins off alwayslastprompt on pushdtohome on histignorealldups off hashexecutablesonly off pushdsilent on casepaths off shoptionletters off physical off sourcetrace off typesettounset off histlexwords off bgnice on globalrcs on posixstrings off checkjobs on shglob off singlecommand off listrowsfirst off)' 
17465955503>u /Users/peario/.config/zsh/completions/fzf.zsh:220> emulate zsh
17465955503>u /Users/peario/.config/zsh/completions/fzf.zsh:220> setopt no_aliases
17465955503>u /Users/peario/.config/zsh/completions/fzf.zsh:227> [[ -o interactive ]]
17465955503>u /Users/peario/.config/zsh/completions/fzf.zsh:390> declare -f __fzf_list_hosts
17465955503>u /Users/peario/.config/zsh/completions/fzf.zsh:521> [ -z '' ']'
17465955503>u /Users/peario/.config/zsh/completions/fzf.zsh:522> binding=17465955503>u /Users/peario/.config/zsh/completions/fzf.zsh:522> bindkey '^I'
17465955503>u /Users/peario/.config/zsh/completions/fzf.zsh:522> binding='"^I" complete-word' 
17465955503>u /Users/peario/.config/zsh/completions/fzf.zsh:523> [[ $binding -regex-match 'undefined-key' ]]
17465955503>u /Users/peario/.config/zsh/completions/fzf.zsh:523> fzf_default_completion=complete-word 
17465955503>u /Users/peario/.config/zsh/completions/fzf.zsh:524> unset binding
17465955503>u /Users/peario/.config/zsh/completions/fzf.zsh:528> zle -N fzf-completion
17465955503>u /Users/peario/.config/zsh/completions/fzf.zsh:529> bindkey '^I' fzf-completion
17465955503>u /Users/peario/.config/zsh/completions/fzf.zsh:534> eval 'options=(posixargzero off autolist on shortrepeat off printexitvalue off kshzerosubscript off histreduceblanks on chaselinks off extendedglob off localloops off histnostore off automenu on globcomplete off unset on listpacked off promptsubst on shwordsplit off pathdirs off kshtypeset off listtypes on warncreateglobal off promptbang off dotglob off braceexpand on listbeep on correctall off privileged off numericglobsort off histverify on trackall on histsubstpattern off globstarshort off cbases off rcquotes off posixaliases off histfindnodups off bashautolist off sharehistory off overstrike off kshautoload off incappendhistory on appendcreate off promptcr on mailwarn off pushdignoredups on interactive on ignoreeof off globsubst off rematchpcre off monitor on histsavebycopy on clobberempty off histbeep off debugbeforecmd on magicequalsubst off rmstarsilent off posixjobs off hashcmds on posixtraps off extendedhistory on notify on kshoptionprint off histexpiredupsfirst off glob on posixcd off braceccl off badpattern on longlistjobs off banghist on dvorak off alwaystoend on hashall on warnnestedvar off globalexport on ksharrays off correct on cdsilent off autonamedirs off histexpand on typesetsilent off rmstarwait off histnofunctions off autoparamslash on trapsasync off sunkeyboardhack off promptsp on histsavenodups on autocd on allexport off posixidentifiers off cshjunkiehistory off autopushd on completeinword off completealiases off aliases on autocontinue off appendhistory on aliasfuncdef off singlelinezle off hashlistall on ignoreclosebraces off recexact off localoptions off interactivecomments on errexit off cshjunkiequotes off markdirs off hashdirs on cdablevars off rcexpandparam off vi off printeightbit off multifuncdef on xtrace on login on cshjunkieloops off histappend on histignorespace off evallineno on shfileexpansion off rcs on functionargzero on errreturn off combiningchars on histignoredups off histfcntllock on beep on autoremoveslash on hup on globdots off checkrunningjobs on autoparamkeys on shnullcmd off multibyte on zle on promptpercent on flowcontrol on continueonerror off incappendhistorytime off autoresume off globassign off caseglob on shortloops on bsdecho off cprecedences off log on transientrprompt off verbose off localpatterns off ignorebraces off pipefail off equals on menucomplete on cshnullglob off casematch on promptvars on histallowclobber off bareglobqual on shinstdin off restricted off pushdminus off nullglob off chasedots off mailwarning off listambiguous on cshnullcmd off bashrematch off octalzeroes off forcefloat off exec on multios on emacs off nomatch off pathscript off localtraps off stdin off onecmd off kshglob off clobber on posixbuiltins off alwayslastprompt on pushdtohome on histignorealldups off hashexecutablesonly off pushdsilent on casepaths off shoptionletters off physical off sourcetrace off typesettounset off histlexwords off bgnice on globalrcs on posixstrings off checkjobs on shglob off singlecommand off listrowsfirst off)'
17465955503>u (eval):1> options=( posixargzero off autolist on shortrepeat off printexitvalue off kshzerosubscript off histreduceblanks on chaselinks off extendedglob off localloops off histnostore off automenu on globcomplete off unset on listpacked off promptsubst on shwordsplit off pathdirs off kshtypeset off listtypes on warncreateglobal off promptbang off dotglob off braceexpand on listbeep on correctall off privileged off numericglobsort off histverify on trackall on histsubstpattern off globstarshort off cbases off rcquotes off posixaliases off histfindnodups off bashautolist off sharehistory off overstrike off kshautoload off incappendhistory on appendcreate off promptcr on mailwarn off pushdignoredups on interactive on ignoreeof off globsubst off rematchpcre off monitor on histsavebycopy on clobberempty off histbeep off debugbeforecmd on magicequalsubst off rmstarsilent off posixjobs off hashcmds on posixtraps off extendedhistory on notify on kshoptionprint off histexpiredupsfirst off glob on posixcd off braceccl off badpattern on longlistjobs off banghist on dvorak off alwaystoend on hashall on warnnestedvar off globalexport on ksharrays off correct on cdsilent off autonamedirs off histexpand on typesetsilent off rmstarwait off histnofunctions off autoparamslash on trapsasync off sunkeyboardhack off promptsp on histsavenodups on autocd on allexport off posixidentifiers off cshjunkiehistory off autopushd on completeinword off completealiases off aliases on autocontinue off appendhistory on aliasfuncdef off singlelinezle off hashlistall on ignoreclosebraces off recexact off localoptions off interactivecomments on errexit off cshjunkiequotes off markdirs off hashdirs on cdablevars off rcexpandparam off vi off printeightbit off multifuncdef on xtrace on login on cshjunkieloops off histappend on histignorespace off evallineno on shfileexpansion off rcs on functionargzero on errreturn off combiningchars on histignoredups off histfcntllock on beep on autoremoveslash on hup on globdots off checkrunningjobs on autoparamkeys on shnullcmd off multibyte on zle on promptpercent on flowcontrol on continueonerror off incappendhistorytime off autoresume off globassign off caseglob on shortloops on bsdecho off cprecedences off log on transientrprompt off verbose off localpatterns off ignorebraces off pipefail off equals on menucomplete on cshnullglob off casematch on promptvars on histallowclobber off bareglobqual on shinstdin off restricted off pushdminus off nullglob off chasedots off mailwarning off listambiguous on cshnullcmd off bashrematch off octalzeroes off forcefloat off exec on multios on emacs off nomatch off pathscript off localtraps off stdin off onecmd off kshglob off clobber on posixbuiltins off alwayslastprompt on pushdtohome on histignorealldups off hashexecutablesonly off pushdsilent on casepaths off shoptionletters off physical off sourcetrace off typesettounset off histlexwords off bgnice on globalrcs on posixstrings off checkjobs on shglob off singlecommand off listrowsfirst off ) 
17465955503>u /Users/peario/.config/zsh/completions/fzf.zsh:535> unset __fzf_completion_options
17465955503>u /Users/peario/.config/zsh/tools.zsh:190> [[ -d /opt/homebrew/opt/mysql-client/lib/pkgconfig ]]
17465955503>u /Users/peario/.config/zsh/tools.zsh:191> export PKG_CONFIG_PATH=:/opt/homebrew/opt/mysql-client/lib/pkgconfig:/opt/homebrew/opt/libpq/lib/pkgconfig:/opt/homebrew/opt/sqlite/lib/pkgconfig:/opt/homebrew/opt/mysql-client/lib/pkgconfig
17465955503>u /Users/peario/.config/zsh/tools.zsh:195> [[ -d /opt/homebrew/opt/libpq/lib/pkgconfig ]]
17465955503>u /Users/peario/.config/zsh/tools.zsh:196> export PKG_CONFIG_PATH=:/opt/homebrew/opt/mysql-client/lib/pkgconfig:/opt/homebrew/opt/libpq/lib/pkgconfig:/opt/homebrew/opt/sqlite/lib/pkgconfig:/opt/homebrew/opt/mysql-client/lib/pkgconfig:/opt/homebrew/opt/libpq/lib/pkgconfig
17465955503>u /Users/peario/.config/zsh/tools.zsh:198> export PQ_LIB_DIR=/opt/homebrew/opt/libpq/lib
17465955503>u /Users/peario/.config/zsh/tools.zsh:205> [[ -d /opt/homebrew/opt/sqlite/lib/pkgconfig ]]
17465955503>u /Users/peario/.config/zsh/tools.zsh:206> export PKG_CONFIG_PATH=:/opt/homebrew/opt/mysql-client/lib/pkgconfig:/opt/homebrew/opt/libpq/lib/pkgconfig:/opt/homebrew/opt/sqlite/lib/pkgconfig:/opt/homebrew/opt/mysql-client/lib/pkgconfig:/opt/homebrew/opt/libpq/lib/pkgconfig:/opt/homebrew/opt/sqlite/lib/pkgconfig
17465955503>u /Users/peario/.config/zsh/tools.zsh:210> [[ -d /opt/homebrew/opt/llvm@19/bin/ ]]
17465955503>u /Users/peario/.config/zsh/tools.zsh:211> export PATH='/opt/homebrew/opt/llvm@19/bin:/opt/homebrew/bin:/opt/homebrew/sbin:/Users/peario/.nix-profile/bin:/nix/var/nix/profiles/default/bin:/usr/local/bin:/System/Cryptexes/App/usr/bin:/usr/bin:/bin:/usr/sbin:/sbin:/var/run/com.apple.security.cryptexd/codex.system/bootstrap/usr/local/bin:/var/run/com.apple.security.cryptexd/codex.system/bootstrap/usr/bin:/var/run/com.apple.security.cryptexd/codex.system/bootstrap/usr/appleinternal/bin:/Library/Apple/usr/bin:/Library/TeX/texbin:/Users/peario/.lua/bin:/Users/peario/.local/state/fnm_multishells/17273_1746595542416/bin:/opt/homebrew/opt/llvm@19/bin:/Users/peario/.cargo/bin:/Users/peario/.local/share/zinit/plugins/voidint---g:/Users/peario/perl5/bin:/Users/peario/.local/share/zinit/polaris/bin:/Applications/Ghostty.app/Contents/MacOS:/Users/peario/go/bin:/usr/local/go/bin:/Users/peario/.nimble/bin:/Users/peario/.local/bin:/Users/peario/.local/share/fnm:/Users/peario/Library/pnpm:/Users/peario/.bun/bin:/Users/peario/Library/Application Support/JetBrains/Toolbox/scripts:/Users/peario/go/bin:/usr/local/go/bin:/Users/peario/.nimble/bin:/Users/peario/.local/bin'
17465955503>u /Users/peario/.config/zsh/tools.zsh:220> ((  1  ))
17465955503>u /Users/peario/.config/zsh/tools.zsh:221> FNM_COMP=/Users/peario/.config/zsh/completions/fnm.zsh 
17465955503>u /Users/peario/.config/zsh/tools.zsh:222> FNM_EXTRAS=/Users/peario/.config/zsh/extras/fnm.zsh 
17465955503>u /Users/peario/.config/zsh/tools.zsh:224> FNM_PATH=/Users/peario/.local/share/fnm 
17465955503>u /Users/peario/.config/zsh/tools.zsh:226> [[ ! -f /Users/peario/.config/zsh/extras/fnm.zsh || -n '/Users/peario/.config/zsh/extras/fnm.zsh(#qN.mh+24)' ]]
17465955503>u /Users/peario/.config/zsh/tools.zsh:227> fnm env
17465955503>u /Users/peario/.config/zsh/tools.zsh:230> [[ ! -f /Users/peario/.config/zsh/completions/fnm.zsh || -n '/Users/peario/.config/zsh/completions/fnm.zsh(#qN.mh+24)' ]]
17465955503>u /Users/peario/.config/zsh/tools.zsh:231> fnm completions --shell zsh
17465955503>u /Users/peario/.config/zsh/tools.zsh:236> [ ! -d /Users/peario/.local/share/fnm ']'
17465955503>u /Users/peario/.config/zsh/tools.zsh:238> path+=( /Users/peario/.local/share/fnm ) 
17465955503>u /Users/peario/.config/zsh/tools.zsh:240> source /Users/peario/.config/zsh/extras/fnm.zsh
17465955503>u /Users/peario/.config/zsh/extras/fnm.zsh:1> export PATH='/Users/peario/.local/state/fnm_multishells/17397_1746595550091/bin:/opt/homebrew/opt/llvm@19/bin:/opt/homebrew/bin:/opt/homebrew/sbin:/Users/peario/.nix-profile/bin:/nix/var/nix/profiles/default/bin:/usr/local/bin:/System/Cryptexes/App/usr/bin:/usr/bin:/bin:/usr/sbin:/sbin:/var/run/com.apple.security.cryptexd/codex.system/bootstrap/usr/local/bin:/var/run/com.apple.security.cryptexd/codex.system/bootstrap/usr/bin:/var/run/com.apple.security.cryptexd/codex.system/bootstrap/usr/appleinternal/bin:/Library/Apple/usr/bin:/Library/TeX/texbin:/Users/peario/.lua/bin:/Users/peario/.local/state/fnm_multishells/17273_1746595542416/bin:/opt/homebrew/opt/llvm@19/bin:/Users/peario/.cargo/bin:/Users/peario/.local/share/zinit/plugins/voidint---g:/Users/peario/perl5/bin:/Users/peario/.local/share/zinit/polaris/bin:/Applications/Ghostty.app/Contents/MacOS:/Users/peario/go/bin:/usr/local/go/bin:/Users/peario/.nimble/bin:/Users/peario/.local/bin:/Users/peario/.local/share/fnm:/Users/peario/Library/pnpm:/Users/peario/.bun/bin:/Users/peario/Library/Application Support/JetBrains/Toolbox/scripts:/Users/peario/go/bin:/usr/local/go/bin:/Users/peario/.nimble/bin:/Users/peario/.local/bin:/Users/peario/.local/share/fnm'
17465955503>u /Users/peario/.config/zsh/extras/fnm.zsh:2> export FNM_MULTISHELL_PATH=/Users/peario/.local/state/fnm_multishells/17397_1746595550091
17465955503>u /Users/peario/.config/zsh/extras/fnm.zsh:3> export FNM_VERSION_FILE_STRATEGY=local
17465955503>u /Users/peario/.config/zsh/extras/fnm.zsh:4> export FNM_DIR=/Users/peario/.local/share/fnm
17465955503>u /Users/peario/.config/zsh/extras/fnm.zsh:5> export FNM_LOGLEVEL=info
17465955503>u /Users/peario/.config/zsh/extras/fnm.zsh:6> export FNM_NODE_DIST_MIRROR=https://nodejs.org/dist
17465955503>u /Users/peario/.config/zsh/extras/fnm.zsh:7> export FNM_COREPACK_ENABLED=false
17465955503>u /Users/peario/.config/zsh/extras/fnm.zsh:8> export FNM_RESOLVE_ENGINES=true
17465955503>u /Users/peario/.config/zsh/extras/fnm.zsh:9> export FNM_ARCH=arm64
17465955503>u /Users/peario/.config/zsh/extras/fnm.zsh:10> rehash
17465955503>u /Users/peario/.config/zsh/tools.zsh:241> source /Users/peario/.config/zsh/completions/fnm.zsh
17465955503>u /Users/peario/.config/zsh/completions/fnm.zsh:3> autoload -U is-at-least
17465955503>u /Users/peario/.config/zsh/completions/fnm.zsh:372> ((  0  ))
17465955503>u /Users/peario/.config/zsh/completions/fnm.zsh:395> ((  0  ))
17465955503>u /Users/peario/.config/zsh/completions/fnm.zsh:400> ((  0  ))
17465955503>u /Users/peario/.config/zsh/completions/fnm.zsh:405> ((  0  ))
17465955503>u /Users/peario/.config/zsh/completions/fnm.zsh:410> ((  0  ))
17465955503>u /Users/peario/.config/zsh/completions/fnm.zsh:415> ((  0  ))
17465955503>u /Users/peario/.config/zsh/completions/fnm.zsh:420> ((  0  ))
17465955503>u /Users/peario/.config/zsh/completions/fnm.zsh:425> ((  0  ))
17465955503>u /Users/peario/.config/zsh/completions/fnm.zsh:444> ((  0  ))
17465955503>u /Users/peario/.config/zsh/completions/fnm.zsh:449> ((  0  ))
17465955503>u /Users/peario/.config/zsh/completions/fnm.zsh:454> ((  0  ))
17465955503>u /Users/peario/.config/zsh/completions/fnm.zsh:459> ((  0  ))
17465955503>u /Users/peario/.config/zsh/completions/fnm.zsh:464> ((  0  ))
17465955503>u /Users/peario/.config/zsh/completions/fnm.zsh:469> ((  0  ))
17465955503>u /Users/peario/.config/zsh/completions/fnm.zsh:474> ((  0  ))
17465955503>u /Users/peario/.config/zsh/completions/fnm.zsh:479> ((  0  ))
17465955503>u /Users/peario/.config/zsh/completions/fnm.zsh:484> ((  0  ))
17465955503>u /Users/peario/.config/zsh/completions/fnm.zsh:489> ((  0  ))
17465955503>u /Users/peario/.config/zsh/completions/fnm.zsh:494> ((  0  ))
17465955503>u /Users/peario/.config/zsh/completions/fnm.zsh:499> ((  0  ))
17465955503>u /Users/peario/.config/zsh/completions/fnm.zsh:504> ((  0  ))
17465955503>u /Users/peario/.config/zsh/completions/fnm.zsh:509> ((  0  ))
17465955503>u /Users/peario/.config/zsh/completions/fnm.zsh:514> ((  0  ))
17465955503>u /Users/peario/.config/zsh/completions/fnm.zsh:519> ((  0  ))
17465955503>u /Users/peario/.config/zsh/completions/fnm.zsh:524> ((  0  ))
17465955503>u /Users/peario/.config/zsh/completions/fnm.zsh:529> ((  0  ))
17465955503>u /Users/peario/.config/zsh/completions/fnm.zsh:534> ((  0  ))
17465955503>u /Users/peario/.config/zsh/completions/fnm.zsh:540> [ /Users/peario/.config/zsh/completions/fnm.zsh '=' _fnm ']'
17465955503>u /Users/peario/.config/zsh/completions/fnm.zsh:543> compdef _fnm fnm
17465955503>u compdef:1> local opt autol type func delete eval new i ret=0 cmd svc
17465955503>u compdef:2> local -a match mbegin mend
17465955503>u compdef:4> emulate -L zsh
17465955503>u compdef:5> setopt extendedglob
17465955503>u compdef:9> ((  ! 2  ))
17465955503>u compdef:14> getopts anpPkKde opt
17465955503>u compdef:38> shift OPTIND-1
17465955503>u compdef:40> ((  ! 2  ))
17465955503>u compdef:45> [[ -z '' ]]
17465955503>u compdef:49> [[ -z '' ]]
17465955503>u compdef:49> [[ _fnm = *=* ]]
17465955503>u compdef:79> func=_fnm 
17465955503>u compdef:80> [[ -n '' ]]
17465955503>u compdef:81> shift
17465955503>u compdef:83> case  (widgetkey)
17465955503>u compdef:83> case  (key)
17465955503>u compdef:83> case  (*)
17465955503>u compdef:131> ((  1  ))
17465955503>u compdef:132> [[ fnm = -N ]]
17465955503>u compdef:134> [[ fnm = -p ]]
17465955503>u compdef:136> [[ fnm = -P ]]
17465955503>u compdef:139> case  (pattern)
17465955503>u compdef:139> case  (postpattern)
17465955503>u compdef:139> case  (*)
17465955503>u compdef:155> [[ fnm = *=* ]]
17465955503>u compdef:159> cmd=fnm 
17465955503>u compdef:160> svc='' 
17465955503>u compdef:162> [[ -z '' ]]
17465955503>u compdef:163> _comps[$cmd]=_fnm 
17465955503>u compdef:164> [[ -n '' ]]
17465955503>u compdef:169> shift
17465955503>u compdef:131> ((  0  ))
17465955503>u /Users/peario/.config/zsh/tools.zsh:244> ((  1  ))
17465955503>u /Users/peario/.config/zsh/tools.zsh:245> export NODE_COMPILE_CACHE=/Users/peario/.cache/nodejs-compile-cache
17465955503>u /Users/peario/.config/zsh/tools.zsh:248> ((  1  ))
17465955503>u /Users/peario/.config/zsh/tools.zsh:249> export PNPM_HOME=/Users/peario/Library/pnpm
17465955503>u /Users/peario/.config/zsh/tools.zsh:250> [[ "$PATH" -regex-match "$PNPM_HOME" ]]
17465955503>u /Users/peario/.config/zsh/tools.zsh:260> [ -x /opt/homebrew/bin/lesspipe.sh ']'
17465955503>u /Users/peario/.config/zsh/tools.zsh:261> export LESSOPEN='|/opt/homebrew/bin/lesspipe.sh %s'
17465955503>u /Users/peario/.config/zsh/tools.zsh:265> ((  1  ))
17465955503>u /Users/peario/.config/zsh/tools.zsh:266> export BUN_INSTALL=/Users/peario/.bun
17465955503>u /Users/peario/.config/zsh/tools.zsh:268> [ -s /Users/peario/.bun/_bun ']'
17465955503>u /Users/peario/.config/zsh/tools.zsh:269> path+=( /Users/peario/.bun/bin ) 
17465955503>u /Users/peario/.config/zsh/tools.zsh:273> ((  1  ))
17465955503>u /Users/peario/.config/zsh/tools.zsh:274> CHEZMOI_COMP=/Users/peario/.config/zsh/completions/chezmoi.zsh 
17465955503>u /Users/peario/.config/zsh/tools.zsh:276> [[ ! -f /Users/peario/.config/zsh/completions/chezmoi.zsh || -n '/Users/peario/.config/zsh/completions/chezmoi.zsh(#qN.mh+24)' ]]
17465955503>u /Users/peario/.config/zsh/tools.zsh:277> chezmoi completion zsh
17465955503>u /Users/peario/.config/zsh/tools.zsh:280> source /Users/peario/.config/zsh/completions/chezmoi.zsh
17465955503>u /Users/peario/.config/zsh/completions/chezmoi.zsh:2> compdef _chezmoi chezmoi
17465955503>u compdef:1> local opt autol type func delete eval new i ret=0 cmd svc
17465955503>u compdef:2> local -a match mbegin mend
17465955503>u compdef:4> emulate -L zsh
17465955503>u compdef:5> setopt extendedglob
17465955503>u compdef:9> ((  ! 2  ))
17465955503>u compdef:14> getopts anpPkKde opt
17465955503>u compdef:38> shift OPTIND-1
17465955503>u compdef:40> ((  ! 2  ))
17465955503>u compdef:45> [[ -z '' ]]
17465955503>u compdef:49> [[ -z '' ]]
17465955503>u compdef:49> [[ _chezmoi = *=* ]]
17465955503>u compdef:79> func=_chezmoi 
17465955503>u compdef:80> [[ -n '' ]]
17465955503>u compdef:81> shift
17465955503>u compdef:83> case  (widgetkey)
17465955503>u compdef:83> case  (key)
17465955503>u compdef:83> case  (*)
17465955503>u compdef:131> ((  1  ))
17465955503>u compdef:132> [[ chezmoi = -N ]]
17465955503>u compdef:134> [[ chezmoi = -p ]]
17465955503>u compdef:136> [[ chezmoi = -P ]]
17465955503>u compdef:139> case  (pattern)
17465955503>u compdef:139> case  (postpattern)
17465955503>u compdef:139> case  (*)
17465955503>u compdef:155> [[ chezmoi = *=* ]]
17465955503>u compdef:159> cmd=chezmoi 
17465955503>u compdef:160> svc='' 
17465955503>u compdef:162> [[ -z '' ]]
17465955503>u compdef:163> _comps[$cmd]=_chezmoi 
17465955503>u compdef:164> [[ -n '' ]]
17465955503>u compdef:169> shift
17465955503>u compdef:131> ((  0  ))
17465955503>u /Users/peario/.config/zsh/completions/chezmoi.zsh:210> [ /Users/peario/.config/zsh/completions/chezmoi.zsh '=' _chezmoi ']'
17465955503>u /Users/peario/.config/zsh/tools.zsh:284> ((  1  ))
17465955503>u /Users/peario/.config/zsh/tools.zsh:285> DENO_COMP=/Users/peario/.config/zsh/completions/deno.zsh 
17465955503>u /Users/peario/.config/zsh/tools.zsh:287> [[ ! -f /Users/peario/.config/zsh/completions/deno.zsh || -n '/Users/peario/.config/zsh/completions/deno.zsh(#qN.mh+24)' ]]
17465955503>u /Users/peario/.config/zsh/tools.zsh:288> deno completions zsh
17465955503>u /Users/peario/.config/zsh/tools.zsh:291> source /Users/peario/.config/zsh/completions/deno.zsh
17465955503>u /Users/peario/.config/zsh/completions/deno.zsh:3> autoload -U is-at-least
17465955503>u /Users/peario/.config/zsh/completions/deno.zsh:2277> ((  0  ))
17465955503>u /Users/peario/.config/zsh/completions/deno.zsh:2316> ((  0  ))
17465955503>u /Users/peario/.config/zsh/completions/deno.zsh:2321> ((  0  ))
17465955503>u /Users/peario/.config/zsh/completions/deno.zsh:2326> ((  0  ))
17465955503>u /Users/peario/.config/zsh/completions/deno.zsh:2331> ((  0  ))
17465955503>u /Users/peario/.config/zsh/completions/deno.zsh:2336> ((  0  ))
17465955503>u /Users/peario/.config/zsh/completions/deno.zsh:2341> ((  0  ))
17465955503>u /Users/peario/.config/zsh/completions/deno.zsh:2346> ((  0  ))
17465955503>u /Users/peario/.config/zsh/completions/deno.zsh:2351> ((  0  ))
17465955503>u /Users/peario/.config/zsh/completions/deno.zsh:2356> ((  0  ))
17465955503>u /Users/peario/.config/zsh/completions/deno.zsh:2361> ((  0  ))
17465955503>u /Users/peario/.config/zsh/completions/deno.zsh:2366> ((  0  ))
17465955503>u /Users/peario/.config/zsh/completions/deno.zsh:2371> ((  0  ))
17465955503>u /Users/peario/.config/zsh/completions/deno.zsh:2376> ((  0  ))
17465955503>u /Users/peario/.config/zsh/completions/deno.zsh:2413> ((  0  ))
17465955503>u /Users/peario/.config/zsh/completions/deno.zsh:2418> ((  0  ))
17465955503>u /Users/peario/.config/zsh/completions/deno.zsh:2423> ((  0  ))
17465955503>u /Users/peario/.config/zsh/completions/deno.zsh:2428> ((  0  ))
17465955503>u /Users/peario/.config/zsh/completions/deno.zsh:2433> ((  0  ))
17465955503>u /Users/peario/.config/zsh/completions/deno.zsh:2438> ((  0  ))
17465955503>u /Users/peario/.config/zsh/completions/deno.zsh:2443> ((  0  ))
17465955503>u /Users/peario/.config/zsh/completions/deno.zsh:2448> ((  0  ))
17465955503>u /Users/peario/.config/zsh/completions/deno.zsh:2453> ((  0  ))
17465955503>u /Users/peario/.config/zsh/completions/deno.zsh:2458> ((  0  ))
17465955503>u /Users/peario/.config/zsh/completions/deno.zsh:2463> ((  0  ))
17465955503>u /Users/peario/.config/zsh/completions/deno.zsh:2468> ((  0  ))
17465955503>u /Users/peario/.config/zsh/completions/deno.zsh:2473> ((  0  ))
17465955503>u /Users/peario/.config/zsh/completions/deno.zsh:2478> ((  0  ))
17465955503>u /Users/peario/.config/zsh/completions/deno.zsh:2483> ((  0  ))
17465955503>u /Users/peario/.config/zsh/completions/deno.zsh:2488> ((  0  ))
17465955503>u /Users/peario/.config/zsh/completions/deno.zsh:2493> ((  0  ))
17465955503>u /Users/peario/.config/zsh/completions/deno.zsh:2498> ((  0  ))
17465955503>u /Users/peario/.config/zsh/completions/deno.zsh:2503> ((  0  ))
17465955503>u /Users/peario/.config/zsh/completions/deno.zsh:2508> ((  0  ))
17465955503>u /Users/peario/.config/zsh/completions/deno.zsh:2513> ((  0  ))
17465955503>u /Users/peario/.config/zsh/completions/deno.zsh:2518> ((  0  ))
17465955503>u /Users/peario/.config/zsh/completions/deno.zsh:2523> ((  0  ))
17465955503>u /Users/peario/.config/zsh/completions/deno.zsh:2528> ((  0  ))
17465955503>u /Users/peario/.config/zsh/completions/deno.zsh:2533> ((  0  ))
17465955503>u /Users/peario/.config/zsh/completions/deno.zsh:2538> ((  0  ))
17465955503>u /Users/peario/.config/zsh/completions/deno.zsh:2543> ((  0  ))
17465955503>u /Users/peario/.config/zsh/completions/deno.zsh:2548> ((  0  ))
17465955503>u /Users/peario/.config/zsh/completions/deno.zsh:2553> ((  0  ))
17465955503>u /Users/peario/.config/zsh/completions/deno.zsh:2558> ((  0  ))
17465955503>u /Users/peario/.config/zsh/completions/deno.zsh:2563> ((  0  ))
17465955503>u /Users/peario/.config/zsh/completions/deno.zsh:2568> ((  0  ))
17465955503>u /Users/peario/.config/zsh/completions/deno.zsh:2573> ((  0  ))
17465955503>u /Users/peario/.config/zsh/completions/deno.zsh:2578> ((  0  ))
17465955503>u /Users/peario/.config/zsh/completions/deno.zsh:2583> ((  0  ))
17465955503>u /Users/peario/.config/zsh/completions/deno.zsh:2588> ((  0  ))
17465955503>u /Users/peario/.config/zsh/completions/deno.zsh:2593> ((  0  ))
17465955503>u /Users/peario/.config/zsh/completions/deno.zsh:2598> ((  0  ))
17465955503>u /Users/peario/.config/zsh/completions/deno.zsh:2603> ((  0  ))
17465955503>u /Users/peario/.config/zsh/completions/deno.zsh:2608> ((  0  ))
17465955503>u /Users/peario/.config/zsh/completions/deno.zsh:2613> ((  0  ))
17465955503>u /Users/peario/.config/zsh/completions/deno.zsh:2618> ((  0  ))
17465955503>u /Users/peario/.config/zsh/completions/deno.zsh:2623> ((  0  ))
17465955503>u /Users/peario/.config/zsh/completions/deno.zsh:2628> ((  0  ))
17465955503>u /Users/peario/.config/zsh/completions/deno.zsh:2633> ((  0  ))
17465955503>u /Users/peario/.config/zsh/completions/deno.zsh:2638> ((  0  ))
17465955503>u /Users/peario/.config/zsh/completions/deno.zsh:2643> ((  0  ))
17465955503>u /Users/peario/.config/zsh/completions/deno.zsh:2648> ((  0  ))
17465955503>u /Users/peario/.config/zsh/completions/deno.zsh:2653> ((  0  ))
17465955503>u /Users/peario/.config/zsh/completions/deno.zsh:2658> ((  0  ))
17465955503>u /Users/peario/.config/zsh/completions/deno.zsh:2664> [ /Users/peario/.config/zsh/completions/deno.zsh '=' _deno ']'
17465955503>u /Users/peario/.config/zsh/completions/deno.zsh:2667> compdef _deno deno
17465955503>u compdef:1> local opt autol type func delete eval new i ret=0 cmd svc
17465955503>u compdef:2> local -a match mbegin mend
17465955503>u compdef:4> emulate -L zsh
17465955503>u compdef:5> setopt extendedglob
17465955503>u compdef:9> ((  ! 2  ))
17465955503>u compdef:14> getopts anpPkKde opt
17465955503>u compdef:38> shift OPTIND-1
17465955503>u compdef:40> ((  ! 2  ))
17465955503>u compdef:45> [[ -z '' ]]
17465955503>u compdef:49> [[ -z '' ]]
17465955503>u compdef:49> [[ _deno = *=* ]]
17465955503>u compdef:79> func=_deno 
17465955503>u compdef:80> [[ -n '' ]]
17465955503>u compdef:81> shift
17465955503>u compdef:83> case  (widgetkey)
17465955503>u compdef:83> case  (key)
17465955503>u compdef:83> case  (*)
17465955503>u compdef:131> ((  1  ))
17465955503>u compdef:132> [[ deno = -N ]]
17465955503>u compdef:134> [[ deno = -p ]]
17465955503>u compdef:136> [[ deno = -P ]]
17465955503>u compdef:139> case  (pattern)
17465955503>u compdef:139> case  (postpattern)
17465955503>u compdef:139> case  (*)
17465955503>u compdef:155> [[ deno = *=* ]]
17465955503>u compdef:159> cmd=deno 
17465955503>u compdef:160> svc='' 
17465955503>u compdef:162> [[ -z '' ]]
17465955503>u compdef:163> _comps[$cmd]=_deno 
17465955503>u compdef:164> [[ -n '' ]]
17465955503>u compdef:169> shift
17465955503>u compdef:131> ((  0  ))
17465955503>u /Users/peario/.config/zsh/tools.zsh:295> [[ -d /Users/peario/.lua ]]
17465955503>u /Users/peario/.config/zsh/tools.zsh:296> export LUA=/Users/peario/.lua
17465955503>u /Users/peario/.config/zsh/tools.zsh:298> source /Users/peario/.lua/.profile
17465955503>u /Users/peario/.lua/.profile:1> export PATH='/Users/peario/.lua/bin:/Users/peario/.local/state/fnm_multishells/17397_1746595550091/bin:/opt/homebrew/opt/llvm@19/bin:/opt/homebrew/bin:/opt/homebrew/sbin:/Users/peario/.nix-profile/bin:/nix/var/nix/profiles/default/bin:/usr/local/bin:/System/Cryptexes/App/usr/bin:/usr/bin:/bin:/usr/sbin:/sbin:/var/run/com.apple.security.cryptexd/codex.system/bootstrap/usr/local/bin:/var/run/com.apple.security.cryptexd/codex.system/bootstrap/usr/bin:/var/run/com.apple.security.cryptexd/codex.system/bootstrap/usr/appleinternal/bin:/Library/Apple/usr/bin:/Library/TeX/texbin:/Users/peario/.lua/bin:/Users/peario/.local/state/fnm_multishells/17273_1746595542416/bin:/opt/homebrew/opt/llvm@19/bin:/Users/peario/.cargo/bin:/Users/peario/.local/share/zinit/plugins/voidint---g:/Users/peario/perl5/bin:/Users/peario/.local/share/zinit/polaris/bin:/Applications/Ghostty.app/Contents/MacOS:/Users/peario/go/bin:/usr/local/go/bin:/Users/peario/.nimble/bin:/Users/peario/.local/bin:/Users/peario/.local/share/fnm:/Users/peario/Library/pnpm:/Users/peario/.bun/bin:/Users/peario/Library/Application Support/JetBrains/Toolbox/scripts:/Users/peario/go/bin:/usr/local/go/bin:/Users/peario/.nimble/bin:/Users/peario/.local/bin:/Users/peario/.local/share/fnm:/Users/peario/.bun/bin'
17465955503>u /Users/peario/.lua/.profile:2> export LDFLAGS=-L/opt/homebrew/opt/libiconv/lib
17465955503>u /Users/peario/.lua/.profile:3> export CPPFLAGS='-I/Users/peario/.lua/include -I/opt/homebrew/opt/libiconv/include'
17465955503>u /Users/peario/.lua/.profile:4> export LUA_CPATH='/Users/peario/.lua/lib/lua/5.1/?.so'
17465955503>u /Users/peario/.lua/.profile:5> export LUA_PATH='/Users/peario/.lua/share/lua/5.1/?.lua'
17465955503>u /Users/peario/.lua/.profile:6> export MANPATH=/Users/peario/.lua/share/man::/usr/share/man:/usr/local/share/man:/Library/TeX/Distributions/.DefaultTeX/Contents/Man:/Users/peario/.lua/share/man:/Applications/Ghostty.app/Contents/Resources/ghostty/../man:
17465955503>u /Users/peario/.config/zsh/tools.zsh:302> [[ -d '/Users/peario/Library/Application Support/JetBrains/Toolbox/scripts/' ]]
17465955503>u /Users/peario/.config/zsh/tools.zsh:303> path+=( '/Users/peario/Library/Application Support/JetBrains/Toolbox/scripts' ) 
17465955503>u /Users/peario/.config/zsh/tools.zsh:306> ((  1  ))
17465955503>u /Users/peario/.config/zsh/tools.zsh:307> macchina
17465955503>u /Users/peario/.config/zsh/tools.zsh:312> ((  1  ))
17465955503>u /Users/peario/.config/zsh/tools.zsh:313> STAR_INIT=/Users/peario/.config/zsh/inits/starship.zsh 
17465955503>u /Users/peario/.config/zsh/tools.zsh:314> STAR_COMP=/Users/peario/.config/zsh/completions/starship.zsh 
17465955503>u /Users/peario/.config/zsh/tools.zsh:316> [[ ! -f /Users/peario/.config/zsh/inits/starship.zsh || -n '/Users/peario/.config/zsh/inits/starship.zsh(#qN.mh+24)' ]]
17465955503>u /Users/peario/.config/zsh/tools.zsh:317> starship init zsh
17465955503>u /Users/peario/.config/zsh/tools.zsh:320> [[ ! -f /Users/peario/.config/zsh/completions/starship.zsh || -n '/Users/peario/.config/zsh/completions/starship.zsh(#qN.mh+24)' ]]
17465955503>u /Users/peario/.config/zsh/tools.zsh:321> starship completions zsh
17465955503>u /Users/peario/.config/zsh/tools.zsh:324> source /Users/peario/.config/zsh/completions/starship.zsh
17465955503>u /Users/peario/.config/zsh/completions/starship.zsh:3> autoload -U is-at-least
17465955503>u /Users/peario/.config/zsh/completions/starship.zsh:271> ((  0  ))
17465955503>u /Users/peario/.config/zsh/completions/starship.zsh:291> ((  0  ))
17465955503>u /Users/peario/.config/zsh/completions/starship.zsh:296> ((  0  ))
17465955503>u /Users/peario/.config/zsh/completions/starship.zsh:301> ((  0  ))
17465955503>u /Users/peario/.config/zsh/completions/starship.zsh:306> ((  0  ))
17465955503>u /Users/peario/.config/zsh/completions/starship.zsh:311> ((  0  ))
17465955503>u /Users/peario/.config/zsh/completions/starship.zsh:331> ((  0  ))
17465955503>u /Users/peario/.config/zsh/completions/starship.zsh:336> ((  0  ))
17465955503>u /Users/peario/.config/zsh/completions/starship.zsh:341> ((  0  ))
17465955503>u /Users/peario/.config/zsh/completions/starship.zsh:346> ((  0  ))
17465955503>u /Users/peario/.config/zsh/completions/starship.zsh:351> ((  0  ))
17465955503>u /Users/peario/.config/zsh/completions/starship.zsh:356> ((  0  ))
17465955503>u /Users/peario/.config/zsh/completions/starship.zsh:361> ((  0  ))
17465955503>u /Users/peario/.config/zsh/completions/starship.zsh:366> ((  0  ))
17465955503>u /Users/peario/.config/zsh/completions/starship.zsh:371> ((  0  ))
17465955503>u /Users/peario/.config/zsh/completions/starship.zsh:376> ((  0  ))
17465955503>u /Users/peario/.config/zsh/completions/starship.zsh:381> ((  0  ))
17465955503>u /Users/peario/.config/zsh/completions/starship.zsh:386> ((  0  ))
17465955503>u /Users/peario/.config/zsh/completions/starship.zsh:391> ((  0  ))
17465955503>u /Users/peario/.config/zsh/completions/starship.zsh:396> ((  0  ))
17465955503>u /Users/peario/.config/zsh/completions/starship.zsh:401> ((  0  ))
17465955503>u /Users/peario/.config/zsh/completions/starship.zsh:406> ((  0  ))
17465955503>u /Users/peario/.config/zsh/completions/starship.zsh:411> ((  0  ))
17465955503>u /Users/peario/.config/zsh/completions/starship.zsh:416> ((  0  ))
17465955503>u /Users/peario/.config/zsh/completions/starship.zsh:421> ((  0  ))
17465955503>u /Users/peario/.config/zsh/completions/starship.zsh:426> ((  0  ))
17465955503>u /Users/peario/.config/zsh/completions/starship.zsh:431> ((  0  ))
17465955503>u /Users/peario/.config/zsh/completions/starship.zsh:436> ((  0  ))
17465955503>u /Users/peario/.config/zsh/completions/starship.zsh:441> ((  0  ))
17465955503>u /Users/peario/.config/zsh/completions/starship.zsh:447> [ /Users/peario/.config/zsh/completions/starship.zsh '=' _starship ']'
17465955503>u /Users/peario/.config/zsh/completions/starship.zsh:450> compdef _starship starship
17465955503>u compdef:1> local opt autol type func delete eval new i ret=0 cmd svc
17465955503>u compdef:2> local -a match mbegin mend
17465955503>u compdef:4> emulate -L zsh
17465955503>u compdef:5> setopt extendedglob
17465955503>u compdef:9> ((  ! 2  ))
17465955503>u compdef:14> getopts anpPkKde opt
17465955503>u compdef:38> shift OPTIND-1
17465955503>u compdef:40> ((  ! 2  ))
17465955503>u compdef:45> [[ -z '' ]]
17465955503>u compdef:49> [[ -z '' ]]
17465955503>u compdef:49> [[ _starship = *=* ]]
17465955503>u compdef:79> func=_starship 
17465955503>u compdef:80> [[ -n '' ]]
17465955503>u compdef:81> shift
17465955503>u compdef:83> case  (widgetkey)
17465955503>u compdef:83> case  (key)
17465955503>u compdef:83> case  (*)
17465955503>u compdef:131> ((  1  ))
17465955503>u compdef:132> [[ starship = -N ]]
17465955503>u compdef:134> [[ starship = -p ]]
17465955503>u compdef:136> [[ starship = -P ]]
17465955503>u compdef:139> case  (pattern)
17465955503>u compdef:139> case  (postpattern)
17465955503>u compdef:139> case  (*)
17465955503>u compdef:155> [[ starship = *=* ]]
17465955503>u compdef:159> cmd=starship 
17465955503>u compdef:160> svc='' 
17465955503>u compdef:162> [[ -z '' ]]
17465955503>u compdef:163> _comps[$cmd]=_starship 
17465955503>u compdef:164> [[ -n '' ]]
17465955503>u compdef:169> shift
17465955503>u compdef:131> ((  0  ))
17465955503>u /Users/peario/.config/zsh/tools.zsh:325> source /Users/peario/.config/zsh/inits/starship.zsh
17465955503>u /Users/peario/.config/zsh/inits/starship.zsh:10> zmodload zsh/parameter
17465955503>u /Users/peario/.config/zsh/inits/starship.zsh:13> [[ 5.9 == ([1-4]*) ]]
17465955503>u /Users/peario/.config/zsh/inits/starship.zsh:19> zmodload zsh/datetime
17465955503>u /Users/peario/.config/zsh/inits/starship.zsh:20> zmodload zsh/mathfunc
17465955503>u /Users/peario/.config/zsh/inits/starship.zsh:56> autoload -Uz add-zsh-hook
17465955503>u /Users/peario/.config/zsh/inits/starship.zsh:57> add-zsh-hook precmd prompt_starship_precmd
17465955503>u add-zsh-hook:15> emulate -L zsh
17465955503>u add-zsh-hook:17> local -a hooktypes
17465955503>u add-zsh-hook:18> hooktypes=( chpwd precmd preexec periodic zshaddhistory zshexit zsh_directory_name ) 
17465955503>u add-zsh-hook:22> local usage='Usage: add-zsh-hook hook function\nValid hooks are:\n  chpwd precmd preexec periodic zshaddhistory zshexit zsh_directory_name'
17465955503>u add-zsh-hook:24> local opt
17465955503>u add-zsh-hook:25> local -a autoopts
17465955503>u add-zsh-hook:26> integer del list help
17465955503>u add-zsh-hook:28> getopts dDhLUzk opt
17465955503>u add-zsh-hook:55> shift 0
17465955503>u add-zsh-hook:57> ((  list  ))
17465955503>u add-zsh-hook:60> ((  help || 2 != 2 || 2 == 0  ))
17465955503>u add-zsh-hook:65> local hook=precmd_functions
17465955503>u add-zsh-hook:66> local fn=prompt_starship_precmd
17465955503>u add-zsh-hook:68> ((  del  ))
17465955503>u add-zsh-hook:83> ((  1  ))
17465955503>u add-zsh-hook:84> ((  0 == 0  ))
17465955503>u add-zsh-hook:85> typeset -ga precmd_functions
17465955503>u add-zsh-hook:86> set -A precmd_functions @zinit-scheduler prompt_starship_precmd
17465955503>u add-zsh-hook:92> autoload -- prompt_starship_precmd
17465955503>u /Users/peario/.config/zsh/inits/starship.zsh:58> add-zsh-hook preexec prompt_starship_preexec
17465955503>u add-zsh-hook:15> emulate -L zsh
17465955503>u add-zsh-hook:17> local -a hooktypes
17465955503>u add-zsh-hook:18> hooktypes=( chpwd precmd preexec periodic zshaddhistory zshexit zsh_directory_name ) 
17465955503>u add-zsh-hook:22> local usage='Usage: add-zsh-hook hook function\nValid hooks are:\n  chpwd precmd preexec periodic zshaddhistory zshexit zsh_directory_name'
17465955503>u add-zsh-hook:24> local opt
17465955503>u add-zsh-hook:25> local -a autoopts
17465955503>u add-zsh-hook:26> integer del list help
17465955503>u add-zsh-hook:28> getopts dDhLUzk opt
17465955503>u add-zsh-hook:55> shift 0
17465955503>u add-zsh-hook:57> ((  list  ))
17465955503>u add-zsh-hook:60> ((  help || 2 != 2 || 3 == 0  ))
17465955503>u add-zsh-hook:65> local hook=preexec_functions
17465955503>u add-zsh-hook:66> local fn=prompt_starship_preexec
17465955503>u add-zsh-hook:68> ((  del  ))
17465955503>u add-zsh-hook:83> ((  0  ))
17465955503>u add-zsh-hook:89> typeset -ga preexec_functions
17465955503>u add-zsh-hook:90> set -A preexec_functions prompt_starship_preexec
17465955503>u add-zsh-hook:92> autoload -- prompt_starship_preexec
17465955503>u /Users/peario/.config/zsh/inits/starship.zsh:67> __starship_preserved_zle_keymap_select='' 
17465955503>u /Users/peario/.config/zsh/inits/starship.zsh:68> [[ -z '' ]]
17465955503>u /Users/peario/.config/zsh/inits/starship.zsh:69> zle -N zle-keymap-select starship_zle-keymap-select
17465955503>u /Users/peario/.config/zsh/inits/starship.zsh:79> export STARSHIP_SHELL=zsh
17465955503>u /Users/peario/.config/zsh/inits/starship.zsh:82> STARSHIP_SESSION_KEY=4901130477521318125934 
17465955503>u /Users/peario/.config/zsh/inits/starship.zsh:83> STARSHIP_SESSION_KEY=49011304775213181259340000000000000000 
17465955503>u /Users/peario/.config/zsh/inits/starship.zsh:84> export STARSHIP_SESSION_KEY=4901130477521318
17465955503>u /Users/peario/.config/zsh/inits/starship.zsh:86> VIRTUAL_ENV_DISABLE_PROMPT=1 
17465955503>u /Users/peario/.config/zsh/inits/starship.zsh:88> setopt promptsubst
17465955503>u /Users/peario/.config/zsh/inits/starship.zsh:90> PROMPT='$(/Users/peario/.cargo/bin/starship prompt --terminal-width="$COLUMNS" --keymap="${KEYMAP:-}" --status="$STARSHIP_CMD_STATUS" --pipestatus="${STARSHIP_PIPE_STATUS[*]}" --cmd-duration="${STARSHIP_DURATION:-}" --jobs="$STARSHIP_JOBS_COUNT")' 
17465955503>u /Users/peario/.config/zsh/inits/starship.zsh:91> RPROMPT='$(/Users/peario/.cargo/bin/starship prompt --right --terminal-width="$COLUMNS" --keymap="${KEYMAP:-}" --status="$STARSHIP_CMD_STATUS" --pipestatus="${STARSHIP_PIPE_STATUS[*]}" --cmd-duration="${STARSHIP_DURATION:-}" --jobs="$STARSHIP_JOBS_COUNT")' 
17465955503>u /Users/peario/.config/zsh/inits/starship.zsh:92> PROMPT2=17465955503>u /Users/peario/.config/zsh/inits/starship.zsh:92> /Users/peario/.cargo/bin/starship prompt --continuation
17465955503>u /Users/peario/.config/zsh/inits/starship.zsh:92> PROMPT2=$'%{\C-[[90m%}∙%{\C-[[0m%} ' 
17465955503>u /Users/peario/.config/zsh/.zshrc:97> [[ -s /Users/peario/.config/zsh/alias.zsh ]]
17465955503>u /Users/peario/.config/zsh/.zshrc:97> source /Users/peario/.config/zsh/alias.zsh
17465955503>u /Users/peario/.config/zsh/alias.zsh:6> ((  1  ))
17465955503>u /Users/peario/.config/zsh/alias.zsh:7> alias 'lg=lazygit'
17465955503>u /Users/peario/.config/zsh/alias.zsh:11> ((  1  ))
17465955503>u /Users/peario/.config/zsh/alias.zsh:12> alias 'ga=git add'
17465955503>u /Users/peario/.config/zsh/alias.zsh:13> alias 'gs=git status'
17465955503>u /Users/peario/.config/zsh/alias.zsh:17> alias '...=cd ../..'
17465955503>u /Users/peario/.config/zsh/alias.zsh:18> alias '....=cd ../../..'
17465955503>u /Users/peario/.config/zsh/alias.zsh:19> alias '.....=cd ../../../..'
17465955503>u /Users/peario/.config/zsh/alias.zsh:21> ((  1  ))
17465955503>u /Users/peario/.config/zsh/alias.zsh:22> extra_opts='--group-directories-first --git --color=always --icons=always' 
17465955503>u /Users/peario/.config/zsh/alias.zsh:23> alias 'ls=eza -a --group-directories-first --git --color=always --icons=always'
17465955503>u /Users/peario/.config/zsh/alias.zsh:24> alias 'll=eza -l --group-directories-first --git --color=always --icons=always'
17465955503>u /Users/peario/.config/zsh/alias.zsh:25> alias 'la=eza -la --group-directories-first --git --color=always --icons=always'
17465955503>u /Users/peario/.config/zsh/alias.zsh:26> alias 'lt=eza -a --tree --git-ignore --group-directories-first --git --color=always --icons=always'
17465955503>u /Users/peario/.config/zsh/alias.zsh:27> alias 'li=eza -la --git-ignore --group-directories-first --git --color=always --icons=always'
17465955503>u /Users/peario/.config/zsh/.zshrc:100> [[ true == true ]]
17465955503>u /Users/peario/.config/zsh/.zshrc:101> unsetopt xtrace
